path,type,family,bytes,sha256,status,reason,licence_declared,licence_confirmation,licence_evidence
addons/asset_manager/core/asset_types.gd,other,addons/asset_manager,3208,ce2387ed9a5c125b6b981973b72dd775ad52bb293e4915ec71fd138c3d40e653,tooling,Editor/development tooling; keep separate from race assets.,See source-specific notices,Historical owner CC0 statement retained; imported metadata and scoped notices recorded separately.,addons/asset_manager/LICENSE
addons/asset_manager/core/config.gd,other,addons/asset_manager,960,c7863ec6003543a0d3538b042add117340e01099ab82833afeeb480df93e3aa9,tooling,Editor/development tooling; keep separate from race assets.,See source-specific notices,Historical owner CC0 statement retained; imported metadata and scoped notices recorded separately.,addons/asset_manager/LICENSE
addons/asset_manager/core/database.gd,other,addons/asset_manager,4006,69495ec6a62432f14625e4167ecbfaa90567b574b83200c3bc9be51dc96d0972,tooling,Editor/development tooling; keep separate from race assets.,See source-specific notices,Historical owner CC0 statement retained; imported metadata and scoped notices recorded separately.,addons/asset_manager/LICENSE
addons/asset_manager/core/loaders/obj_mesh_loader.gd,other,addons/asset_manager,4177,1b4ce34a4e683d1a573ae96e41ebf38f637e030bc1ab325d4fa6f4c79fb616fe,tooling,Editor/development tooling; keep separate from race assets.,See source-specific notices,Historical owner CC0 statement retained; imported metadata and scoped notices recorded separately.,addons/asset_manager/LICENSE
addons/asset_manager/core/loaders/tres_material_loader.gd,other,addons/asset_manager,2683,75e440fab7ace3a7d0e367c4c04eeeafa53b73998f7c3067300b2e59b5cb52fb,tooling,Editor/development tooling; keep separate from race assets.,See source-specific notices,Historical owner CC0 statement retained; imported metadata and scoped notices recorded separately.,addons/asset_manager/LICENSE
addons/asset_manager/core/loaders/tscn_loader.gd,other,addons/asset_manager,25629,5632324ee9dbd4feb6497b3a0beef8d1b4c20d8d8ad4950e2eca07788dc92da9,tooling,Editor/development tooling; keep separate from race assets.,See source-specific notices,Historical owner CC0 statement retained; imported metadata and scoped notices recorded separately.,addons/asset_manager/LICENSE
addons/asset_manager/core/pipeline/add.gd,other,addons/asset_manager,5994,1075d8a7dca19a9d56367f0f5f6ae04a2c0cbf5fa45ea66d08dabfd6d3786705,tooling,Editor/development tooling; keep separate from race assets.,See source-specific notices,Historical owner CC0 statement retained; imported metadata and scoped notices recorded separately.,addons/asset_manager/LICENSE
addons/asset_manager/core/pipeline/export.gd,other,addons/asset_manager,3698,355e985daed90271de997c8f993627faf5225aad6d9a4c110a49b2b5e6fef384,tooling,Editor/development tooling; keep separate from race assets.,See source-specific notices,Historical owner CC0 statement retained; imported metadata and scoped notices recorded separately.,addons/asset_manager/LICENSE
addons/asset_manager/core/pipeline/import.gd,other,addons/asset_manager,3892,488ccba4935d110d829d6be036e24720e5d4531bda464ddb02bdfce7df242984,tooling,Editor/development tooling; keep separate from race assets.,See source-specific notices,Historical owner CC0 statement retained; imported metadata and scoped notices recorded separately.,addons/asset_manager/LICENSE
addons/asset_manager/core/pipeline/ingest.gd,other,addons/asset_manager,3423,d44f4f90d25babb6cd1f06e6f348f7566dfc9a04b9a078ea7cf8290997ae3a5b,tooling,Editor/development tooling; keep separate from race assets.,See source-specific notices,Historical owner CC0 statement retained; imported metadata and scoped notices recorded separately.,addons/asset_manager/LICENSE
addons/asset_manager/core/pipeline/thumbnails/animator.gd,other,addons/asset_manager,2241,bc224caf370874d8e28f79511c76eff61c49f4f8080873abddf573a0de92f719,tooling,Editor/development tooling; keep separate from race assets.,See source-specific notices,Historical owner CC0 statement retained; imported metadata and scoped notices recorded separately.,addons/asset_manager/LICENSE
addons/asset_manager/core/pipeline/thumbnails/cache.gd,other,addons/asset_manager,5288,2819d84396fdfd4e0970ea3a011b261ffc8d1ca91001509cc07d8b59a069dae9,tooling,Editor/development tooling; keep separate from race assets.,See source-specific notices,Historical owner CC0 statement retained; imported metadata and scoped notices recorded separately.,addons/asset_manager/LICENSE
addons/asset_manager/core/pipeline/thumbnails/stage.gd,other,addons/asset_manager,11744,2f79ea8762f3176669159dc777626e59eb3e33c0cd0fa30c0c7d1bf11ffd5560,tooling,Editor/development tooling; keep separate from race assets.,See source-specific notices,Historical owner CC0 statement retained; imported metadata and scoped notices recorded separately.,addons/asset_manager/LICENSE
addons/asset_manager/core/pipeline/thumbnails/viewport.gd,other,addons/asset_manager,23814,75838a0cd4b5a565d920bb7aeba9c0e550bb4d8dffdf9cc53d5e166a0aea929a,tooling,Editor/development tooling; keep separate from race assets.,See source-specific notices,Historical owner CC0 statement retained; imported metadata and scoped notices recorded separately.,addons/asset_manager/LICENSE
addons/asset_manager/core/settings.gd,other,addons/asset_manager,5681,1dcf8bdc56fd4f03fa6702ce00e21d201ce6057321601e179aed58d187e50bed,tooling,Editor/development tooling; keep separate from race assets.,See source-specific notices,Historical owner CC0 statement retained; imported metadata and scoped notices recorded separately.,addons/asset_manager/LICENSE
addons/asset_manager/core/shared/archive_manifest.gd,other,addons/asset_manager,6960,647414cfe220da0488425cd66310794da1fda222b4d6531758a1152149904d65,tooling,Editor/development tooling; keep separate from race assets.,See source-specific notices,Historical owner CC0 statement retained; imported metadata and scoped notices recorded separately.,addons/asset_manager/LICENSE
addons/asset_manager/core/shared/binary_resource.gd,other,addons/asset_manager,11930,d9ac6b3d4ae32a195f1b5e9f95afc3e51d4cc8fa0634c8c6656f9f475afaf357,tooling,Editor/development tooling; keep separate from race assets.,See source-specific notices,Historical owner CC0 statement retained; imported metadata and scoped notices recorded separately.,addons/asset_manager/LICENSE
addons/asset_manager/core/shared/dependency_walker.gd,other,addons/asset_manager,17552,7cc918f9c260c33d2f1b34468c8b7b4f838b56c1f9b1e2ab8c6cfdd05e12c7a4,tooling,Editor/development tooling; keep separate from race assets.,See source-specific notices,Historical owner CC0 statement retained; imported metadata and scoped notices recorded separately.,addons/asset_manager/LICENSE
addons/asset_manager/core/shared/pack_paths.gd,other,addons/asset_manager,4996,49175ed7c42785cad0d9263aa4fabe918744d9de5ec66c45e0ccf838fce38551,tooling,Editor/development tooling; keep separate from race assets.,See source-specific notices,Historical owner CC0 statement retained; imported metadata and scoped notices recorded separately.,addons/asset_manager/LICENSE
addons/asset_manager/core/shared/resource_header.gd,other,addons/asset_manager,544,93f7c3b17fd7bac3240a0b547b8f96fb307ac8b38d25a5761de98b033ed7ae37,tooling,Editor/development tooling; keep separate from race assets.,See source-specific notices,Historical owner CC0 statement retained; imported metadata and scoped notices recorded separately.,addons/asset_manager/LICENSE
addons/asset_manager/core/shared/resource_uid_text.gd,other,addons/asset_manager,763,6cca404680ec688ec32bd0f95a621ba8d3d14ad10f779fdff5fb47c06dd15c3c,tooling,Editor/development tooling; keep separate from race assets.,See source-specific notices,Historical owner CC0 statement retained; imported metadata and scoped notices recorded separately.,addons/asset_manager/LICENSE
addons/asset_manager/core/shared/vendor_prefixes.gd,other,addons/asset_manager,2539,d2bd467e49b829c8e5436077098da253b82bb20ebfc04811e7918621ae4d4606,tooling,Editor/development tooling; keep separate from race assets.,See source-specific notices,Historical owner CC0 statement retained; imported metadata and scoped notices recorded separately.,addons/asset_manager/LICENSE
addons/asset_manager/core/types/audio/coverart.gd,other,addons/asset_manager,2930,4206291b83281c07e0e906129eb58a4e5aba70cc3f889de23f3f2629c50ad926,tooling,Editor/development tooling; keep separate from race assets.,See source-specific notices,Historical owner CC0 statement retained; imported metadata and scoped notices recorded separately.,addons/asset_manager/LICENSE
addons/asset_manager/core/types/audio/thumb.gd,other,addons/asset_manager,2767,f07c6e37fc83b77b8d7eb070e172e5b1fc0b71ef68118311d0946e7cd1d37797,tooling,Editor/development tooling; keep separate from race assets.,See source-specific notices,Historical owner CC0 statement retained; imported metadata and scoped notices recorded separately.,addons/asset_manager/LICENSE
addons/asset_manager/core/types/audio/waveform.gd,other,addons/asset_manager,5525,f3c0d0534b1a858f6da70226094e50e2eb38d63dcf841b698e7761a8cd8d1b28,tooling,Editor/development tooling; keep separate from race assets.,See source-specific notices,Historical owner CC0 statement retained; imported metadata and scoped notices recorded separately.,addons/asset_manager/LICENSE
addons/asset_manager/core/types/default/export.gd,other,addons/asset_manager,644,8c3a5004430d9b160ef4de49d7fcb52806cd9ea86319424a23e453e6096426d4,tooling,Editor/development tooling; keep separate from race assets.,See source-specific notices,Historical owner CC0 statement retained; imported metadata and scoped notices recorded separately.,addons/asset_manager/LICENSE
addons/asset_manager/core/types/default/import.gd,other,addons/asset_manager,3795,829f2b14b4c6bb9165e09d67f6e6d058e2f8568add16e944f66a22ec7819f80e,tooling,Editor/development tooling; keep separate from race assets.,See source-specific notices,Historical owner CC0 statement retained; imported metadata and scoped notices recorded separately.,addons/asset_manager/LICENSE
addons/asset_manager/core/types/effects/export.gd,other,addons/asset_manager,993,6124596ca76f3e05eae1ea6071cce9fb247ffc9d7f10db17569bd9c30deaabe9,tooling,Editor/development tooling; keep separate from race assets.,See source-specific notices,Historical owner CC0 statement retained; imported metadata and scoped notices recorded separately.,addons/asset_manager/LICENSE
addons/asset_manager/core/types/effects/thumb.gd,other,addons/asset_manager,7542,e0eb9f25e7ade3c0652a8d9a4376c0fbb41cee55c2b702b22e9ee998600f48e1,tooling,Editor/development tooling; keep separate from race assets.,See source-specific notices,Historical owner CC0 statement retained; imported metadata and scoped notices recorded separately.,addons/asset_manager/LICENSE
addons/asset_manager/core/types/hdris/export.gd,other,addons/asset_manager,2756,c712ecafcf2cedf80f0c74658bf39f75597afd1a6118096d74170f9b90cda2ba,tooling,Editor/development tooling; keep separate from race assets.,See source-specific notices,Historical owner CC0 statement retained; imported metadata and scoped notices recorded separately.,addons/asset_manager/LICENSE
addons/asset_manager/core/types/hdris/thumb.gd,other,addons/asset_manager,1220,f4e9474789d499392b6ab840e9c9fb91d16387ac89f5b87f1263cdf343010f34,tooling,Editor/development tooling; keep separate from race assets.,See source-specific notices,Historical owner CC0 statement retained; imported metadata and scoped notices recorded separately.,addons/asset_manager/LICENSE
addons/asset_manager/core/types/images/thumb.gd,other,addons/asset_manager,371,374172584434dcb9254c7beaddc9a259ff66731a5b8c7748a46c6144d0cb3b16,tooling,Editor/development tooling; keep separate from race assets.,See source-specific notices,Historical owner CC0 statement retained; imported metadata and scoped notices recorded separately.,addons/asset_manager/LICENSE
addons/asset_manager/core/types/materials/classifier.gd,other,addons/asset_manager,8245,d40d9618b6421f90392d6354346ee8e335ef47d18346e06274e8c58ff6056c27,tooling,Editor/development tooling; keep separate from race assets.,See source-specific notices,Historical owner CC0 statement retained; imported metadata and scoped notices recorded separately.,addons/asset_manager/LICENSE
addons/asset_manager/core/types/materials/export.gd,other,addons/asset_manager,1325,943ebbdbb99e94975eaea83fc634d84f024f982f867142dd6d935e3e3beab89b,tooling,Editor/development tooling; keep separate from race assets.,See source-specific notices,Historical owner CC0 statement retained; imported metadata and scoped notices recorded separately.,addons/asset_manager/LICENSE
addons/asset_manager/core/types/materials/import.gd,other,addons/asset_manager,7805,45f41ce230a37a11b0860e7aa6f4dd00153555670a713a4d9d807f744fd706db,tooling,Editor/development tooling; keep separate from race assets.,See source-specific notices,Historical owner CC0 statement retained; imported metadata and scoped notices recorded separately.,addons/asset_manager/LICENSE
addons/asset_manager/core/types/materials/thumb.gd,other,addons/asset_manager,4268,cff7dad5ecb980b68bc3c201f5b1f621a2e93b7af370f542597e1b8558190602,tooling,Editor/development tooling; keep separate from race assets.,See source-specific notices,Historical owner CC0 statement retained; imported metadata and scoped notices recorded separately.,addons/asset_manager/LICENSE
addons/asset_manager/core/types/models/export.gd,other,addons/asset_manager,3175,a6a404cd7679a0e0dea2e250b48d99a3941978ec81415b1c3265ac6f13cdd937,tooling,Editor/development tooling; keep separate from race assets.,See source-specific notices,Historical owner CC0 statement retained; imported metadata and scoped notices recorded separately.,addons/asset_manager/LICENSE
addons/asset_manager/core/types/models/thumb.gd,other,addons/asset_manager,3204,02c97f5a2a4c32eac2906d35911025f48d7860eb54ce55afe1b60b2afac72e40,tooling,Editor/development tooling; keep separate from race assets.,See source-specific notices,Historical owner CC0 statement retained; imported metadata and scoped notices recorded separately.,addons/asset_manager/LICENSE
addons/asset_manager/core/types/scenes/export.gd,other,addons/asset_manager,481,aeb7a046bf9ac711628a60540f6055e10f28bc3296faf96466e9ac659db040d0,tooling,Editor/development tooling; keep separate from race assets.,See source-specific notices,Historical owner CC0 statement retained; imported metadata and scoped notices recorded separately.,addons/asset_manager/LICENSE
addons/asset_manager/core/types/scenes/thumb.gd,other,addons/asset_manager,1669,2637a555a73f888f71699cd8aed3525a52e65998250ab49a4a224ab1f0d16761,tooling,Editor/development tooling; keep separate from race assets.,See source-specific notices,Historical owner CC0 statement retained; imported metadata and scoped notices recorded separately.,addons/asset_manager/LICENSE
addons/asset_manager/core/types/shaders/export.gd,other,addons/asset_manager,7194,5faeadf41db261b4a1d6a9b2288e95d5d9b7b690fbc7c9139704d0c226de993b,tooling,Editor/development tooling; keep separate from race assets.,See source-specific notices,Historical owner CC0 statement retained; imported metadata and scoped notices recorded separately.,addons/asset_manager/LICENSE
addons/asset_manager/core/types/shaders/thumb.gd,other,addons/asset_manager,5393,995418a30c54475c3cd91ec188b5421a5257043bf53c795cfa9a0118949a5a0e,tooling,Editor/development tooling; keep separate from race assets.,See source-specific notices,Historical owner CC0 statement retained; imported metadata and scoped notices recorded separately.,addons/asset_manager/LICENSE
addons/asset_manager/core/types/themes/export.gd,other,addons/asset_manager,547,3363f511720967f306718198e2ed8cd65f6bc309e3d849c7f56751a308a5f96a,tooling,Editor/development tooling; keep separate from race assets.,See source-specific notices,Historical owner CC0 statement retained; imported metadata and scoped notices recorded separately.,addons/asset_manager/LICENSE
addons/asset_manager/core/types/themes/thumb.gd,other,addons/asset_manager,1310,7a9886505b7f42f757949a4d89b1552bf06684e2810870ee4b995f5d4ac3294d,tooling,Editor/development tooling; keep separate from race assets.,See source-specific notices,Historical owner CC0 statement retained; imported metadata and scoped notices recorded separately.,addons/asset_manager/LICENSE
addons/asset_manager/core/types/videos/thumb.gd,other,addons/asset_manager,1957,7336b2f9ef268575f3b1ee3686a2fb56972e78462633e171eed09d829bacf1dd,tooling,Editor/development tooling; keep separate from race assets.,See source-specific notices,Historical owner CC0 statement retained; imported metadata and scoped notices recorded separately.,addons/asset_manager/LICENSE
addons/asset_manager/LICENSE,other,addons/asset_manager,34845,7679896a3f270685720de2a10333bf32bce8893d3d827a71cbb35dfa636356df,tooling,Editor/development tooling; keep separate from race assets.,See source-specific notices,Historical owner CC0 statement retained; imported metadata and scoped notices recorded separately.,addons/asset_manager/LICENSE
addons/asset_manager/plugin.cfg,other,addons/asset_manager,177,ec3c586e2b14350fa55662965405aee4506ca6861fc398eaf0477e661243d082,tooling,Editor/development tooling; keep separate from race assets.,See source-specific notices,Historical owner CC0 statement retained; imported metadata and scoped notices recorded separately.,addons/asset_manager/LICENSE
addons/asset_manager/plugin.gd,other,addons/asset_manager,1421,67471b51ee0db6e45e96cff85713567b6e333a78b691c1627e2baf1504f64fef,tooling,Editor/development tooling; keep separate from race assets.,See source-specific notices,Historical owner CC0 statement retained; imported metadata and scoped notices recorded separately.,addons/asset_manager/LICENSE
addons/asset_manager/ui/add_dialog/add_dialog.gd,other,addons/asset_manager,10456,71bc349dde46072b76048ac815947b82035390ce9d329b2c17b12fee5fac495a,tooling,Editor/development tooling; keep separate from race assets.,See source-specific notices,Historical owner CC0 statement retained; imported metadata and scoped notices recorded separately.,addons/asset_manager/LICENSE
addons/asset_manager/ui/add_dialog/add_dialog.tscn,scenes,addons/asset_manager,3335,2821f998fba7ecd98cf879123cc244c4a55034a1b12e91ae44a7ae52b49dc2b0,tooling,Editor/development tooling; keep separate from race assets.,See source-specific notices,Historical owner CC0 statement retained; imported metadata and scoped notices recorded separately.,addons/asset_manager/LICENSE
addons/asset_manager/ui/context_menu/context_menu.gd,other,addons/asset_manager,3499,35b465ab767b8960baf1e692a3b2a91a16e306b3eda07f12fb6f34f50b0ba835,tooling,Editor/development tooling; keep separate from race assets.,See source-specific notices,Historical owner CC0 statement retained; imported metadata and scoped notices recorded separately.,addons/asset_manager/LICENSE
addons/asset_manager/ui/grid/grid.gd,other,addons/asset_manager,14361,f1cce558a5ac02f314fc203e1ada87ac13369888d990d1f885cfc82d8952c6f3,tooling,Editor/development tooling; keep separate from race assets.,See source-specific notices,Historical owner CC0 statement retained; imported metadata and scoped notices recorded separately.,addons/asset_manager/LICENSE
addons/asset_manager/ui/grid/grid.tscn,scenes,addons/asset_manager,2283,c330b777ecb673436555f7ae5a63aedc4b26faf546a1f046fb07dd2a9be57825,tooling,Editor/development tooling; keep separate from race assets.,See source-specific notices,Historical owner CC0 statement retained; imported metadata and scoped notices recorded separately.,addons/asset_manager/LICENSE
addons/asset_manager/ui/grid/subbar/subbar.gd,other,addons/asset_manager,4702,4226fcef9add9da0bd43b0873a88b2d700c0abd6a7419c369badbb22b15e09e3,tooling,Editor/development tooling; keep separate from race assets.,See source-specific notices,Historical owner CC0 statement retained; imported metadata and scoped notices recorded separately.,addons/asset_manager/LICENSE
addons/asset_manager/ui/grid/subbar/subbar.tscn,scenes,addons/asset_manager,2032,070f3af507f76288a45ad51467c89a47f536bb4fa5de71346dcdc2f4f9f62350,tooling,Editor/development tooling; keep separate from race assets.,See source-specific notices,Historical owner CC0 statement retained; imported metadata and scoped notices recorded separately.,addons/asset_manager/LICENSE
addons/asset_manager/ui/import_progress/import_progress.gd,other,addons/asset_manager,4895,c4ffdcac9e8ee8e3676b56cb5900b83139d0390ad5dad79a434f76e48d1476d0,tooling,Editor/development tooling; keep separate from race assets.,See source-specific notices,Historical owner CC0 statement retained; imported metadata and scoped notices recorded separately.,addons/asset_manager/LICENSE
addons/asset_manager/ui/import_progress/import_progress.tscn,scenes,addons/asset_manager,2062,48fc70629b8db6e0b7b28419e7531722a856f0f857e128fa2c71835d66b110a0,tooling,Editor/development tooling; keep separate from race assets.,See source-specific notices,Historical owner CC0 statement retained; imported metadata and scoped notices recorded separately.,addons/asset_manager/LICENSE
addons/asset_manager/ui/ingest_dialog/ingest_dialog.gd,other,addons/asset_manager,3155,e0573ee295b7ae98052058992c343a115f99a05e21fc36ae619273dfaa502a96,tooling,Editor/development tooling; keep separate from race assets.,See source-specific notices,Historical owner CC0 statement retained; imported metadata and scoped notices recorded separately.,addons/asset_manager/LICENSE
addons/asset_manager/ui/ingest_dialog/ingest_dialog.tscn,scenes,addons/asset_manager,1120,7bc14518be3c0c057e6ec71a98970544bb74363541c1311e4d9f9558db44f1c1,tooling,Editor/development tooling; keep separate from race assets.,See source-specific notices,Historical owner CC0 statement retained; imported metadata and scoped notices recorded separately.,addons/asset_manager/LICENSE
addons/asset_manager/ui/main_screen/main_screen.gd,other,addons/asset_manager,16589,c8d51dc6f13b3830610020efd10a069e15178bd4a0de740bbfb877e1213142c8,tooling,Editor/development tooling; keep separate from race assets.,See source-specific notices,Historical owner CC0 statement retained; imported metadata and scoped notices recorded separately.,addons/asset_manager/LICENSE
addons/asset_manager/ui/main_screen/main_screen.tscn,scenes,addons/asset_manager,4373,12b492a149efde9637ce10b7cd676b15903c836c05b162c9cd270ffc4e44ae33,tooling,Editor/development tooling; keep separate from race assets.,See source-specific notices,Historical owner CC0 statement retained; imported metadata and scoped notices recorded separately.,addons/asset_manager/LICENSE
addons/asset_manager/ui/preview_panel/preview_panel.gd,other,addons/asset_manager,9650,f59565409cb72a0ae673dd996a14ee7a35a1dfd289efefb86a326b72a50f1654,tooling,Editor/development tooling; keep separate from race assets.,See source-specific notices,Historical owner CC0 statement retained; imported metadata and scoped notices recorded separately.,addons/asset_manager/LICENSE
addons/asset_manager/ui/preview_panel/preview_panel.tscn,scenes,addons/asset_manager,3034,e05cef47ab0b1b86893867d4db3814235aa36bcf2994ed2abcd35b70397ad007,tooling,Editor/development tooling; keep separate from race assets.,See source-specific notices,Historical owner CC0 statement retained; imported metadata and scoped notices recorded separately.,addons/asset_manager/LICENSE
addons/asset_manager/ui/preview_panel/shared/orbit_camera.gd,other,addons/asset_manager,4899,3a6421c1391232747e2e1344943e6a9901703d2ec535d8fdf652da856670043a,tooling,Editor/development tooling; keep separate from race assets.,See source-specific notices,Historical owner CC0 statement retained; imported metadata and scoped notices recorded separately.,addons/asset_manager/LICENSE
addons/asset_manager/ui/preview_panel/shared/preview_theme.gd,other,addons/asset_manager,1102,1cb591a3be58baaacf9e76a30875dc1790ff38c4d0959ead31de1bc70c410458,tooling,Editor/development tooling; keep separate from race assets.,See source-specific notices,Historical owner CC0 statement retained; imported metadata and scoped notices recorded separately.,addons/asset_manager/LICENSE
addons/asset_manager/ui/preview_panel/shared/reference_grid.gd,other,addons/asset_manager,1613,34f0e8042bd44d707b6e8d38d441a15cb8826b14820914da831fb1d27b534c02,tooling,Editor/development tooling; keep separate from race assets.,See source-specific notices,Historical owner CC0 statement retained; imported metadata and scoped notices recorded separately.,addons/asset_manager/LICENSE
addons/asset_manager/ui/preview_panel/tag_editor/tag_editor.gd,other,addons/asset_manager,9835,07b6c2957b920565e758d8c0f8403f8ba6edf6d93a2cad3115a8fb75132e16cc,tooling,Editor/development tooling; keep separate from race assets.,See source-specific notices,Historical owner CC0 statement retained; imported metadata and scoped notices recorded separately.,addons/asset_manager/LICENSE
addons/asset_manager/ui/preview_panel/tag_editor/tag_editor.tscn,scenes,addons/asset_manager,1899,ce3750e5505beb11718469b5706d8f560b9a9a8bf8f51c7e7c920fe88cdb263f,tooling,Editor/development tooling; keep separate from race assets.,See source-specific notices,Historical owner CC0 statement retained; imported metadata and scoped notices recorded separately.,addons/asset_manager/LICENSE
addons/asset_manager/ui/preview_panel/types/audio/audio.gd,other,addons/asset_manager,14297,0b1782de0282739ef4b5120fe49593b3c55c76631e60c3a3c7c0d23d98689c13,tooling,Editor/development tooling; keep separate from race assets.,See source-specific notices,Historical owner CC0 statement retained; imported metadata and scoped notices recorded separately.,addons/asset_manager/LICENSE
addons/asset_manager/ui/preview_panel/types/audio/audio.tscn,scenes,addons/asset_manager,6562,a0b25540055e9ac0bd76a5694f0e8bc861c7affac8a428c1be32987300bf7d4a,tooling,Editor/development tooling; keep separate from race assets.,See source-specific notices,Historical owner CC0 statement retained; imported metadata and scoped notices recorded separately.,addons/asset_manager/LICENSE
addons/asset_manager/ui/preview_panel/types/effects/effects.gd,other,addons/asset_manager,12404,4fba3b5ee906bc96e4cf50912436170c74cd20cce846ea95f96f4448e2d8cecb,tooling,Editor/development tooling; keep separate from race assets.,See source-specific notices,Historical owner CC0 statement retained; imported metadata and scoped notices recorded separately.,addons/asset_manager/LICENSE
addons/asset_manager/ui/preview_panel/types/effects/effects.tscn,scenes,addons/asset_manager,2982,b745001ca8e631ed67f20f19e2252313d78630554db474a5ea6c4c3a64cc3cbe,tooling,Editor/development tooling; keep separate from race assets.,See source-specific notices,Historical owner CC0 statement retained; imported metadata and scoped notices recorded separately.,addons/asset_manager/LICENSE
addons/asset_manager/ui/preview_panel/types/hdris/hdris.gd,other,addons/asset_manager,5083,6a4e9b1ee92b4854c9b640d7d83db63df36c3ba9fa198eaa921c71fa1f2b8888,tooling,Editor/development tooling; keep separate from race assets.,See source-specific notices,Historical owner CC0 statement retained; imported metadata and scoped notices recorded separately.,addons/asset_manager/LICENSE
addons/asset_manager/ui/preview_panel/types/hdris/hdris.tscn,scenes,addons/asset_manager,1923,accaba08cb777abbe5951091bd4022fa5ae3299de5b9979311f39e9d4e13a40e,tooling,Editor/development tooling; keep separate from race assets.,See source-specific notices,Historical owner CC0 statement retained; imported metadata and scoped notices recorded separately.,addons/asset_manager/LICENSE
addons/asset_manager/ui/preview_panel/types/images/images.gd,other,addons/asset_manager,3832,884c3b7b4987bbb39b7e31143be01aae2d067d116f7a3a2b3bcd9c18ac8ecc7b,tooling,Editor/development tooling; keep separate from race assets.,See source-specific notices,Historical owner CC0 statement retained; imported metadata and scoped notices recorded separately.,addons/asset_manager/LICENSE
addons/asset_manager/ui/preview_panel/types/images/images.tscn,scenes,addons/asset_manager,1254,c1be46857be20aa8cf2b7a5fb5ee2e98b9344aab2200c7793722deaf1107b6cd,tooling,Editor/development tooling; keep separate from race assets.,See source-specific notices,Historical owner CC0 statement retained; imported metadata and scoped notices recorded separately.,addons/asset_manager/LICENSE
addons/asset_manager/ui/preview_panel/types/materials/materials.gd,other,addons/asset_manager,4277,c4326c6ea6ec9ff58f35dcc0b74be3ad58b101f07a343d5fbd10c29663b6c224,tooling,Editor/development tooling; keep separate from race assets.,See source-specific notices,Historical owner CC0 statement retained; imported metadata and scoped notices recorded separately.,addons/asset_manager/LICENSE
addons/asset_manager/ui/preview_panel/types/materials/materials.tscn,scenes,addons/asset_manager,2164,aa7043db09d5434c1e4901247f9ce65f70a3fa0084449016e98ac53d5b0f2d9b,tooling,Editor/development tooling; keep separate from race assets.,See source-specific notices,Historical owner CC0 statement retained; imported metadata and scoped notices recorded separately.,addons/asset_manager/LICENSE
addons/asset_manager/ui/preview_panel/types/models/models.gd,other,addons/asset_manager,6228,e04784efac11088e58ce77f3dccee307898dacf944e2fa850bd426973d83d258,tooling,Editor/development tooling; keep separate from race assets.,See source-specific notices,Historical owner CC0 statement retained; imported metadata and scoped notices recorded separately.,addons/asset_manager/LICENSE
addons/asset_manager/ui/preview_panel/types/models/models.tscn,scenes,addons/asset_manager,2294,fc77d52cc277c98f5abed4ba940dbe7bd441099a43ee62cb8a3339195218eda5,tooling,Editor/development tooling; keep separate from race assets.,See source-specific notices,Historical owner CC0 statement retained; imported metadata and scoped notices recorded separately.,addons/asset_manager/LICENSE
addons/asset_manager/ui/preview_panel/types/other/other.gd,other,addons/asset_manager,416,5477d4f6bb52d8ffd89d7d9d58c0438cdee49750c40b45ea0ef188c5e4e18ee9,tooling,Editor/development tooling; keep separate from race assets.,See source-specific notices,Historical owner CC0 statement retained; imported metadata and scoped notices recorded separately.,addons/asset_manager/LICENSE
addons/asset_manager/ui/preview_panel/types/other/other.tscn,scenes,addons/asset_manager,1128,34fad0f6ad22726ac4ef8e6cbe6f2b91100fbef0f7cacf39989d99af0b41223a,tooling,Editor/development tooling; keep separate from race assets.,See source-specific notices,Historical owner CC0 statement retained; imported metadata and scoped notices recorded separately.,addons/asset_manager/LICENSE
addons/asset_manager/ui/preview_panel/types/scenes/scenes.gd,other,addons/asset_manager,4147,02686430afcc97e9f8666a0362f318a8f084c0bf325ee081538094e949e9563e,tooling,Editor/development tooling; keep separate from race assets.,See source-specific notices,Historical owner CC0 statement retained; imported metadata and scoped notices recorded separately.,addons/asset_manager/LICENSE
addons/asset_manager/ui/preview_panel/types/scenes/scenes.tscn,scenes,addons/asset_manager,2136,a6f1afa98ab70cde4f555c49e366695e54a098fe036e84c7525aad4553f7f79c,tooling,Editor/development tooling; keep separate from race assets.,See source-specific notices,Historical owner CC0 statement retained; imported metadata and scoped notices recorded separately.,addons/asset_manager/LICENSE
addons/asset_manager/ui/preview_panel/types/shaders/options.gd,other,addons/asset_manager,16617,2442a8ab3796c3b60039a1a34398bd648b3c95c757c4f6fe40a6c2bc7af5f494,tooling,Editor/development tooling; keep separate from race assets.,See source-specific notices,Historical owner CC0 statement retained; imported metadata and scoped notices recorded separately.,addons/asset_manager/LICENSE
addons/asset_manager/ui/preview_panel/types/shaders/options.tscn,scenes,addons/asset_manager,1482,e9e5b83fa3d997489827d59f59e45ff6b0fbb3f4800a1690097187b1f560dc16,tooling,Editor/development tooling; keep separate from race assets.,See source-specific notices,Historical owner CC0 statement retained; imported metadata and scoped notices recorded separately.,addons/asset_manager/LICENSE
addons/asset_manager/ui/preview_panel/types/shaders/shaders.gd,other,addons/asset_manager,15237,131d55f0f4df04bb2df96f9ef11d8a4d76e139a1ec1fdff1c90037e757839850,tooling,Editor/development tooling; keep separate from race assets.,See source-specific notices,Historical owner CC0 statement retained; imported metadata and scoped notices recorded separately.,addons/asset_manager/LICENSE
addons/asset_manager/ui/preview_panel/types/shaders/shaders.tscn,scenes,addons/asset_manager,5159,e83931f4dd7b43d8eaf311bfb998657b9e0fa086148f89c1dca01319119fb83e,tooling,Editor/development tooling; keep separate from race assets.,See source-specific notices,Historical owner CC0 statement retained; imported metadata and scoped notices recorded separately.,addons/asset_manager/LICENSE
addons/asset_manager/ui/preview_panel/types/themes/themes.gd,other,addons/asset_manager,7009,716903baf67284148ca90d3b0a7ba225927cf9d7cf299cef1a927ed59300d5d6,tooling,Editor/development tooling; keep separate from race assets.,See source-specific notices,Historical owner CC0 statement retained; imported metadata and scoped notices recorded separately.,addons/asset_manager/LICENSE
addons/asset_manager/ui/preview_panel/types/themes/themes.tscn,scenes,addons/asset_manager,10670,3e0caa6a2174d20fc9d2fa04aa61a2657fcae08d7868591930b81298f387df98,tooling,Editor/development tooling; keep separate from race assets.,See source-specific notices,Historical owner CC0 statement retained; imported metadata and scoped notices recorded separately.,addons/asset_manager/LICENSE
addons/asset_manager/ui/preview_panel/types/videos/videos.gd,other,addons/asset_manager,6662,bc0eed6787cecdbd026d35805e3e8b8f2e3870aa2b22a8c898bc2e2aacbaf57b,tooling,Editor/development tooling; keep separate from race assets.,See source-specific notices,Historical owner CC0 statement retained; imported metadata and scoped notices recorded separately.,addons/asset_manager/LICENSE
addons/asset_manager/ui/preview_panel/types/videos/videos.tscn,scenes,addons/asset_manager,3475,b06e2fa7d5c609d1af19b318e0964d63d643c3ff63ca3d8cc2ba75a9c09282af,tooling,Editor/development tooling; keep separate from race assets.,See source-specific notices,Historical owner CC0 statement retained; imported metadata and scoped notices recorded separately.,addons/asset_manager/LICENSE
addons/asset_manager/ui/project_settings/project_settings.gd,other,addons/asset_manager,4202,434277ad7e6b570d307357f0617c0e2473fc7848d17e860dbf2041c58fef6e87,tooling,Editor/development tooling; keep separate from race assets.,See source-specific notices,Historical owner CC0 statement retained; imported metadata and scoped notices recorded separately.,addons/asset_manager/LICENSE
addons/asset_manager/ui/project_settings/project_settings.tscn,scenes,addons/asset_manager,2862,d4ca8ff5227c2b09f0c939320d30b4f4f132ca61c7f00a3c3d86eea4136aee33,tooling,Editor/development tooling; keep separate from race assets.,See source-specific notices,Historical owner CC0 statement retained; imported metadata and scoped notices recorded separately.,addons/asset_manager/LICENSE
addons/asset_manager/ui/shared/editor_guard.gd,other,addons/asset_manager,975,4fb96fa363ebe10c87c965ed89ec1a06bf68e192d53f464b4daf188fc433082b,tooling,Editor/development tooling; keep separate from race assets.,See source-specific notices,Historical owner CC0 statement retained; imported metadata and scoped notices recorded separately.,addons/asset_manager/LICENSE
addons/asset_manager/ui/shared/icon_helper.gd,other,addons/asset_manager,952,267b32152dc4c45232950d97228610fa1e77d6053cc9d93ebf53a8d3f39a7299,tooling,Editor/development tooling; keep separate from race assets.,See source-specific notices,Historical owner CC0 statement retained; imported metadata and scoped notices recorded separately.,addons/asset_manager/LICENSE
addons/asset_manager/ui/shared/preview_carousel/preview_carousel.gd,other,addons/asset_manager,5066,856ad60a79dc418d0929363fb19ad90b6c238d9e9da251b8678a6a354eed9402,tooling,Editor/development tooling; keep separate from race assets.,See source-specific notices,Historical owner CC0 statement retained; imported metadata and scoped notices recorded separately.,addons/asset_manager/LICENSE
addons/asset_manager/ui/shared/preview_carousel/preview_carousel.tscn,scenes,addons/asset_manager,1264,67ff01afd02bca2e73f9a67d497b2f3395d8a90a1b49da28790381e77657d77b,tooling,Editor/development tooling; keep separate from race assets.,See source-specific notices,Historical owner CC0 statement retained; imported metadata and scoped notices recorded separately.,addons/asset_manager/LICENSE
addons/asset_manager/ui/shared/type_menu.gd,other,addons/asset_manager,862,667114692ab3c737075f50d25cb116bc62a76ed14c53487de4b0f1860a5bd34b,tooling,Editor/development tooling; keep separate from race assets.,See source-specific notices,Historical owner CC0 statement retained; imported metadata and scoped notices recorded separately.,addons/asset_manager/LICENSE
addons/asset_manager/ui/shared/vendor_picker/vendor_picker.gd,other,addons/asset_manager,3470,5ffaa676f74ae563c013d2ce7f52fe1ea602d02cb83c4f3582bb25f089ee9186,tooling,Editor/development tooling; keep separate from race assets.,See source-specific notices,Historical owner CC0 statement retained; imported metadata and scoped notices recorded separately.,addons/asset_manager/LICENSE
addons/asset_manager/ui/shared/vendor_picker/vendor_picker.tscn,scenes,addons/asset_manager,875,ceb3faa0ad080f458a2516b510f5815b6ac2f93779f5e930b5953be1c090bbac,tooling,Editor/development tooling; keep separate from race assets.,See source-specific notices,Historical owner CC0 statement retained; imported metadata and scoped notices recorded separately.,addons/asset_manager/LICENSE
addons/asset_manager/ui/sidebar/sidebar.gd,other,addons/asset_manager,14679,29b2ed1b57b55c6088289ef095a8c3fde6dc44e53658393e5c3c6eecc942ac66,tooling,Editor/development tooling; keep separate from race assets.,See source-specific notices,Historical owner CC0 statement retained; imported metadata and scoped notices recorded separately.,addons/asset_manager/LICENSE
addons/asset_manager/ui/sidebar/sidebar.tscn,scenes,addons/asset_manager,504,7362e81d4deb6639270c102382e42f1ab4335ba325e07d0400b4ca07ad636042,tooling,Editor/development tooling; keep separate from race assets.,See source-specific notices,Historical owner CC0 statement retained; imported metadata and scoped notices recorded separately.,addons/asset_manager/LICENSE
addons/asset_manager/ui/toolbar/toolbar.gd,other,addons/asset_manager,3872,0ef94f0d2959a9faa3f8fa501a81a5a984326239062b189315e442f7acf14d23,tooling,Editor/development tooling; keep separate from race assets.,See source-specific notices,Historical owner CC0 statement retained; imported metadata and scoped notices recorded separately.,addons/asset_manager/LICENSE
addons/asset_manager/ui/toolbar/toolbar.tscn,scenes,addons/asset_manager,1335,097842991f45ee1f0ed98e762d46cffe77d960c8d25e5abd8ae29bfbcd073c70,tooling,Editor/development tooling; keep separate from race assets.,See source-specific notices,Historical owner CC0 statement retained; imported metadata and scoped notices recorded separately.,addons/asset_manager/LICENSE
addons/asset_manager/ui/update_check/update_check.gd,other,addons/asset_manager,2626,268ceb9f47fff3f4bb450e805847e73860f10567fb17a7e97fa6e08e2eae0732,tooling,Editor/development tooling; keep separate from race assets.,See source-specific notices,Historical owner CC0 statement retained; imported metadata and scoped notices recorded separately.,addons/asset_manager/LICENSE
addons/asset_manager/ui/update_check/update_check.tscn,scenes,addons/asset_manager,419,4a4d5fd874a09a0669885befe5e593d869ff0d683e4f54b2da2b1a06edff02ca,tooling,Editor/development tooling; keep separate from race assets.,See source-specific notices,Historical owner CC0 statement retained; imported metadata and scoped notices recorded separately.,addons/asset_manager/LICENSE
addons/asset_manager/ui/workspace_picker/workspace_picker.gd,other,addons/asset_manager,3803,c4934f923a7a5506c543fe83eb72bf7398f82a5b91688f783e8127df83555074,tooling,Editor/development tooling; keep separate from race assets.,See source-specific notices,Historical owner CC0 statement retained; imported metadata and scoped notices recorded separately.,addons/asset_manager/LICENSE
addons/asset_manager/ui/workspace_picker/workspace_picker.tscn,scenes,addons/asset_manager,3507,7074a1ac9400e47aa6ffbf786cdc32880ae1a573505c694481d8a1e8eb41e94a,tooling,Editor/development tooling; keep separate from race assets.,See source-specific notices,Historical owner CC0 statement retained; imported metadata and scoped notices recorded separately.,addons/asset_manager/LICENSE
addons/debug_draw_3d/debug_draw_3d.gdextension,other,addons/debug_draw_3d,6878,08dda6e76d1fccfe3b849373e4c8dbe6d16657da5f9bf0a0d52922c3c3a1d655,tooling,Editor/development tooling; keep separate from race assets.,See source-specific notices,Historical owner CC0 statement retained; imported metadata and scoped notices recorded separately.,addons/debug_draw_3d/LICENSE
addons/debug_draw_3d/gen/csharp/DebugDrawGeneratedAPI.generated.cs,other,addons/debug_draw_3d,56922,e8024651fa3d91bba1a87a9c3a81bffc876900bee5b7ca3a4333dd4e53331458,tooling,Editor/development tooling; keep separate from race assets.,See source-specific notices,Historical owner CC0 statement retained; imported metadata and scoped notices recorded separately.,addons/debug_draw_3d/LICENSE
addons/debug_draw_3d/gen/csharp/log.txt,other,addons/debug_draw_3d,5375,5205c4a2a77b47171e1605212fd6434802cf1ce77c2cd318f67319cd19d96c77,tooling,Editor/development tooling; keep separate from race assets.,See source-specific notices,Historical owner CC0 statement retained; imported metadata and scoped notices recorded separately.,addons/debug_draw_3d/LICENSE
addons/debug_draw_3d/libs/libdd3d.android.template_debug.arm32.so,other,addons/debug_draw_3d,1073224,0ce8df69850266ea48a75e071de7719a7e22d77b5a3c418f2b79f9336c18c1cd,tooling,Editor/development tooling; keep separate from race assets.,See source-specific notices,Historical owner CC0 statement retained; imported metadata and scoped notices recorded separately.,addons/debug_draw_3d/LICENSE
addons/debug_draw_3d/libs/libdd3d.android.template_debug.arm64.so,other,addons/debug_draw_3d,956736,5b00d28e4de9763b8aec6728c4ba5e1e4b3eac90e170995b77a835873f0f9575,tooling,Editor/development tooling; keep separate from race assets.,See source-specific notices,Historical owner CC0 statement retained; imported metadata and scoped notices recorded separately.,addons/debug_draw_3d/LICENSE
addons/debug_draw_3d/libs/libdd3d.android.template_debug.x86_32.so,other,addons/debug_draw_3d,1019224,42d63e516355b1bc938cfa2b04ce5f61775209fc9c128423853b0bc1023359dc,tooling,Editor/development tooling; keep separate from race assets.,See source-specific notices,Historical owner CC0 statement retained; imported metadata and scoped notices recorded separately.,addons/debug_draw_3d/LICENSE
addons/debug_draw_3d/libs/libdd3d.android.template_debug.x86_64.so,other,addons/debug_draw_3d,963712,033f8daccfd1fbea3a8a93fcd2752516fb364ffeabff112f6d9d2faf7c49d8f3,tooling,Editor/development tooling; keep separate from race assets.,See source-specific notices,Historical owner CC0 statement retained; imported metadata and scoped notices recorded separately.,addons/debug_draw_3d/LICENSE
addons/debug_draw_3d/libs/libdd3d.android.template_release.arm32.so,other,addons/debug_draw_3d,760148,cf9ec25bea4902cef74e7c74a82b6da6c156c02dd0cc2f7fcec06675332ee978,tooling,Editor/development tooling; keep separate from race assets.,See source-specific notices,Historical owner CC0 statement retained; imported metadata and scoped notices recorded separately.,addons/debug_draw_3d/LICENSE
addons/debug_draw_3d/libs/libdd3d.android.template_release.arm64.so,other,addons/debug_draw_3d,664448,3071646c0c1f64b6e904dca71811a91b0e3aed1cf9b43f13a3afb730703bbc93,tooling,Editor/development tooling; keep separate from race assets.,See source-specific notices,Historical owner CC0 statement retained; imported metadata and scoped notices recorded separately.,addons/debug_draw_3d/LICENSE
addons/debug_draw_3d/libs/libdd3d.android.template_release.x86_32.so,other,addons/debug_draw_3d,697536,37b056d7df0100aec800e1b3f0bb4664bcd0b845b2d916efae4452a0e102dba0,tooling,Editor/development tooling; keep separate from race assets.,See source-specific notices,Historical owner CC0 statement retained; imported metadata and scoped notices recorded separately.,addons/debug_draw_3d/LICENSE
addons/debug_draw_3d/libs/libdd3d.android.template_release.x86_64.so,other,addons/debug_draw_3d,657024,c9a9d838a3a9e3a790d54aa85a32e124b8b65148b56d50f33f6589121595f8fd,tooling,Editor/development tooling; keep separate from race assets.,See source-specific notices,Historical owner CC0 statement retained; imported metadata and scoped notices recorded separately.,addons/debug_draw_3d/LICENSE
addons/debug_draw_3d/libs/libdd3d.ios.template_debug.universal.dylib,other,addons/debug_draw_3d,941464,d55dfdbeaf9457db6ed7fd14c3b3e889a73993a23bb45fdda4d2d26571bed4b8,tooling,Editor/development tooling; keep separate from race assets.,See source-specific notices,Historical owner CC0 statement retained; imported metadata and scoped notices recorded separately.,addons/debug_draw_3d/LICENSE
addons/debug_draw_3d/libs/libdd3d.ios.template_release.universal.dylib,other,addons/debug_draw_3d,644176,b1af5070beeb18b0053cbca964cfbd8ee8e7379d9023903cd3b23243f6536ad5,tooling,Editor/development tooling; keep separate from race assets.,See source-specific notices,Historical owner CC0 statement retained; imported metadata and scoped notices recorded separately.,addons/debug_draw_3d/LICENSE
addons/debug_draw_3d/libs/libdd3d.ios.template_release.universal.enabled.dylib,other,addons/debug_draw_3d,908384,99e0ac8f6fc89ebd31bcdc93c42eb2cc4569a49670aef4b53384583489a0f44b,tooling,Editor/development tooling; keep separate from race assets.,See source-specific notices,Historical owner CC0 statement retained; imported metadata and scoped notices recorded separately.,addons/debug_draw_3d/LICENSE
addons/debug_draw_3d/libs/libdd3d.linux.editor.arm64.so,other,addons/debug_draw_3d,2701152,03df1cc3139808217a4193f7bf8159cf5a476f89c0c6a5a0fbbc860d7b00f3e7,tooling,Editor/development tooling; keep separate from race assets.,See source-specific notices,Historical owner CC0 statement retained; imported metadata and scoped notices recorded separately.,addons/debug_draw_3d/LICENSE
addons/debug_draw_3d/libs/libdd3d.linux.editor.x86_64.so,other,addons/debug_draw_3d,2733944,02b66842c656d9bb48edda063e3d22e26ee76da943172b22ce7f731f046441f6,tooling,Editor/development tooling; keep separate from race assets.,See source-specific notices,Historical owner CC0 statement retained; imported metadata and scoped notices recorded separately.,addons/debug_draw_3d/LICENSE
addons/debug_draw_3d/libs/libdd3d.linux.template_release.arm64.enabled.so,other,addons/debug_draw_3d,2233840,b7222e8b1995e87b066ce846ed513bb751fe48fad3e4179adfd23b7e207892d6,tooling,Editor/development tooling; keep separate from race assets.,See source-specific notices,Historical owner CC0 statement retained; imported metadata and scoped notices recorded separately.,addons/debug_draw_3d/LICENSE
addons/debug_draw_3d/libs/libdd3d.linux.template_release.arm64.so,other,addons/debug_draw_3d,1959320,a7b1b2897253811492727921ec1f61508eaf6482ef21f5b8ac467261ea6b96db,tooling,Editor/development tooling; keep separate from race assets.,See source-specific notices,Historical owner CC0 statement retained; imported metadata and scoped notices recorded separately.,addons/debug_draw_3d/LICENSE
addons/debug_draw_3d/libs/libdd3d.linux.template_release.x86_64.enabled.so,other,addons/debug_draw_3d,2266656,b1df83ff21ad19500b3ec0bdbd705dc331f8f98c48db8de62ab2ded84d508d23,tooling,Editor/development tooling; keep separate from race assets.,See source-specific notices,Historical owner CC0 statement retained; imported metadata and scoped notices recorded separately.,addons/debug_draw_3d/LICENSE
addons/debug_draw_3d/libs/libdd3d.linux.template_release.x86_64.so,other,addons/debug_draw_3d,1975744,f197689da98315e0fc7b41d45864054eb9662124132720766df1492f2a7c4dcd,tooling,Editor/development tooling; keep separate from race assets.,See source-specific notices,Historical owner CC0 statement retained; imported metadata and scoped notices recorded separately.,addons/debug_draw_3d/LICENSE
addons/debug_draw_3d/libs/libdd3d.macos.editor.universal.framework/libdd3d.macos.editor.universal.dylib,other,addons/debug_draw_3d,2708296,ae26ad6481ab4474d595f33fc969073162ec564fcdad3c7788f31af20efba175,tooling,Editor/development tooling; keep separate from race assets.,See source-specific notices,Historical owner CC0 statement retained; imported metadata and scoped notices recorded separately.,addons/debug_draw_3d/LICENSE
addons/debug_draw_3d/libs/libdd3d.macos.editor.universal.framework/Resources/Info.plist,other,addons/debug_draw_3d,1099,4f8271e317b23446d96917813208068be0b8a1dcef481c040b2d776713348172,tooling,Editor/development tooling; keep separate from race assets.,See source-specific notices,Historical owner CC0 statement retained; imported metadata and scoped notices recorded separately.,addons/debug_draw_3d/LICENSE
addons/debug_draw_3d/libs/libdd3d.macos.template_release.universal.enabled.framework/libdd3d.macos.template_release.universal.enabled.dylib,other,addons/debug_draw_3d,1849496,45bd4d9ad38d7b5447ed7e4c7b2320eabd3af342720f4ca7957e54cd92197537,tooling,Editor/development tooling; keep separate from race assets.,See source-specific notices,Historical owner CC0 statement retained; imported metadata and scoped notices recorded separately.,addons/debug_draw_3d/LICENSE
addons/debug_draw_3d/libs/libdd3d.macos.template_release.universal.enabled.framework/Resources/Info.plist,other,addons/debug_draw_3d,1117,9dec5d64fe319eedd0706dc2ddfb406e315af5361130105d04061c161c738d96,tooling,Editor/development tooling; keep separate from race assets.,See source-specific notices,Historical owner CC0 statement retained; imported metadata and scoped notices recorded separately.,addons/debug_draw_3d/LICENSE
addons/debug_draw_3d/libs/libdd3d.macos.template_release.universal.framework/libdd3d.macos.template_release.universal.dylib,other,addons/debug_draw_3d,1304736,8eadf61628e6a3759ccff9101c6c521d5b6ecb30e765ec174300f4664a40b492,tooling,Editor/development tooling; keep separate from race assets.,See source-specific notices,Historical owner CC0 statement retained; imported metadata and scoped notices recorded separately.,addons/debug_draw_3d/LICENSE
addons/debug_draw_3d/libs/libdd3d.macos.template_release.universal.framework/Resources/Info.plist,other,addons/debug_draw_3d,1109,64cd90c2d5dc3180f9c6d12b107f48d2c7a1d2f13367b998d0288f70628a8830,tooling,Editor/development tooling; keep separate from race assets.,See source-specific notices,Historical owner CC0 statement retained; imported metadata and scoped notices recorded separately.,addons/debug_draw_3d/LICENSE
addons/debug_draw_3d/libs/libdd3d.web.template_debug.wasm32.threads.wasm,other,addons/debug_draw_3d,1475499,855cbb54ec7b02c9038c4223de3c50d2c30a672860a7a7a64338ab8edc465313,tooling,Editor/development tooling; keep separate from race assets.,See source-specific notices,Historical owner CC0 statement retained; imported metadata and scoped notices recorded separately.,addons/debug_draw_3d/LICENSE
addons/debug_draw_3d/libs/libdd3d.web.template_debug.wasm32.wasm,other,addons/debug_draw_3d,1729325,93a7c536caafa2b2718d52496344076d597f88024c9c2117f63cdc7df1642716,tooling,Editor/development tooling; keep separate from race assets.,See source-specific notices,Historical owner CC0 statement retained; imported metadata and scoped notices recorded separately.,addons/debug_draw_3d/LICENSE
addons/debug_draw_3d/libs/libdd3d.web.template_release.wasm32.enabled.wasm,other,addons/debug_draw_3d,1631801,14fe275fe3ba0d3dbbbf6595982e9e31fa2078fb4fefe882c1272399b65afa7b,tooling,Editor/development tooling; keep separate from race assets.,See source-specific notices,Historical owner CC0 statement retained; imported metadata and scoped notices recorded separately.,addons/debug_draw_3d/LICENSE
addons/debug_draw_3d/libs/libdd3d.web.template_release.wasm32.threads.enabled.wasm,other,addons/debug_draw_3d,1460672,75a015bd0c339ce5b8bef519ff2a5dc17db6b1771dc27ac6ffbfc852e99a2031,tooling,Editor/development tooling; keep separate from race assets.,See source-specific notices,Historical owner CC0 statement retained; imported metadata and scoped notices recorded separately.,addons/debug_draw_3d/LICENSE
addons/debug_draw_3d/libs/libdd3d.web.template_release.wasm32.threads.wasm,other,addons/debug_draw_3d,1149356,c3387a803cfee4b581fff554a3b10178dc5f19e1ee5481b80024a95e44babd57,tooling,Editor/development tooling; keep separate from race assets.,See source-specific notices,Historical owner CC0 statement retained; imported metadata and scoped notices recorded separately.,addons/debug_draw_3d/LICENSE
addons/debug_draw_3d/libs/libdd3d.web.template_release.wasm32.wasm,other,addons/debug_draw_3d,1182186,d894cf6fbbdcc9459b49a1d785b4dd018d247da12c70b59446a648d2623bf9d7,tooling,Editor/development tooling; keep separate from race assets.,See source-specific notices,Historical owner CC0 statement retained; imported metadata and scoped notices recorded separately.,addons/debug_draw_3d/LICENSE
addons/debug_draw_3d/libs/libdd3d.windows.editor.x86_64.dll,other,addons/debug_draw_3d,1278976,b52068580a1aa8e2215345c0e08962fa87584a112f788b75b697b9e939748fec,tooling,Editor/development tooling; keep separate from race assets.,See source-specific notices,Historical owner CC0 statement retained; imported metadata and scoped notices recorded separately.,addons/debug_draw_3d/LICENSE
addons/debug_draw_3d/libs/libdd3d.windows.template_release.x86_64.dll,other,addons/debug_draw_3d,621568,55436711f807bd05eea654aca233be7d999c77b0e51808d5a0c8a8171c010f24,tooling,Editor/development tooling; keep separate from race assets.,See source-specific notices,Historical owner CC0 statement retained; imported metadata and scoped notices recorded separately.,addons/debug_draw_3d/LICENSE
addons/debug_draw_3d/libs/libdd3d.windows.template_release.x86_64.enabled.dll,other,addons/debug_draw_3d,898048,b7575a50735018789984507d83694dbc5c96d85b35993d858740d202eb25916f,tooling,Editor/development tooling; keep separate from race assets.,See source-specific notices,Historical owner CC0 statement retained; imported metadata and scoped notices recorded separately.,addons/debug_draw_3d/LICENSE
addons/debug_draw_3d/libs/~libdd3d.windows.editor.x86_64.dll~RF2b75e8f8.TMP,other,addons/debug_draw_3d,1278976,b52068580a1aa8e2215345c0e08962fa87584a112f788b75b697b9e939748fec,tooling,Editor/development tooling; keep separate from race assets.,See source-specific notices,Historical owner CC0 statement retained; imported metadata and scoped notices recorded separately.,addons/debug_draw_3d/LICENSE
addons/debug_draw_3d/libs/~libdd3d.windows.editor.x86_64.dll~RF2b77d901.TMP,other,addons/debug_draw_3d,1278976,b52068580a1aa8e2215345c0e08962fa87584a112f788b75b697b9e939748fec,tooling,Editor/development tooling; keep separate from race assets.,See source-specific notices,Historical owner CC0 statement retained; imported metadata and scoped notices recorded separately.,addons/debug_draw_3d/LICENSE
addons/debug_draw_3d/libs/~libdd3d.windows.editor.x86_64.dll~RF2b915d89.TMP,other,addons/debug_draw_3d,1278976,b52068580a1aa8e2215345c0e08962fa87584a112f788b75b697b9e939748fec,tooling,Editor/development tooling; keep separate from race assets.,See source-specific notices,Historical owner CC0 statement retained; imported metadata and scoped notices recorded separately.,addons/debug_draw_3d/LICENSE
addons/debug_draw_3d/libs/~libdd3d.windows.editor.x86_64.dll~RF2ddc804c.TMP,other,addons/debug_draw_3d,1278976,b52068580a1aa8e2215345c0e08962fa87584a112f788b75b697b9e939748fec,tooling,Editor/development tooling; keep separate from race assets.,See source-specific notices,Historical owner CC0 statement retained; imported metadata and scoped notices recorded separately.,addons/debug_draw_3d/LICENSE
addons/debug_draw_3d/libs/~libdd3d.windows.editor.x86_64.dll~RF2e11d0eb.TMP,other,addons/debug_draw_3d,1278976,b52068580a1aa8e2215345c0e08962fa87584a112f788b75b697b9e939748fec,tooling,Editor/development tooling; keep separate from race assets.,See source-specific notices,Historical owner CC0 statement retained; imported metadata and scoped notices recorded separately.,addons/debug_draw_3d/LICENSE
addons/debug_draw_3d/libs/~libdd3d.windows.editor.x86_64.dll~RF2f2f6bc9.TMP,other,addons/debug_draw_3d,1278976,b52068580a1aa8e2215345c0e08962fa87584a112f788b75b697b9e939748fec,tooling,Editor/development tooling; keep separate from race assets.,See source-specific notices,Historical owner CC0 statement retained; imported metadata and scoped notices recorded separately.,addons/debug_draw_3d/LICENSE
addons/debug_draw_3d/libs/~libdd3d.windows.editor.x86_64.dll~RF330f7e5e.TMP,other,addons/debug_draw_3d,1278976,b52068580a1aa8e2215345c0e08962fa87584a112f788b75b697b9e939748fec,tooling,Editor/development tooling; keep separate from race assets.,See source-specific notices,Historical owner CC0 statement retained; imported metadata and scoped notices recorded separately.,addons/debug_draw_3d/LICENSE
addons/debug_draw_3d/libs/~libdd3d.windows.editor.x86_64.dll~RF3909e7c4.TMP,other,addons/debug_draw_3d,1278976,b52068580a1aa8e2215345c0e08962fa87584a112f788b75b697b9e939748fec,tooling,Editor/development tooling; keep separate from race assets.,See source-specific notices,Historical owner CC0 statement retained; imported metadata and scoped notices recorded separately.,addons/debug_draw_3d/LICENSE
addons/debug_draw_3d/libs/~libdd3d.windows.editor.x86_64.dll~RF3e4d0e21.TMP,other,addons/debug_draw_3d,1278976,b52068580a1aa8e2215345c0e08962fa87584a112f788b75b697b9e939748fec,tooling,Editor/development tooling; keep separate from race assets.,See source-specific notices,Historical owner CC0 statement retained; imported metadata and scoped notices recorded separately.,addons/debug_draw_3d/LICENSE
addons/debug_draw_3d/LICENSE,other,addons/debug_draw_3d,1065,e05203418990887db7029956037ac704db4c5d36a969fdf4e5e4b610e4d1180b,tooling,Editor/development tooling; keep separate from race assets.,See source-specific notices,Historical owner CC0 statement retained; imported metadata and scoped notices recorded separately.,addons/debug_draw_3d/LICENSE
addons/debug_draw_3d/README.md,other,addons/debug_draw_3d,4960,71000b5259e617d724eeef8d4f42a5af2e0ac7454ebd22adf855d003e1751ab2,tooling,Editor/development tooling; keep separate from race assets.,See source-specific notices,Historical owner CC0 statement retained; imported metadata and scoped notices recorded separately.,addons/debug_draw_3d/LICENSE
addons/godot-rapier2d/bin/godot_rapier.wasm,other,addons/godot-rapier2d,2754113,b4020962f6ff6c5f2c07436a94cdbf7b5e2096a5fc5832e4ff5526378ce88528,defer,Optional subsystem/demo; no wholesale integration justified for current miniature arcade racing.,See source-specific notices,Historical owner CC0 statement retained; imported metadata and scoped notices recorded separately.,addons/godot-rapier2d/LICENSE
addons/godot-rapier2d/bin/libgodot_rapier.android.aarch64-linux-android.so,other,addons/godot-rapier2d,10531096,d8d71fd6f953972e6b650c1bf53b667433fe5a2461f21d221104d42c45251b86,defer,Optional subsystem/demo; no wholesale integration justified for current miniature arcade racing.,See source-specific notices,Historical owner CC0 statement retained; imported metadata and scoped notices recorded separately.,addons/godot-rapier2d/LICENSE
addons/godot-rapier2d/bin/libgodot_rapier.android.armv7-linux-androideabi.so,other,addons/godot-rapier2d,8077888,70d5dfb0dc60b3276047a17bb9824750fa527f1b46759024e23459e232343cd2,defer,Optional subsystem/demo; no wholesale integration justified for current miniature arcade racing.,See source-specific notices,Historical owner CC0 statement retained; imported metadata and scoped notices recorded separately.,addons/godot-rapier2d/LICENSE
addons/godot-rapier2d/bin/libgodot_rapier.android.i686-linux-android.so,other,addons/godot-rapier2d,11996416,93709c0b597f801f2a476bf50f4234639cc6f902746a5a7dfbc04ae0c8322467,defer,Optional subsystem/demo; no wholesale integration justified for current miniature arcade racing.,See source-specific notices,Historical owner CC0 statement retained; imported metadata and scoped notices recorded separately.,addons/godot-rapier2d/LICENSE
addons/godot-rapier2d/bin/libgodot_rapier.android.x86_64-linux-android.so,other,addons/godot-rapier2d,10838824,fb05e284467399144698b77412196604d136886a164fa881d13e385429607909,defer,Optional subsystem/demo; no wholesale integration justified for current miniature arcade racing.,See source-specific notices,Historical owner CC0 statement retained; imported metadata and scoped notices recorded separately.,addons/godot-rapier2d/LICENSE
addons/godot-rapier2d/bin/libgodot_rapier.ios.arm64.framework/Info.plist,other,addons/godot-rapier2d,1260,2755e4e197fbaef38a37d2549098ae8c32d93c7bf016aeff92df42492a7bf05c,defer,Optional subsystem/demo; no wholesale integration justified for current miniature arcade racing.,See source-specific notices,Historical owner CC0 statement retained; imported metadata and scoped notices recorded separately.,addons/godot-rapier2d/LICENSE
addons/godot-rapier2d/bin/libgodot_rapier.ios.arm64.framework/libgodot_rapier.ios.arm64,other,addons/godot-rapier2d,8836448,38feab99c6b53e30aa7664afced37c1e11956999d930456fb6df0da552371d54,defer,Optional subsystem/demo; no wholesale integration justified for current miniature arcade racing.,See source-specific notices,Historical owner CC0 statement retained; imported metadata and scoped notices recorded separately.,addons/godot-rapier2d/LICENSE
addons/godot-rapier2d/bin/libgodot_rapier.ios.x86_64.framework/Info.plist,other,addons/godot-rapier2d,1262,687924fabd44e492e71d63d9cce731ad62a96b0f7d05467cfeca0da292df8f30,defer,Optional subsystem/demo; no wholesale integration justified for current miniature arcade racing.,See source-specific notices,Historical owner CC0 statement retained; imported metadata and scoped notices recorded separately.,addons/godot-rapier2d/LICENSE
addons/godot-rapier2d/bin/libgodot_rapier.ios.x86_64.framework/libgodot_rapier.ios.x86_64,other,addons/godot-rapier2d,9540432,164927dce3772601f75a63a7f587acc0d4e59755598ccb453f21c8dac212c55c,defer,Optional subsystem/demo; no wholesale integration justified for current miniature arcade racing.,See source-specific notices,Historical owner CC0 statement retained; imported metadata and scoped notices recorded separately.,addons/godot-rapier2d/LICENSE
addons/godot-rapier2d/bin/libgodot_rapier.linux.aarch64-unknown-linux-gnu.so,other,addons/godot-rapier2d,9872888,021a237af3bd99170a7b220369295e69d78f0c57ab6cc8fc93dc9a79be203358,defer,Optional subsystem/demo; no wholesale integration justified for current miniature arcade racing.,See source-specific notices,Historical owner CC0 statement retained; imported metadata and scoped notices recorded separately.,addons/godot-rapier2d/LICENSE
addons/godot-rapier2d/bin/libgodot_rapier.linux.armv7-unknown-linux-gnueabihf.so,other,addons/godot-rapier2d,10217600,f4e7041aef2a508739688ea67b83802765c2249629288e5ff986079d75aab7f5,defer,Optional subsystem/demo; no wholesale integration justified for current miniature arcade racing.,See source-specific notices,Historical owner CC0 statement retained; imported metadata and scoped notices recorded separately.,addons/godot-rapier2d/LICENSE
addons/godot-rapier2d/bin/libgodot_rapier.linux.i686-unknown-linux-gnu.so,other,addons/godot-rapier2d,12012020,9e10814c3ede242b0dc95737aecec4837b9468d170e82a29dea5013614e242bd,defer,Optional subsystem/demo; no wholesale integration justified for current miniature arcade racing.,See source-specific notices,Historical owner CC0 statement retained; imported metadata and scoped notices recorded separately.,addons/godot-rapier2d/LICENSE
addons/godot-rapier2d/bin/libgodot_rapier.linux.x86_64-unknown-linux-gnu.so,other,addons/godot-rapier2d,10781080,147ab5673b9687ccb7a3b12fec07ea55cc674ad8a75f529d1085bf7d61fbd831,defer,Optional subsystem/demo; no wholesale integration justified for current miniature arcade racing.,See source-specific notices,Historical owner CC0 statement retained; imported metadata and scoped notices recorded separately.,addons/godot-rapier2d/LICENSE
addons/godot-rapier2d/bin/libgodot_rapier.macos.framework/_CodeSignature/CodeResources,other,addons/godot-rapier2d,2442,83feafbce2d3c8fab6a4cf6805080ef9a8b46deabc130d93bec548466b9d8af9,defer,Optional subsystem/demo; no wholesale integration justified for current miniature arcade racing.,See source-specific notices,Historical owner CC0 statement retained; imported metadata and scoped notices recorded separately.,addons/godot-rapier2d/LICENSE
addons/godot-rapier2d/bin/libgodot_rapier.macos.framework/libgodot_rapier.macos.dylib,other,addons/godot-rapier2d,18692816,7ad1dc7a59a2689f2248ad9f1961574851acae96d1a249b39f0ecd881528569b,defer,Optional subsystem/demo; no wholesale integration justified for current miniature arcade racing.,See source-specific notices,Historical owner CC0 statement retained; imported metadata and scoped notices recorded separately.,addons/godot-rapier2d/LICENSE
addons/godot-rapier2d/bin/libgodot_rapier.macos.framework/Resources/Info.plist,other,addons/godot-rapier2d,915,30c0d8215748efaa682c66dc174da326927ea0772ceead4d8f27e0b1a3758eeb,defer,Optional subsystem/demo; no wholesale integration justified for current miniature arcade racing.,See source-specific notices,Historical owner CC0 statement retained; imported metadata and scoped notices recorded separately.,addons/godot-rapier2d/LICENSE
addons/godot-rapier2d/bin/libgodot_rapier.windows.aarch64-pc-windows-msvc.dll,other,addons/godot-rapier2d,8677376,b5de2d56a30cef7d7ef9a1afc7a0fa7e5f2c3e3c12fc31643b60a1729ee901c9,defer,Optional subsystem/demo; no wholesale integration justified for current miniature arcade racing.,See source-specific notices,Historical owner CC0 statement retained; imported metadata and scoped notices recorded separately.,addons/godot-rapier2d/LICENSE
addons/godot-rapier2d/bin/libgodot_rapier.windows.i686-pc-windows-msvc.dll,other,addons/godot-rapier2d,8747008,0e0de310bee74df67e1a5ff0532f51edd27338196c231c81817a938bee48a2ad,defer,Optional subsystem/demo; no wholesale integration justified for current miniature arcade racing.,See source-specific notices,Historical owner CC0 statement retained; imported metadata and scoped notices recorded separately.,addons/godot-rapier2d/LICENSE
addons/godot-rapier2d/bin/libgodot_rapier.windows.x86_64-pc-windows-msvc.dll,other,addons/godot-rapier2d,10018816,4e26ffa78ec2aaff434c4a70cd2ec85288b10ba5237912c35f204cb1e6ed2180,defer,Optional subsystem/demo; no wholesale integration justified for current miniature arcade racing.,See source-specific notices,Historical owner CC0 statement retained; imported metadata and scoped notices recorded separately.,addons/godot-rapier2d/LICENSE
addons/godot-rapier2d/bin/wasm-nothreads/godot_rapier.wasm,other,addons/godot-rapier2d,2751606,5ff6933670c1377c24dcbac30d67758a307165eacdcbd33b25bf01669577c4c2,defer,Optional subsystem/demo; no wholesale integration justified for current miniature arcade racing.,See source-specific notices,Historical owner CC0 statement retained; imported metadata and scoped notices recorded separately.,addons/godot-rapier2d/LICENSE
addons/godot-rapier2d/bin/~libgodot_rapier.windows.x86_64-pc-windows-msvc.dll~RF2b75e9c3.TMP,other,addons/godot-rapier2d,10018816,4e26ffa78ec2aaff434c4a70cd2ec85288b10ba5237912c35f204cb1e6ed2180,defer,Optional subsystem/demo; no wholesale integration justified for current miniature arcade racing.,See source-specific notices,Historical owner CC0 statement retained; imported metadata and scoped notices recorded separately.,addons/godot-rapier2d/LICENSE
addons/godot-rapier2d/bin/~libgodot_rapier.windows.x86_64-pc-windows-msvc.dll~RF2b77d93f.TMP,other,addons/godot-rapier2d,10018816,4e26ffa78ec2aaff434c4a70cd2ec85288b10ba5237912c35f204cb1e6ed2180,defer,Optional subsystem/demo; no wholesale integration justified for current miniature arcade racing.,See source-specific notices,Historical owner CC0 statement retained; imported metadata and scoped notices recorded separately.,addons/godot-rapier2d/LICENSE
addons/godot-rapier2d/bin/~libgodot_rapier.windows.x86_64-pc-windows-msvc.dll~RF2b915da8.TMP,other,addons/godot-rapier2d,10018816,4e26ffa78ec2aaff434c4a70cd2ec85288b10ba5237912c35f204cb1e6ed2180,defer,Optional subsystem/demo; no wholesale integration justified for current miniature arcade racing.,See source-specific notices,Historical owner CC0 statement retained; imported metadata and scoped notices recorded separately.,addons/godot-rapier2d/LICENSE
addons/godot-rapier2d/bin/~libgodot_rapier.windows.x86_64-pc-windows-msvc.dll~RF2ddc806b.TMP,other,addons/godot-rapier2d,10018816,4e26ffa78ec2aaff434c4a70cd2ec85288b10ba5237912c35f204cb1e6ed2180,defer,Optional subsystem/demo; no wholesale integration justified for current miniature arcade racing.,See source-specific notices,Historical owner CC0 statement retained; imported metadata and scoped notices recorded separately.,addons/godot-rapier2d/LICENSE
addons/godot-rapier2d/bin/~libgodot_rapier.windows.x86_64-pc-windows-msvc.dll~RF2e11d10a.TMP,other,addons/godot-rapier2d,10018816,4e26ffa78ec2aaff434c4a70cd2ec85288b10ba5237912c35f204cb1e6ed2180,defer,Optional subsystem/demo; no wholesale integration justified for current miniature arcade racing.,See source-specific notices,Historical owner CC0 statement retained; imported metadata and scoped notices recorded separately.,addons/godot-rapier2d/LICENSE
addons/godot-rapier2d/bin/~libgodot_rapier.windows.x86_64-pc-windows-msvc.dll~RF2f2f6c17.TMP,other,addons/godot-rapier2d,10018816,4e26ffa78ec2aaff434c4a70cd2ec85288b10ba5237912c35f204cb1e6ed2180,defer,Optional subsystem/demo; no wholesale integration justified for current miniature arcade racing.,See source-specific notices,Historical owner CC0 statement retained; imported metadata and scoped notices recorded separately.,addons/godot-rapier2d/LICENSE
addons/godot-rapier2d/bin/~libgodot_rapier.windows.x86_64-pc-windows-msvc.dll~RF330f7eac.TMP,other,addons/godot-rapier2d,10018816,4e26ffa78ec2aaff434c4a70cd2ec85288b10ba5237912c35f204cb1e6ed2180,defer,Optional subsystem/demo; no wholesale integration justified for current miniature arcade racing.,See source-specific notices,Historical owner CC0 statement retained; imported metadata and scoped notices recorded separately.,addons/godot-rapier2d/LICENSE
addons/godot-rapier2d/bin/~libgodot_rapier.windows.x86_64-pc-windows-msvc.dll~RF3909e812.TMP,other,addons/godot-rapier2d,10018816,4e26ffa78ec2aaff434c4a70cd2ec85288b10ba5237912c35f204cb1e6ed2180,defer,Optional subsystem/demo; no wholesale integration justified for current miniature arcade racing.,See source-specific notices,Historical owner CC0 statement retained; imported metadata and scoped notices recorded separately.,addons/godot-rapier2d/LICENSE
addons/godot-rapier2d/bin/~libgodot_rapier.windows.x86_64-pc-windows-msvc.dll~RF3e4d0e50.TMP,other,addons/godot-rapier2d,10018816,4e26ffa78ec2aaff434c4a70cd2ec85288b10ba5237912c35f204cb1e6ed2180,defer,Optional subsystem/demo; no wholesale integration justified for current miniature arcade racing.,See source-specific notices,Historical owner CC0 statement retained; imported metadata and scoped notices recorded separately.,addons/godot-rapier2d/LICENSE
addons/godot-rapier2d/circle_mesh.tres,other,addons/godot-rapier2d,620,b2170cd7d0a0d2606725b8a6d76b62244d90636280b5aecc81db76eddc0e824b,defer,Optional subsystem/demo; no wholesale integration justified for current miniature arcade racing.,See source-specific notices,Historical owner CC0 statement retained; imported metadata and scoped notices recorded separately.,addons/godot-rapier2d/LICENSE
addons/godot-rapier2d/custom_nodes/rapier_animatable_body_2d.gd,other,addons/godot-rapier2d,489,af2773eb9e2c7a4f54e3c9016e5371b67e55a58e657032e4b92ba623bebd9658,defer,Optional subsystem/demo; no wholesale integration justified for current miniature arcade racing.,See source-specific notices,Historical owner CC0 statement retained; imported metadata and scoped notices recorded separately.,addons/godot-rapier2d/LICENSE
addons/godot-rapier2d/custom_nodes/rapier_area_2d.gd,other,addons/godot-rapier2d,469,ffaa295c883a1a2ef023a8d59e2ba8a7245d70932c2c9a5cfb94654e2b30c816,defer,Optional subsystem/demo; no wholesale integration justified for current miniature arcade racing.,See source-specific notices,Historical owner CC0 statement retained; imported metadata and scoped notices recorded separately.,addons/godot-rapier2d/LICENSE
addons/godot-rapier2d/custom_nodes/rapier_character_body_2d.gd,other,addons/godot-rapier2d,487,7bf6ad292a12b4bb8571fcf10ae37e287e655c079ec3b2ea802c5da3588a9e91,defer,Optional subsystem/demo; no wholesale integration justified for current miniature arcade racing.,See source-specific notices,Historical owner CC0 statement retained; imported metadata and scoped notices recorded separately.,addons/godot-rapier2d/LICENSE
addons/godot-rapier2d/custom_nodes/rapier_damped_spring_joint_2d.gd,other,addons/godot-rapier2d,2870,d5a1107bc03aa54f9455fe3fe73f6b5442548ec403a4bea2244495bdc09143b7,defer,Optional subsystem/demo; no wholesale integration justified for current miniature arcade racing.,See source-specific notices,Historical owner CC0 statement retained; imported metadata and scoped notices recorded separately.,addons/godot-rapier2d/LICENSE
addons/godot-rapier2d/custom_nodes/rapier_fixed_joint_2d.gd,other,addons/godot-rapier2d,1058,64b92ee37dbc26ec1dc3dfad695a78b0d428c094acf7d2b0ae4f151abb198ea4,defer,Optional subsystem/demo; no wholesale integration justified for current miniature arcade racing.,See source-specific notices,Historical owner CC0 statement retained; imported metadata and scoped notices recorded separately.,addons/godot-rapier2d/LICENSE
addons/godot-rapier2d/custom_nodes/rapier_groove_joint_2d.gd,other,addons/godot-rapier2d,2654,6cb96f25dddb1d94f61f968f897bac26ccdbd44b3f541042d2a858563f70f107,defer,Optional subsystem/demo; no wholesale integration justified for current miniature arcade racing.,See source-specific notices,Historical owner CC0 statement retained; imported metadata and scoped notices recorded separately.,addons/godot-rapier2d/LICENSE
addons/godot-rapier2d/custom_nodes/rapier_physical_bone_2d.gd,other,addons/godot-rapier2d,1619,fa8d994cb7f2ef19b8201918de38da142abf075e8416d4dfaec67730f894dde2,defer,Optional subsystem/demo; no wholesale integration justified for current miniature arcade racing.,See source-specific notices,Historical owner CC0 statement retained; imported metadata and scoped notices recorded separately.,addons/godot-rapier2d/LICENSE
addons/godot-rapier2d/custom_nodes/rapier_pin_joint_2d.gd,other,addons/godot-rapier2d,4395,c372ec67f3a3bbfdafcd750ba54652cc7698c713e4d03fdfb1d66186c40c6208,defer,Optional subsystem/demo; no wholesale integration justified for current miniature arcade racing.,See source-specific notices,Historical owner CC0 statement retained; imported metadata and scoped notices recorded separately.,addons/godot-rapier2d/LICENSE
addons/godot-rapier2d/custom_nodes/rapier_rigid_body_2d.gd,other,addons/godot-rapier2d,2191,ca4fd7aece6633f81b11394d33aff9c68d948e52bbbe2f90323a3d51381be51e,defer,Optional subsystem/demo; no wholesale integration justified for current miniature arcade racing.,See source-specific notices,Historical owner CC0 statement retained; imported metadata and scoped notices recorded separately.,addons/godot-rapier2d/LICENSE
addons/godot-rapier2d/custom_nodes/rapier_rope_joint_2d.gd,other,addons/godot-rapier2d,1335,229f1f324792763987661d241ec857807d2eff7f5ebf41a2faf1d37866771ea5,defer,Optional subsystem/demo; no wholesale integration justified for current miniature arcade racing.,See source-specific notices,Historical owner CC0 statement retained; imported metadata and scoped notices recorded separately.,addons/godot-rapier2d/LICENSE
addons/godot-rapier2d/custom_nodes/rapier_static_body_2d.gd,other,addons/godot-rapier2d,481,4ba255cec5693dca071c96bad04ca2200059ceac06cfba373c1158410a771919,defer,Optional subsystem/demo; no wholesale integration justified for current miniature arcade racing.,See source-specific notices,Historical owner CC0 statement retained; imported metadata and scoped notices recorded separately.,addons/godot-rapier2d/LICENSE
addons/godot-rapier2d/faucet_2d.gd,other,addons/godot-rapier2d,853,0b04dd8506fa599aee6b29cf1e0641904f4c3ae36a0a7d5cdaec4f69e291cf15,defer,Optional subsystem/demo; no wholesale integration justified for current miniature arcade racing.,See source-specific notices,Historical owner CC0 statement retained; imported metadata and scoped notices recorded separately.,addons/godot-rapier2d/LICENSE
addons/godot-rapier2d/fluid_2d_circle.gd,other,addons/godot-rapier2d,200,97b3a9a7fd1ca93ba9a70ba9b8b52552d64ee3855d6d79405d84533e7256bffb,defer,Optional subsystem/demo; no wholesale integration justified for current miniature arcade racing.,See source-specific notices,Historical owner CC0 statement retained; imported metadata and scoped notices recorded separately.,addons/godot-rapier2d/LICENSE
addons/godot-rapier2d/fluid_2d_rectangle.gd,other,addons/godot-rapier2d,323,c0583cab00432f4a981e93cab0c0abda078fdafe16dfe0e8282871a6672bcf9d,defer,Optional subsystem/demo; no wholesale integration justified for current miniature arcade racing.,See source-specific notices,Historical owner CC0 statement retained; imported metadata and scoped notices recorded separately.,addons/godot-rapier2d/LICENSE
addons/godot-rapier2d/fluid_2d_renderer.gd,other,addons/godot-rapier2d,881,c45c520cf2e9d2600a2ddf93f0df7a66fd7283fb75e2edefc1df4e725e407fa1,defer,Optional subsystem/demo; no wholesale integration justified for current miniature arcade racing.,See source-specific notices,Historical owner CC0 statement retained; imported metadata and scoped notices recorded separately.,addons/godot-rapier2d/LICENSE
addons/godot-rapier2d/fluid_2d_shader_renderer.gd,other,addons/godot-rapier2d,2632,889044a8b35d1382e2ec9efb699d1b964f38edca264c76a9ea2d9240b9a510c8,defer,Optional subsystem/demo; no wholesale integration justified for current miniature arcade racing.,See source-specific notices,Historical owner CC0 statement retained; imported metadata and scoped notices recorded separately.,addons/godot-rapier2d/LICENSE
addons/godot-rapier2d/godot-rapier2d.gdextension,other,addons/godot-rapier2d,2486,2b8b2115e94ca5d1a1494b6052dbf65f0fff7b4acce752d4c8367350a820eb14,defer,Optional subsystem/demo; no wholesale integration justified for current miniature arcade racing.,See source-specific notices,Historical owner CC0 statement retained; imported metadata and scoped notices recorded separately.,addons/godot-rapier2d/LICENSE
addons/godot-rapier2d/icons/Fluid2D.svg,images,addons/godot-rapier2d,555,1eafee1284c6a2f1c50ec8d5b4c181c64da1b07cf3a5edf48d3c6cd23ec30bc5,defer,Optional subsystem/demo; no wholesale integration justified for current miniature arcade racing.,See source-specific notices,Historical owner CC0 statement retained; imported metadata and scoped notices recorded separately.,addons/godot-rapier2d/LICENSE
addons/godot-rapier2d/icons/StateManager2D.svg,images,addons/godot-rapier2d,3381,48cbde17a3b8d7b99c564ef01db483320d5ffe7fd736c1dcd8ac5daef3c8f091,defer,Optional subsystem/demo; no wholesale integration justified for current miniature arcade racing.,See source-specific notices,Historical owner CC0 statement retained; imported metadata and scoped notices recorded separately.,addons/godot-rapier2d/LICENSE
addons/godot-rapier2d/LICENSE,other,addons/godot-rapier2d,1102,b876a61b43cc648b56428d56a484784a88d4231809e4d7f4fd8dbdb6772400e8,defer,Optional subsystem/demo; no wholesale integration justified for current miniature arcade racing.,See source-specific notices,Historical owner CC0 statement retained; imported metadata and scoped notices recorded separately.,addons/godot-rapier2d/LICENSE
addons/godot-rapier2d/logo_square_2d.png,images,addons/godot-rapier2d,31025,d3387239654b30b3e24ca3c42e9c320a11b130031df7ac65caee8d39341212f2,defer,Optional subsystem/demo; no wholesale integration justified for current miniature arcade racing.,See source-specific notices,Historical owner CC0 statement retained; imported metadata and scoped notices recorded separately.,addons/godot-rapier2d/LICENSE
addons/godot-rapier2d/plugin.info.cfg,other,addons/godot-rapier2d,212,68ce562424fbe41e1b540d7a6c3a188ccc5322ad17c1461f85b7b34d33ce66a2,defer,Optional subsystem/demo; no wholesale integration justified for current miniature arcade racing.,See source-specific notices,Historical owner CC0 statement retained; imported metadata and scoped notices recorded separately.,addons/godot-rapier2d/LICENSE
addons/godot-rapier2d/Radial2D.svg,images,addons/godot-rapier2d,979,12a17b6dccb88c9521d62261c26b8abeb9dbb3ae7d798d40b7c7dc8a156d1e44,defer,Optional subsystem/demo; no wholesale integration justified for current miniature arcade racing.,See source-specific notices,Historical owner CC0 statement retained; imported metadata and scoped notices recorded separately.,addons/godot-rapier2d/LICENSE
addons/godot-rapier2d/THIRDPARTY.txt,other,addons/godot-rapier2d,15824,63405a03af6a0a85dace7cc08001b34f28e8792dd2b7fb4de09137a6b58392df,defer,Optional subsystem/demo; no wholesale integration justified for current miniature arcade racing.,See source-specific notices,Historical owner CC0 statement retained; imported metadata and scoped notices recorded separately.,addons/godot-rapier2d/LICENSE
addons/godot-rapier2d/water_shader.gdshader,shaders,addons/godot-rapier2d,631,ae74c3093dfc12580810a7f06c3ee7e4ac0f354cd4f2a8d73bef2c8431026fdc,defer,Optional subsystem/demo; no wholesale integration justified for current miniature arcade racing.,See source-specific notices,Historical owner CC0 statement retained; imported metadata and scoped notices recorded separately.,addons/godot-rapier2d/LICENSE
addons/godot-rapier2d/water_shader.tres,materials,addons/godot-rapier2d,432,c9c96beff528fe906be8b44a69eaa60ec675fdbb75670cc2de5d2869a5c0f477,defer,Optional subsystem/demo; no wholesale integration justified for current miniature arcade racing.,See source-specific notices,Historical owner CC0 statement retained; imported metadata and scoped notices recorded separately.,addons/godot-rapier2d/LICENSE
addons/godot_mcp_toolkit/ATTRIBUTIONS.md,other,addons/godot_mcp_toolkit,4736,4c37ea3f9b53c87792f1a0beb9d1660c097565bf7494f005165fa6bd660d83b8,tooling,Editor/development tooling; keep separate from race assets.,See source-specific notices,Historical owner CC0 statement retained; imported metadata and scoped notices recorded separately.,addons/godot_mcp_toolkit/LICENSE
addons/godot_mcp_toolkit/commands/3d_commands.gd,other,addons/godot_mcp_toolkit,10857,1109857c3ca5608f4d9b137e29048636bac2c776d07c3e478c959acdd1c12281,tooling,Editor/development tooling; keep separate from race assets.,See source-specific notices,Historical owner CC0 statement retained; imported metadata and scoped notices recorded separately.,addons/godot_mcp_toolkit/LICENSE
addons/godot_mcp_toolkit/commands/animation_commands.gd,other,addons/godot_mcp_toolkit,26789,8196b52c51723e204b9b46b91e388847125efdb0956246c71665e8f918b03c03,tooling,Editor/development tooling; keep separate from race assets.,See source-specific notices,Historical owner CC0 statement retained; imported metadata and scoped notices recorded separately.,addons/godot_mcp_toolkit/LICENSE
addons/godot_mcp_toolkit/commands/asset_commands.gd,other,addons/godot_mcp_toolkit,14898,bca96fc503b2f26dc3c18a12f985eba7f0898be71c0f4a5984888e392e48a67c,tooling,Editor/development tooling; keep separate from race assets.,See source-specific notices,Historical owner CC0 statement retained; imported metadata and scoped notices recorded separately.,addons/godot_mcp_toolkit/LICENSE
addons/godot_mcp_toolkit/commands/audiobus_commands.gd,other,addons/godot_mcp_toolkit,9901,95901e7595b8841f19f1aec9e5aa69f3eaccee3359315f7f14904732bb0db996,tooling,Editor/development tooling; keep separate from race assets.,See source-specific notices,Historical owner CC0 statement retained; imported metadata and scoped notices recorded separately.,addons/godot_mcp_toolkit/LICENSE
addons/godot_mcp_toolkit/commands/classdb_commands.gd,other,addons/godot_mcp_toolkit,16101,4fdfa3ac5da45cf9484af3afa0527a866f2b79704baff4b2aab4495e8491debd,tooling,Editor/development tooling; keep separate from race assets.,See source-specific notices,Historical owner CC0 statement retained; imported metadata and scoped notices recorded separately.,addons/godot_mcp_toolkit/LICENSE
addons/godot_mcp_toolkit/commands/debug_commands.gd,other,addons/godot_mcp_toolkit,7737,0915cc4aa1bcd8967ba85ef4ba028a32f375903c425bd245377c89ae658bfb92,tooling,Editor/development tooling; keep separate from race assets.,See source-specific notices,Historical owner CC0 statement retained; imported metadata and scoped notices recorded separately.,addons/godot_mcp_toolkit/LICENSE
addons/godot_mcp_toolkit/commands/editor/editor_commands.gd,other,addons/godot_mcp_toolkit,2964,d397a8f418261a11b26a4f580ab4230cb96188c8a38e4f498ae81a24640c47d4,tooling,Editor/development tooling; keep separate from race assets.,See source-specific notices,Historical owner CC0 statement retained; imported metadata and scoped notices recorded separately.,addons/godot_mcp_toolkit/LICENSE
addons/godot_mcp_toolkit/commands/editor/editor_execute.gd,other,addons/godot_mcp_toolkit,3475,58ab7d127a5db819c05727241b524456ff40a9d81f1bd693fd2d0e30aa42370a,tooling,Editor/development tooling; keep separate from race assets.,See source-specific notices,Historical owner CC0 statement retained; imported metadata and scoped notices recorded separately.,addons/godot_mcp_toolkit/LICENSE
addons/godot_mcp_toolkit/commands/editor/editor_log_reader.gd,other,addons/godot_mcp_toolkit,18375,7659351a88ed39b6456b5d6a2f61c31892d8b5680dd7d75c808001f3d092ebf6,tooling,Editor/development tooling; keep separate from race assets.,See source-specific notices,Historical owner CC0 statement retained; imported metadata and scoped notices recorded separately.,addons/godot_mcp_toolkit/LICENSE
addons/godot_mcp_toolkit/commands/editor/editor_rescan.gd,other,addons/godot_mcp_toolkit,5528,d40395f2f9d8f5d3ead392f2e30659a39ed1dcd7fb407bf5eb8e44bb6494fa35,tooling,Editor/development tooling; keep separate from race assets.,See source-specific notices,Historical owner CC0 statement retained; imported metadata and scoped notices recorded separately.,addons/godot_mcp_toolkit/LICENSE
addons/godot_mcp_toolkit/commands/editor/editor_screenshot.gd,other,addons/godot_mcp_toolkit,13980,70edd21a8785742cdbc347c701982b50787f614abe32ae66e4a658885428e9dd,tooling,Editor/development tooling; keep separate from race assets.,See source-specific notices,Historical owner CC0 statement retained; imported metadata and scoped notices recorded separately.,addons/godot_mcp_toolkit/LICENSE
addons/godot_mcp_toolkit/commands/editor_helpers.gd,other,addons/godot_mcp_toolkit,40596,e452a10092beb778c978577d7e18e0523669717df8d82399ad00036eddea23e8,tooling,Editor/development tooling; keep separate from race assets.,See source-specific notices,Historical owner CC0 statement retained; imported metadata and scoped notices recorded separately.,addons/godot_mcp_toolkit/LICENSE
addons/godot_mcp_toolkit/commands/file_commands.gd,other,addons/godot_mcp_toolkit,2978,ebdc2747f0d05c831dbda8523a15aba5f12cae10c2066f7dce83155bdc90d2ad,tooling,Editor/development tooling; keep separate from race assets.,See source-specific notices,Historical owner CC0 statement retained; imported metadata and scoped notices recorded separately.,addons/godot_mcp_toolkit/LICENSE
addons/godot_mcp_toolkit/commands/folder_commands.gd,other,addons/godot_mcp_toolkit,10805,5ff0a1818f6791edf86ece858b2219385360f64bf1ae03e8a36045ff62d65d13,tooling,Editor/development tooling; keep separate from race assets.,See source-specific notices,Historical owner CC0 statement retained; imported metadata and scoped notices recorded separately.,addons/godot_mcp_toolkit/LICENSE
addons/godot_mcp_toolkit/commands/input_map_commands.gd,other,addons/godot_mcp_toolkit,11448,7c2e61e0b0fc61a7b042f17314fa336583ac09b29b68e26aa4ce4e0eaa38bd5b,tooling,Editor/development tooling; keep separate from race assets.,See source-specific notices,Historical owner CC0 statement retained; imported metadata and scoped notices recorded separately.,addons/godot_mcp_toolkit/LICENSE
addons/godot_mcp_toolkit/commands/meta_commands.gd,other,addons/godot_mcp_toolkit,1513,e41fdc1406519b66fb6d5a692ebc80b25d47011d54c9beaa68838afd830a1574,tooling,Editor/development tooling; keep separate from race assets.,See source-specific notices,Historical owner CC0 statement retained; imported metadata and scoped notices recorded separately.,addons/godot_mcp_toolkit/LICENSE
addons/godot_mcp_toolkit/commands/navigation_commands.gd,other,addons/godot_mcp_toolkit,7023,5b95ba2d8aa7abfa4e8e5f25f6ed48aca80c152a4e9488d703fd8f513c55d17f,tooling,Editor/development tooling; keep separate from race assets.,See source-specific notices,Historical owner CC0 statement retained; imported metadata and scoped notices recorded separately.,addons/godot_mcp_toolkit/LICENSE
addons/godot_mcp_toolkit/commands/node_commands.gd,other,addons/godot_mcp_toolkit,53017,8c1a3ee3a42d95459cbd3021ce98cb04fb9a51c7d9bd06705c347a84f660e337,tooling,Editor/development tooling; keep separate from race assets.,See source-specific notices,Historical owner CC0 statement retained; imported metadata and scoped notices recorded separately.,addons/godot_mcp_toolkit/LICENSE
addons/godot_mcp_toolkit/commands/particle_commands.gd,other,addons/godot_mcp_toolkit,25333,589cdacc6d8e60128f86a2e2dd45fef2f30cd74562933d228f182d33d7ccb229,tooling,Editor/development tooling; keep separate from race assets.,See source-specific notices,Historical owner CC0 statement retained; imported metadata and scoped notices recorded separately.,addons/godot_mcp_toolkit/LICENSE
addons/godot_mcp_toolkit/commands/path_commands.gd,other,addons/godot_mcp_toolkit,5821,e1bab47eac185284b78ee69930e1953410ec3a36532cc7a51189a4e56e8eaddf,tooling,Editor/development tooling; keep separate from race assets.,See source-specific notices,Historical owner CC0 statement retained; imported metadata and scoped notices recorded separately.,addons/godot_mcp_toolkit/LICENSE
addons/godot_mcp_toolkit/commands/playtest/playtest_commands.gd,other,addons/godot_mcp_toolkit,1851,e98184809e9a64312e9c80faec984cc0614f27529c45d2d8e2eb1f8baa06471b,tooling,Editor/development tooling; keep separate from race assets.,See source-specific notices,Historical owner CC0 statement retained; imported metadata and scoped notices recorded separately.,addons/godot_mcp_toolkit/LICENSE
addons/godot_mcp_toolkit/commands/playtest/playtest_control.gd,other,addons/godot_mcp_toolkit,17176,25b3d854e497b9d5abddb7841e76ab8f665ba03dd6b60107e65f9ef0aad2a672,tooling,Editor/development tooling; keep separate from race assets.,See source-specific notices,Historical owner CC0 statement retained; imported metadata and scoped notices recorded separately.,addons/godot_mcp_toolkit/LICENSE
addons/godot_mcp_toolkit/commands/playtest_log_reader.gd,other,addons/godot_mcp_toolkit,10477,561cf4bde98bc0b911e853bfd20c846fc233b30d692ae5c12032cc4b62e63c5e,tooling,Editor/development tooling; keep separate from race assets.,See source-specific notices,Historical owner CC0 statement retained; imported metadata and scoped notices recorded separately.,addons/godot_mcp_toolkit/LICENSE
addons/godot_mcp_toolkit/commands/procedural_commands.gd,other,addons/godot_mcp_toolkit,13893,bba13065e37084eca6beabb58fc9f212b3b95bcc8e8c41e14928a4ce8b5708a5,tooling,Editor/development tooling; keep separate from race assets.,See source-specific notices,Historical owner CC0 statement retained; imported metadata and scoped notices recorded separately.,addons/godot_mcp_toolkit/LICENSE
addons/godot_mcp_toolkit/commands/project_commands.gd,other,addons/godot_mcp_toolkit,11954,f599da795756a69982d33800b1238773650293af4feaf2e8bdb1892855e22331,tooling,Editor/development tooling; keep separate from race assets.,See source-specific notices,Historical owner CC0 statement retained; imported metadata and scoped notices recorded separately.,addons/godot_mcp_toolkit/LICENSE
addons/godot_mcp_toolkit/commands/resource_commands.gd,other,addons/godot_mcp_toolkit,10294,9725d9e20323fb0756cfdd7ffb01b249b8f31f4411acfb3975ef82055960ea07,tooling,Editor/development tooling; keep separate from race assets.,See source-specific notices,Historical owner CC0 statement retained; imported metadata and scoped notices recorded separately.,addons/godot_mcp_toolkit/LICENSE
addons/godot_mcp_toolkit/commands/save_commands.gd,other,addons/godot_mcp_toolkit,8065,b4d3932ae74b7ebbc36cf29c4c8b3ee20c4e7fefafbb862f53bf6af7e9b4b56a,tooling,Editor/development tooling; keep separate from race assets.,See source-specific notices,Historical owner CC0 statement retained; imported metadata and scoped notices recorded separately.,addons/godot_mcp_toolkit/LICENSE
addons/godot_mcp_toolkit/commands/scene_commands.gd,other,addons/godot_mcp_toolkit,46251,f029ac22891845fb55cd9de55604e1e8130bfaf775a9c81e1324b6d7390a6b0c,tooling,Editor/development tooling; keep separate from race assets.,See source-specific notices,Historical owner CC0 statement retained; imported metadata and scoped notices recorded separately.,addons/godot_mcp_toolkit/LICENSE
addons/godot_mcp_toolkit/commands/script_commands.gd,other,addons/godot_mcp_toolkit,21678,63572879219e2b04a6d184198eef81282a2a32fcdafba18e74477348fd007224,tooling,Editor/development tooling; keep separate from race assets.,See source-specific notices,Historical owner CC0 statement retained; imported metadata and scoped notices recorded separately.,addons/godot_mcp_toolkit/LICENSE
addons/godot_mcp_toolkit/commands/signal_commands.gd,other,addons/godot_mcp_toolkit,11923,ec9afd72ce3736758984ac5f6aee30974b0e0851f6dea76085c94b2caa7652b3,tooling,Editor/development tooling; keep separate from race assets.,See source-specific notices,Historical owner CC0 statement retained; imported metadata and scoped notices recorded separately.,addons/godot_mcp_toolkit/LICENSE
addons/godot_mcp_toolkit/commands/sound_commands.gd,other,addons/godot_mcp_toolkit,5684,ee93e3db42ca4dff90950b323747c2adf00309bbae261eb2d9831a83969f7725,tooling,Editor/development tooling; keep separate from race assets.,See source-specific notices,Historical owner CC0 statement retained; imported metadata and scoped notices recorded separately.,addons/godot_mcp_toolkit/LICENSE
addons/godot_mcp_toolkit/commands/spatial_commands.gd,other,addons/godot_mcp_toolkit,11775,872d1f7498bb048bad587d370b2bb3aa7bba404cf68222d8762e5df9fd5ce1b9,tooling,Editor/development tooling; keep separate from race assets.,See source-specific notices,Historical owner CC0 statement retained; imported metadata and scoped notices recorded separately.,addons/godot_mcp_toolkit/LICENSE
addons/godot_mcp_toolkit/commands/spriteframes_commands.gd,other,addons/godot_mcp_toolkit,14751,82a5d5c2c7f35a13b9fc289a87576237968b679869323e3e3ffda3be434d59c0,tooling,Editor/development tooling; keep separate from race assets.,See source-specific notices,Historical owner CC0 statement retained; imported metadata and scoped notices recorded separately.,addons/godot_mcp_toolkit/LICENSE
addons/godot_mcp_toolkit/commands/texture_commands.gd,other,addons/godot_mcp_toolkit,11301,26faf5ba9786cf9d59337dbf69addf8700020982a5025f45bbc700a1fee8eb3d,tooling,Editor/development tooling; keep separate from race assets.,See source-specific notices,Historical owner CC0 statement retained; imported metadata and scoped notices recorded separately.,addons/godot_mcp_toolkit/LICENSE
addons/godot_mcp_toolkit/commands/theme_commands.gd,other,addons/godot_mcp_toolkit,7421,ddbf9fdc6d9027b20f58a00e5192e308087fa4799ea77358d539f0f02bb4ca6c,tooling,Editor/development tooling; keep separate from race assets.,See source-specific notices,Historical owner CC0 statement retained; imported metadata and scoped notices recorded separately.,addons/godot_mcp_toolkit/LICENSE
addons/godot_mcp_toolkit/commands/tilemap_commands.gd,other,addons/godot_mcp_toolkit,11327,e05dd513522bad9d24775a9fa23eb54dd4daeb3b3c982059c2a701f5aca2ce5d,tooling,Editor/development tooling; keep separate from race assets.,See source-specific notices,Historical owner CC0 statement retained; imported metadata and scoped notices recorded separately.,addons/godot_mcp_toolkit/LICENSE
addons/godot_mcp_toolkit/commands/tileset/tileset_alternatives.gd,other,addons/godot_mcp_toolkit,4632,d925ae3b2ba1958f7aa652a40b9041901bb95bc816aee00f38a627804f3d372a,tooling,Editor/development tooling; keep separate from race assets.,See source-specific notices,Historical owner CC0 statement retained; imported metadata and scoped notices recorded separately.,addons/godot_mcp_toolkit/LICENSE
addons/godot_mcp_toolkit/commands/tileset/tileset_commands.gd,other,addons/godot_mcp_toolkit,3218,445fe65d18b2ae29a42279f6417e8dcb8e6bd3e99fa8582d3668f6e606707bf2,tooling,Editor/development tooling; keep separate from race assets.,See source-specific notices,Historical owner CC0 statement retained; imported metadata and scoped notices recorded separately.,addons/godot_mcp_toolkit/LICENSE
addons/godot_mcp_toolkit/commands/tileset/tileset_io.gd,other,addons/godot_mcp_toolkit,2666,a4e58a6bdd2713b1d3a9bb72d799d2d0b12409f11b9a416f0879fd685aed5cd7,tooling,Editor/development tooling; keep separate from race assets.,See source-specific notices,Historical owner CC0 statement retained; imported metadata and scoped notices recorded separately.,addons/godot_mcp_toolkit/LICENSE
addons/godot_mcp_toolkit/commands/tileset/tileset_structure.gd,other,addons/godot_mcp_toolkit,10220,aa56497eab4266b57a8ae02c2b65cc08e81046a1b135fc9f0b96258d41d544c2,tooling,Editor/development tooling; keep separate from race assets.,See source-specific notices,Historical owner CC0 statement retained; imported metadata and scoped notices recorded separately.,addons/godot_mcp_toolkit/LICENSE
addons/godot_mcp_toolkit/commands/tileset/tileset_tile_data.gd,other,addons/godot_mcp_toolkit,14812,4679f9ec23ab475ace290c0f24b092c93f364c0ab015d685a586e0e1af58bd46,tooling,Editor/development tooling; keep separate from race assets.,See source-specific notices,Historical owner CC0 statement retained; imported metadata and scoped notices recorded separately.,addons/godot_mcp_toolkit/LICENSE
addons/godot_mcp_toolkit/CompanionSkills/godot-mcp-toolkit/references/input-events.md,other,addons/godot_mcp_toolkit,2659,f4d23e58c9be513f37093a68a3c36ed7951d3fd4f0a89eb8f607cee16c6d8eca,tooling,Editor/development tooling; keep separate from race assets.,See source-specific notices,Historical owner CC0 statement retained; imported metadata and scoped notices recorded separately.,addons/godot_mcp_toolkit/LICENSE
addons/godot_mcp_toolkit/CompanionSkills/godot-mcp-toolkit/references/parallel-sessions.md,other,addons/godot_mcp_toolkit,3086,af4cb4a72d2855ad8b9b28229ced8320a606e0d43bb95ec0110617af1ad5b7d2,tooling,Editor/development tooling; keep separate from race assets.,See source-specific notices,Historical owner CC0 statement retained; imported metadata and scoped notices recorded separately.,addons/godot_mcp_toolkit/LICENSE
addons/godot_mcp_toolkit/CompanionSkills/godot-mcp-toolkit/references/type-wrappers.md,other,addons/godot_mcp_toolkit,3027,b588a3503a427af49bea5d6dcb68aab2355bfc846e86efd4a2148930140a63e1,tooling,Editor/development tooling; keep separate from race assets.,See source-specific notices,Historical owner CC0 statement retained; imported metadata and scoped notices recorded separately.,addons/godot_mcp_toolkit/LICENSE
addons/godot_mcp_toolkit/CompanionSkills/godot-mcp-toolkit/SKILL.md,other,addons/godot_mcp_toolkit,26631,cb1e10b405250e2d9d57ccabfd9efc20dc98a3764fae0fc7a38561aea910e557,tooling,Editor/development tooling; keep separate from race assets.,See source-specific notices,Historical owner CC0 statement retained; imported metadata and scoped notices recorded separately.,addons/godot_mcp_toolkit/LICENSE
addons/godot_mcp_toolkit/CompanionSkills/mcp-extension-creator/references/cancellation.md,other,addons/godot_mcp_toolkit,2341,8394135334723653f9d46a4b32990aa9e6e6dacab568466b8f6b1f2a2d46d422,tooling,Editor/development tooling; keep separate from race assets.,See source-specific notices,Historical owner CC0 statement retained; imported metadata and scoped notices recorded separately.,addons/godot_mcp_toolkit/LICENSE
addons/godot_mcp_toolkit/CompanionSkills/mcp-extension-creator/references/csharp-extensions.md,other,addons/godot_mcp_toolkit,5020,00be745c9e922e72747a4f34c703068044f513422d895c27f90e4349342ec9fd,tooling,Editor/development tooling; keep separate from race assets.,See source-specific notices,Historical owner CC0 statement retained; imported metadata and scoped notices recorded separately.,addons/godot_mcp_toolkit/LICENSE
addons/godot_mcp_toolkit/CompanionSkills/mcp-extension-creator/references/example-extension.gd,other,addons/godot_mcp_toolkit,2315,a31b06e2b0898899c2acc3baac384f73fb85302d9ad228ce0c6285a4a3fd0898,tooling,Editor/development tooling; keep separate from race assets.,See source-specific notices,Historical owner CC0 statement retained; imported metadata and scoped notices recorded separately.,addons/godot_mcp_toolkit/LICENSE
addons/godot_mcp_toolkit/CompanionSkills/mcp-extension-creator/references/exporting.md,other,addons/godot_mcp_toolkit,1221,09ce5fbbb26d8d8af37f5e6c4d44ce8844f0c2acd6e1d2343e4880833ad78490,tooling,Editor/development tooling; keep separate from race assets.,See source-specific notices,Historical owner CC0 statement retained; imported metadata and scoped notices recorded separately.,addons/godot_mcp_toolkit/LICENSE
addons/godot_mcp_toolkit/CompanionSkills/mcp-extension-creator/references/type-coercion.md,other,addons/godot_mcp_toolkit,995,116e8c1e562208e7abd4131c6df65adf40e14f62ddcd1df250e686d1e899cdd6,tooling,Editor/development tooling; keep separate from race assets.,See source-specific notices,Historical owner CC0 statement retained; imported metadata and scoped notices recorded separately.,addons/godot_mcp_toolkit/LICENSE
addons/godot_mcp_toolkit/CompanionSkills/mcp-extension-creator/SKILL.md,other,addons/godot_mcp_toolkit,27023,777bf1bc9abe4d4036e922b697ec3ecfc45774baa1ef18f18449ea0baffef16c,tooling,Editor/development tooling; keep separate from race assets.,See source-specific notices,Historical owner CC0 statement retained; imported metadata and scoped notices recorded separately.,addons/godot_mcp_toolkit/LICENSE
addons/godot_mcp_toolkit/contract/coerce.gd,other,addons/godot_mcp_toolkit,15068,71a6eae8ec5bec5149593654b2c74affc4231e70a89ad6a0d65c77737ff7e348,tooling,Editor/development tooling; keep separate from race assets.,See source-specific notices,Historical owner CC0 statement retained; imported metadata and scoped notices recorded separately.,addons/godot_mcp_toolkit/LICENSE
addons/godot_mcp_toolkit/contract/execute_hints.gd,other,addons/godot_mcp_toolkit,6177,8f6ffd0b25c9a3717df3875674226ceaa9449cfd4a258b04608352d1a7c00e80,tooling,Editor/development tooling; keep separate from race assets.,See source-specific notices,Historical owner CC0 statement retained; imported metadata and scoped notices recorded separately.,addons/godot_mcp_toolkit/LICENSE
addons/godot_mcp_toolkit/contract/mcp_toolkit_command_options.gd,other,addons/godot_mcp_toolkit,10739,dc6d29af0e80ea711fec2b056e349d074c88124179ea24306bba0ef62247b185,tooling,Editor/development tooling; keep separate from race assets.,See source-specific notices,Historical owner CC0 statement retained; imported metadata and scoped notices recorded separately.,addons/godot_mcp_toolkit/LICENSE
addons/godot_mcp_toolkit/contract/mcp_toolkit_error.gd,other,addons/godot_mcp_toolkit,12642,18848cf6e621e81f4c8961e67744e8b47ad616662adc6f2ae29a8422980976a9,tooling,Editor/development tooling; keep separate from race assets.,See source-specific notices,Historical owner CC0 statement retained; imported metadata and scoped notices recorded separately.,addons/godot_mcp_toolkit/LICENSE
addons/godot_mcp_toolkit/contract/mcp_toolkit_success.gd,other,addons/godot_mcp_toolkit,843,973fd32f001ad364fb198e8c464bc537ee4281245dd21284c5c075b8fa26f041,tooling,Editor/development tooling; keep separate from race assets.,See source-specific notices,Historical owner CC0 statement retained; imported metadata and scoped notices recorded separately.,addons/godot_mcp_toolkit/LICENSE
addons/godot_mcp_toolkit/contract/mcp_toolkit_tool_context.gd,other,addons/godot_mcp_toolkit,1691,f544156d384857c3d11b01851527adc71e2b178319d93faa9be647e78f2b721e,tooling,Editor/development tooling; keep separate from race assets.,See source-specific notices,Historical owner CC0 statement retained; imported metadata and scoped notices recorded separately.,addons/godot_mcp_toolkit/LICENSE
addons/godot_mcp_toolkit/contract/pagination.gd,other,addons/godot_mcp_toolkit,6874,166e105ca7dc2ce0f0d282382b22fd3efb4340d63102e5dd77f4b88b5d07964f,tooling,Editor/development tooling; keep separate from race assets.,See source-specific notices,Historical owner CC0 statement retained; imported metadata and scoped notices recorded separately.,addons/godot_mcp_toolkit/LICENSE
addons/godot_mcp_toolkit/contract/property_set_check.gd,other,addons/godot_mcp_toolkit,8825,a2a34e88c94df02a6e978065c16781e04bb07eaa0f86559063017149adb019a1,tooling,Editor/development tooling; keep separate from race assets.,See source-specific notices,Historical owner CC0 statement retained; imported metadata and scoped notices recorded separately.,addons/godot_mcp_toolkit/LICENSE
addons/godot_mcp_toolkit/contract/screenshot_response.gd,other,addons/godot_mcp_toolkit,13350,218b27b6411478134d381872f0b00285ff91fc731b20824d21cabaf896627c4b,tooling,Editor/development tooling; keep separate from race assets.,See source-specific notices,Historical owner CC0 statement retained; imported metadata and scoped notices recorded separately.,addons/godot_mcp_toolkit/LICENSE
addons/godot_mcp_toolkit/core/autoload_identity.gd,other,addons/godot_mcp_toolkit,1880,5e8053bd90910109e8c11c603300b52e645edb8f935170b318d5c806a73ab6f7,tooling,Editor/development tooling; keep separate from race assets.,See source-specific notices,Historical owner CC0 statement retained; imported metadata and scoped notices recorded separately.,addons/godot_mcp_toolkit/LICENSE
addons/godot_mcp_toolkit/core/autoload_registration.gd,other,addons/godot_mcp_toolkit,3941,14fec0b5368b731baeb3e252b3663893b700dcbea345317de0a00ddb5ba76b46,tooling,Editor/development tooling; keep separate from race assets.,See source-specific notices,Historical owner CC0 statement retained; imported metadata and scoped notices recorded separately.,addons/godot_mcp_toolkit/LICENSE
addons/godot_mcp_toolkit/core/disable_cleanup_coordinator.gd,other,addons/godot_mcp_toolkit,7043,6038dc4a202c76bb282458e3f59e00befb4b9e4a6492a60da8c44439f9d01414,tooling,Editor/development tooling; keep separate from race assets.,See source-specific notices,Historical owner CC0 statement retained; imported metadata and scoped notices recorded separately.,addons/godot_mcp_toolkit/LICENSE
addons/godot_mcp_toolkit/core/dock_host.gd,other,addons/godot_mcp_toolkit,4540,3585eed9aa010448488227f787fa8b1cdac20c22cdcc0d8017f5fd77db039387,tooling,Editor/development tooling; keep separate from race assets.,See source-specific notices,Historical owner CC0 statement retained; imported metadata and scoped notices recorded separately.,addons/godot_mcp_toolkit/LICENSE
addons/godot_mcp_toolkit/core/editor_access.gd,other,addons/godot_mcp_toolkit,1887,76c0e5ce31122aca0200469487d3055183d1e4a9743200b372ff02c3efb2a9fb,tooling,Editor/development tooling; keep separate from race assets.,See source-specific notices,Historical owner CC0 statement retained; imported metadata and scoped notices recorded separately.,addons/godot_mcp_toolkit/LICENSE
addons/godot_mcp_toolkit/core/export_strip.gd,other,addons/godot_mcp_toolkit,8836,463a28a314a78164a262c727304a35362e2128d16eb867e8e08234b6a703c85b,tooling,Editor/development tooling; keep separate from race assets.,See source-specific notices,Historical owner CC0 statement retained; imported metadata and scoped notices recorded separately.,addons/godot_mcp_toolkit/LICENSE
addons/godot_mcp_toolkit/core/modules.gd,other,addons/godot_mcp_toolkit,1922,85725235ea7558d010611264f0c6b13af969c7eabcf2a753829f93b593c9472c,tooling,Editor/development tooling; keep separate from race assets.,See source-specific notices,Historical owner CC0 statement retained; imported metadata and scoped notices recorded separately.,addons/godot_mcp_toolkit/LICENSE
addons/godot_mcp_toolkit/core/playtest_end_detector.gd,other,addons/godot_mcp_toolkit,1988,6a0d924bc3d222dffa15074f4e9ade2d4216c43a2466d5ef604f8d039423bc59,tooling,Editor/development tooling; keep separate from race assets.,See source-specific notices,Historical owner CC0 statement retained; imported metadata and scoped notices recorded separately.,addons/godot_mcp_toolkit/LICENSE
addons/godot_mcp_toolkit/core/plugin_composer.gd,other,addons/godot_mcp_toolkit,15168,115143b755f80ca964a37c3df2f6ef270f7842d0ff7e6e2cb0369d08abdf4199,tooling,Editor/development tooling; keep separate from race assets.,See source-specific notices,Historical owner CC0 statement retained; imported metadata and scoped notices recorded separately.,addons/godot_mcp_toolkit/LICENSE
addons/godot_mcp_toolkit/core/settings_registration.gd,other,addons/godot_mcp_toolkit,5373,52808268eec0dc54f9304c77b0adeef296fd6aedafea4dd66876d4bdd592572b,tooling,Editor/development tooling; keep separate from race assets.,See source-specific notices,Historical owner CC0 statement retained; imported metadata and scoped notices recorded separately.,addons/godot_mcp_toolkit/LICENSE
addons/godot_mcp_toolkit/core/tool_menu.gd,other,addons/godot_mcp_toolkit,5987,2ae4bbf38211ab419e68145ab505548e2ab57e3df9884aeaa71827841d7034f7,tooling,Editor/development tooling; keep separate from race assets.,See source-specific notices,Historical owner CC0 statement retained; imported metadata and scoped notices recorded separately.,addons/godot_mcp_toolkit/LICENSE
addons/godot_mcp_toolkit/core/unfocused_backup.gd,other,addons/godot_mcp_toolkit,5090,69b700546ee980613115ed917126d3888353a1b86f05c37de5d751fdff8750d8,tooling,Editor/development tooling; keep separate from race assets.,See source-specific notices,Historical owner CC0 statement retained; imported metadata and scoped notices recorded separately.,addons/godot_mcp_toolkit/LICENSE
addons/godot_mcp_toolkit/core/unfocused_sleep_controller.gd,other,addons/godot_mcp_toolkit,9742,a217c1bf2ede6f3e79478cc1626a17768492bb17ef60aa86642f793433f80b2c,tooling,Editor/development tooling; keep separate from race assets.,See source-specific notices,Historical owner CC0 statement retained; imported metadata and scoped notices recorded separately.,addons/godot_mcp_toolkit/LICENSE
addons/godot_mcp_toolkit/extensions/extension_loader.gd,other,addons/godot_mcp_toolkit,1867,a861196e43d31cdaefb2075a0263eff5be832db0cbed4277fc31d9359ccec8f2,tooling,Editor/development tooling; keep separate from race assets.,See source-specific notices,Historical owner CC0 statement retained; imported metadata and scoped notices recorded separately.,addons/godot_mcp_toolkit/LICENSE
addons/godot_mcp_toolkit/extensions/mcp_toolkit_extension.gd,other,addons/godot_mcp_toolkit,1586,c2b7cba5635cac91642462486b999c622d1db8362141facebe6178d93a187ecb,tooling,Editor/development tooling; keep separate from race assets.,See source-specific notices,Historical owner CC0 statement retained; imported metadata and scoped notices recorded separately.,addons/godot_mcp_toolkit/LICENSE
addons/godot_mcp_toolkit/extensions/mcp_toolkit_extension_options.gd,other,addons/godot_mcp_toolkit,1526,1b6d00f8d84dcfa959225dfbfc3e2a82201441179b09c97d5f31a90ef8147189,tooling,Editor/development tooling; keep separate from race assets.,See source-specific notices,Historical owner CC0 statement retained; imported metadata and scoped notices recorded separately.,addons/godot_mcp_toolkit/LICENSE
addons/godot_mcp_toolkit/extensions/services/extension_discovery.gd,other,addons/godot_mcp_toolkit,1840,ffa7aa1f9c6d0890252bb3a82e58d4a5487cb116fb7c4240ebc0a65348e37d8e,tooling,Editor/development tooling; keep separate from race assets.,See source-specific notices,Historical owner CC0 statement retained; imported metadata and scoped notices recorded separately.,addons/godot_mcp_toolkit/LICENSE
addons/godot_mcp_toolkit/extensions/services/extension_meta_commands.gd,other,addons/godot_mcp_toolkit,2359,354b97b362b79990c26188b49e5eef0e2e92c1aa5dfa1489e12ae549df8d07b8,tooling,Editor/development tooling; keep separate from race assets.,See source-specific notices,Historical owner CC0 statement retained; imported metadata and scoped notices recorded separately.,addons/godot_mcp_toolkit/LICENSE
addons/godot_mcp_toolkit/extensions/services/extension_support.gd,other,addons/godot_mcp_toolkit,10860,15509b72bfcfd39e5fd00f6e90c6f999ded8cde72538a74adce80a6792273235,tooling,Editor/development tooling; keep separate from race assets.,See source-specific notices,Historical owner CC0 statement retained; imported metadata and scoped notices recorded separately.,addons/godot_mcp_toolkit/LICENSE
addons/godot_mcp_toolkit/extensions/services/extension_watcher.gd,other,addons/godot_mcp_toolkit,19656,a16105d5fdd10ff51e4efbb304c56f7029a632af975d7cd5922a1207cda023c8,tooling,Editor/development tooling; keep separate from race assets.,See source-specific notices,Historical owner CC0 statement retained; imported metadata and scoped notices recorded separately.,addons/godot_mcp_toolkit/LICENSE
addons/godot_mcp_toolkit/icon.svg,images,addons/godot_mcp_toolkit,183576,0f47632680934d4a2f201fe93901f74d3962773bdab6f23f2ef77b9f4d2a1d95,tooling,Editor/development tooling; keep separate from race assets.,See source-specific notices,Historical owner CC0 statement retained; imported metadata and scoped notices recorded separately.,addons/godot_mcp_toolkit/LICENSE
addons/godot_mcp_toolkit/LICENSE,other,addons/godot_mcp_toolkit,1265,7060da9686850b37def05785a2c91bca019aa9d192f326012918100625684c96,tooling,Editor/development tooling; keep separate from race assets.,See source-specific notices,Historical owner CC0 statement retained; imported metadata and scoped notices recorded separately.,addons/godot_mcp_toolkit/LICENSE
addons/godot_mcp_toolkit/logging/log_buffer.gd,other,addons/godot_mcp_toolkit,15372,31b2fe0d9da829bf41113de91d1a791b807281df87fa99df90f497592318b660,tooling,Editor/development tooling; keep separate from race assets.,See source-specific notices,Historical owner CC0 statement retained; imported metadata and scoped notices recorded separately.,addons/godot_mcp_toolkit/LICENSE
addons/godot_mcp_toolkit/logging/log_helpers.gd,other,addons/godot_mcp_toolkit,4844,fda5cbc442bb0255689b7a0016377893339ed6dc3ec9a4a5126721cec9dae6e5,tooling,Editor/development tooling; keep separate from race assets.,See source-specific notices,Historical owner CC0 statement retained; imported metadata and scoped notices recorded separately.,addons/godot_mcp_toolkit/LICENSE
addons/godot_mcp_toolkit/paths/lsp_publisher.gd,other,addons/godot_mcp_toolkit,7922,6dd464703fbe3fadbab7472826440dd931bbb33a8e78a148b4b9fc9d37978d22,tooling,Editor/development tooling; keep separate from race assets.,See source-specific notices,Historical owner CC0 statement retained; imported metadata and scoped notices recorded separately.,addons/godot_mcp_toolkit/LICENSE
addons/godot_mcp_toolkit/paths/project_key.gd,other,addons/godot_mcp_toolkit,1856,362ec2272a43d502a91dc4276120deffdcebf5fca744d8389844026ee8d98818,tooling,Editor/development tooling; keep separate from race assets.,See source-specific notices,Historical owner CC0 statement retained; imported metadata and scoped notices recorded separately.,addons/godot_mcp_toolkit/LICENSE
addons/godot_mcp_toolkit/paths/project_paths.gd,other,addons/godot_mcp_toolkit,1827,96b4a3366263b357a65289c33691d98c4e523bff35675e916e457f4548604f24,tooling,Editor/development tooling; keep separate from race assets.,See source-specific notices,Historical owner CC0 statement retained; imported metadata and scoped notices recorded separately.,addons/godot_mcp_toolkit/LICENSE
addons/godot_mcp_toolkit/paths/user_path_monitor.gd,other,addons/godot_mcp_toolkit,3086,ae712048657a1a6962c4b787f2a3a8e9a36de045d9bc023bc548c4237ed0d348,tooling,Editor/development tooling; keep separate from race assets.,See source-specific notices,Historical owner CC0 statement retained; imported metadata and scoped notices recorded separately.,addons/godot_mcp_toolkit/LICENSE
addons/godot_mcp_toolkit/plugin.cfg,other,addons/godot_mcp_toolkit,183,277716e3465cdca1f603cd6af7afe92f39b5a5f1e6b2db9fa9e686ae7922308e,tooling,Editor/development tooling; keep separate from race assets.,See source-specific notices,Historical owner CC0 statement retained; imported metadata and scoped notices recorded separately.,addons/godot_mcp_toolkit/LICENSE
addons/godot_mcp_toolkit/plugin.gd,other,addons/godot_mcp_toolkit,8337,44cd5c64dcc15c296c950403c4535c98705202ad21419436da97496eeb179ba9,tooling,Editor/development tooling; keep separate from race assets.,See source-specific notices,Historical owner CC0 statement retained; imported metadata and scoped notices recorded separately.,addons/godot_mcp_toolkit/LICENSE
addons/godot_mcp_toolkit/README.md,other,addons/godot_mcp_toolkit,4929,981d33ca575f99a657843d94296375a25c704ef9ab16a23dfc30c601ba76d92b,tooling,Editor/development tooling; keep separate from race assets.,See source-specific notices,Historical owner CC0 statement retained; imported metadata and scoped notices recorded separately.,addons/godot_mcp_toolkit/LICENSE
addons/godot_mcp_toolkit/registry/registry_client.gd,other,addons/godot_mcp_toolkit,11464,16e4186d32ce1ba5cb408bbc0e9bfd68a077f5381e4e616207555eda4cf22567,tooling,Editor/development tooling; keep separate from race assets.,See source-specific notices,Historical owner CC0 statement retained; imported metadata and scoped notices recorded separately.,addons/godot_mcp_toolkit/LICENSE
addons/godot_mcp_toolkit/registry/store/file_lock.gd,other,addons/godot_mcp_toolkit,2938,d4af67b45d60ab05045713f7e0018a4d9297e03e53fee8c74301bfe57ccfad3d,tooling,Editor/development tooling; keep separate from race assets.,See source-specific notices,Historical owner CC0 statement retained; imported metadata and scoped notices recorded separately.,addons/godot_mcp_toolkit/LICENSE
addons/godot_mcp_toolkit/registry/store/registry_entry_file.gd,other,addons/godot_mcp_toolkit,3228,0d326d96fa4da6cab667aca99bbe67421f7a25de0f9f561d5a070a54e6a45b9d,tooling,Editor/development tooling; keep separate from race assets.,See source-specific notices,Historical owner CC0 statement retained; imported metadata and scoped notices recorded separately.,addons/godot_mcp_toolkit/LICENSE
addons/godot_mcp_toolkit/registry/store/registry_paths.gd,other,addons/godot_mcp_toolkit,3511,3cb2170fc623d9fd836574e2892aeba1409f94851fcc66ef5320267e996aa36b,tooling,Editor/development tooling; keep separate from race assets.,See source-specific notices,Historical owner CC0 statement retained; imported metadata and scoped notices recorded separately.,addons/godot_mcp_toolkit/LICENSE
addons/godot_mcp_toolkit/registry/store/registry_projection.gd,other,addons/godot_mcp_toolkit,8120,c993064f2149402bb4542460efc5bd70972d977f691ed55825528b2d6678fc93,tooling,Editor/development tooling; keep separate from race assets.,See source-specific notices,Historical owner CC0 statement retained; imported metadata and scoped notices recorded separately.,addons/godot_mcp_toolkit/LICENSE
addons/godot_mcp_toolkit/runtime/mcp_runtime_server.gd,other,addons/godot_mcp_toolkit,62167,ddd81aef27e1babb2264ad57af92ed456109ef1a31080dfd0c133bd9e566c3f8,tooling,Editor/development tooling; keep separate from race assets.,See source-specific notices,Historical owner CC0 statement retained; imported metadata and scoped notices recorded separately.,addons/godot_mcp_toolkit/LICENSE
addons/godot_mcp_toolkit/runtime/text_input_synth.gd,other,addons/godot_mcp_toolkit,4647,3976e238eb83e44c1342a476194c5d2199feef58a6f9eee16cccfa007aa8001b,tooling,Editor/development tooling; keep separate from race assets.,See source-specific notices,Historical owner CC0 statement retained; imported metadata and scoped notices recorded separately.,addons/godot_mcp_toolkit/LICENSE
addons/godot_mcp_toolkit/scene/mcp_toolkit_safe_scene_ops.gd,other,addons/godot_mcp_toolkit,7931,d80dd97d74c01f2918b30be98499deee0833ed763f7c52377ce8e7d3a59417ea,tooling,Editor/development tooling; keep separate from race assets.,See source-specific notices,Historical owner CC0 statement retained; imported metadata and scoped notices recorded separately.,addons/godot_mcp_toolkit/LICENSE
addons/godot_mcp_toolkit/scene/mcp_toolkit_undo_redo_action.gd,other,addons/godot_mcp_toolkit,6541,881ef18ac1302cc9d2942a979bcf4128d65610e53f9b06f109998463d73e15a0,tooling,Editor/development tooling; keep separate from race assets.,See source-specific notices,Historical owner CC0 statement retained; imported metadata and scoped notices recorded separately.,addons/godot_mcp_toolkit/LICENSE
addons/godot_mcp_toolkit/scene/scene_lease.gd,other,addons/godot_mcp_toolkit,18160,336178f1fc249b58fec9f838358c749295195cd7c7ee6527c78ca205eb51907d,tooling,Editor/development tooling; keep separate from race assets.,See source-specific notices,Historical owner CC0 statement retained; imported metadata and scoped notices recorded separately.,addons/godot_mcp_toolkit/LICENSE
addons/godot_mcp_toolkit/scene/signal_pair_resolver.gd,other,addons/godot_mcp_toolkit,5604,c7ffafe30aaa11818a151a1fe74c7356aeb0e562bdf057a2aa78abd752dbf84d,tooling,Editor/development tooling; keep separate from race assets.,See source-specific notices,Historical owner CC0 statement retained; imported metadata and scoped notices recorded separately.,addons/godot_mcp_toolkit/LICENSE
addons/godot_mcp_toolkit/scene/undo_redo_helpers.gd,other,addons/godot_mcp_toolkit,4401,a48ba1a809a4e89510ffd9721d14fa57fbfe469e0ef8e71c56abbd0454ccbd18,tooling,Editor/development tooling; keep separate from race assets.,See source-specific notices,Historical owner CC0 statement retained; imported metadata and scoped notices recorded separately.,addons/godot_mcp_toolkit/LICENSE
addons/godot_mcp_toolkit/security/audit.gd,other,addons/godot_mcp_toolkit,2061,f9cfae97ecb197b13fe3835c6e080edb581524598f5a51987d27261c00113087,tooling,Editor/development tooling; keep separate from race assets.,See source-specific notices,Historical owner CC0 statement retained; imported metadata and scoped notices recorded separately.,addons/godot_mcp_toolkit/LICENSE
addons/godot_mcp_toolkit/security/auth.gd,other,addons/godot_mcp_toolkit,2287,9a14ea7e9f45218125c0da32ddf067b8838f1c74280ad9674c3aa62724add2e7,tooling,Editor/development tooling; keep separate from race assets.,See source-specific notices,Historical owner CC0 statement retained; imported metadata and scoped notices recorded separately.,addons/godot_mcp_toolkit/LICENSE
addons/godot_mcp_toolkit/security/file_guard.gd,other,addons/godot_mcp_toolkit,7009,df9f7f6d136ad88d85a85d24cae03a5c46a677b0bb2d32a7b6dacff9602361d1,tooling,Editor/development tooling; keep separate from race assets.,See source-specific notices,Historical owner CC0 statement retained; imported metadata and scoped notices recorded separately.,addons/godot_mcp_toolkit/LICENSE
addons/godot_mcp_toolkit/security/scrubber.gd,other,addons/godot_mcp_toolkit,1728,c2a67e8af32fac5bbbeb5ef2b0e9e46b968e0ed2a0500fd00c8e203a2f14fa71,tooling,Editor/development tooling; keep separate from race assets.,See source-specific notices,Historical owner CC0 statement retained; imported metadata and scoped notices recorded separately.,addons/godot_mcp_toolkit/LICENSE
addons/godot_mcp_toolkit/security/untrusted.gd,other,addons/godot_mcp_toolkit,1011,decc400a43ea9a30e304844e32865a706dc55881e7b548d20154b989414c6e43,tooling,Editor/development tooling; keep separate from race assets.,See source-specific notices,Historical owner CC0 statement retained; imported metadata and scoped notices recorded separately.,addons/godot_mcp_toolkit/LICENSE
addons/godot_mcp_toolkit/transport/builtin_command_registration.gd,other,addons/godot_mcp_toolkit,5035,caad05507117b4dad960bba5142ccb3a81e71eb41112f0642b3acc37f22868d8,tooling,Editor/development tooling; keep separate from race assets.,See source-specific notices,Historical owner CC0 statement retained; imported metadata and scoped notices recorded separately.,addons/godot_mcp_toolkit/LICENSE
addons/godot_mcp_toolkit/transport/debug_bridge.gd,other,addons/godot_mcp_toolkit,5325,4e89e6ddbb3e54d707bf9fdddffd9d04d868f4d1816820bf58cf70c6f03a0c4c,tooling,Editor/development tooling; keep separate from race assets.,See source-specific notices,Historical owner CC0 statement retained; imported metadata and scoped notices recorded separately.,addons/godot_mcp_toolkit/LICENSE
addons/godot_mcp_toolkit/transport/dispatch/dispatch_lane.gd,other,addons/godot_mcp_toolkit,19532,a6dffce6a907c0b0017717b3394a96358a159ae24e734884e47fc0fd776e28e5,tooling,Editor/development tooling; keep separate from race assets.,See source-specific notices,Historical owner CC0 statement retained; imported metadata and scoped notices recorded separately.,addons/godot_mcp_toolkit/LICENSE
addons/godot_mcp_toolkit/transport/dispatch/mutation_watchdog.gd,other,addons/godot_mcp_toolkit,6934,abb42525252116ad93290b012bd797778b8e2996c11a6642fed6cd8310279e7b,tooling,Editor/development tooling; keep separate from race assets.,See source-specific notices,Historical owner CC0 statement retained; imported metadata and scoped notices recorded separately.,addons/godot_mcp_toolkit/LICENSE
addons/godot_mcp_toolkit/transport/dispatch/server_request_router.gd,other,addons/godot_mcp_toolkit,9280,1a3c4f20078d3a2965330f9bd42a48743d3d918c866dea451a78d2c0cac92156,tooling,Editor/development tooling; keep separate from race assets.,See source-specific notices,Historical owner CC0 statement retained; imported metadata and scoped notices recorded separately.,addons/godot_mcp_toolkit/LICENSE
addons/godot_mcp_toolkit/transport/mcp_server.gd,other,addons/godot_mcp_toolkit,34948,a2a7bde6e2790b7ec1ed091a6c5dba6978b87d63552f38a1a278ee1f0171dd96,tooling,Editor/development tooling; keep separate from race assets.,See source-specific notices,Historical owner CC0 statement retained; imported metadata and scoped notices recorded separately.,addons/godot_mcp_toolkit/LICENSE
addons/godot_mcp_toolkit/transport/mcp_toolkit_command_registry.gd,other,addons/godot_mcp_toolkit,20967,e43259b72cf7707a5ca26f21117924ff9164c5016a84cc1b87a0d1ebaf4dd379,tooling,Editor/development tooling; keep separate from race assets.,See source-specific notices,Historical owner CC0 statement retained; imported metadata and scoped notices recorded separately.,addons/godot_mcp_toolkit/LICENSE
addons/godot_mcp_toolkit/transport/notifier.gd,other,addons/godot_mcp_toolkit,3828,cb74adf2113315269ffa0295384e77766828a3c0342b7ec4ba3807c43bfb33ad,tooling,Editor/development tooling; keep separate from race assets.,See source-specific notices,Historical owner CC0 statement retained; imported metadata and scoped notices recorded separately.,addons/godot_mcp_toolkit/LICENSE
addons/godot_mcp_toolkit/transport/port_config.gd,other,addons/godot_mcp_toolkit,5758,fb72d3ce98aff5c53adf4f0689a9cfe4d747752d59ab1853a61c1ccb00149a9a,tooling,Editor/development tooling; keep separate from race assets.,See source-specific notices,Historical owner CC0 statement retained; imported metadata and scoped notices recorded separately.,addons/godot_mcp_toolkit/LICENSE
addons/godot_mcp_toolkit/transport/ws_transport.gd,other,addons/godot_mcp_toolkit,22081,3c182870dc1a5ba521964313415001c53b24053fcbb15bc482434d49d15a677c,tooling,Editor/development tooling; keep separate from race assets.,See source-specific notices,Historical owner CC0 statement retained; imported metadata and scoped notices recorded separately.,addons/godot_mcp_toolkit/LICENSE
addons/godot_mcp_toolkit/ui/dock/dock.gd,other,addons/godot_mcp_toolkit,15732,871e0041a0b48fc7fae433a881a65eaeb944f91024aeff1edf837eac448ba3dd,tooling,Editor/development tooling; keep separate from race assets.,See source-specific notices,Historical owner CC0 statement retained; imported metadata and scoped notices recorded separately.,addons/godot_mcp_toolkit/LICENSE
addons/godot_mcp_toolkit/ui/dock/dock.tscn,scenes,addons/godot_mcp_toolkit,210,135febedd267268e15eca32fad2e5131a3085d53b956a54c11453344da5c6e3c,tooling,Editor/development tooling; keep separate from race assets.,See source-specific notices,Historical owner CC0 statement retained; imported metadata and scoped notices recorded separately.,addons/godot_mcp_toolkit/LICENSE
addons/godot_mcp_toolkit/ui/dock/dock_confirm.gd,other,addons/godot_mcp_toolkit,1966,3b8a4e787c72bcf037841dd6d3265f45af343e4871290ef2a443982a909f40fc,tooling,Editor/development tooling; keep separate from race assets.,See source-specific notices,Historical owner CC0 statement retained; imported metadata and scoped notices recorded separately.,addons/godot_mcp_toolkit/LICENSE
addons/godot_mcp_toolkit/ui/dock/dock_section_card.gd,other,addons/godot_mcp_toolkit,3677,0c877872be7006751d85136ac6599b2f9eb30eae75fc2bfcd18e77a031c38a9b,tooling,Editor/development tooling; keep separate from race assets.,See source-specific notices,Historical owner CC0 statement retained; imported metadata and scoped notices recorded separately.,addons/godot_mcp_toolkit/LICENSE
addons/godot_mcp_toolkit/ui/dock/ext/extension_catalog.gd,other,addons/godot_mcp_toolkit,5803,e4769a15de2603f3038b67cbfd9d43831cef99cf5d9f53249b78e417a34c76e2,tooling,Editor/development tooling; keep separate from race assets.,See source-specific notices,Historical owner CC0 statement retained; imported metadata and scoped notices recorded separately.,addons/godot_mcp_toolkit/LICENSE
addons/godot_mcp_toolkit/ui/dock/ext/extension_catalog_dialog.gd,other,addons/godot_mcp_toolkit,18005,df852ee2032305df4657857cc7edddc088d5cb24206fb25193486d28762b9766,tooling,Editor/development tooling; keep separate from race assets.,See source-specific notices,Historical owner CC0 statement retained; imported metadata and scoped notices recorded separately.,addons/godot_mcp_toolkit/LICENSE
addons/godot_mcp_toolkit/ui/dock/ext/info_dialog.gd,other,addons/godot_mcp_toolkit,9814,bb6f628335b303bab6a73cfa5b523b7d20ab3c0f03a8896b5834ac893ca1bc1b,tooling,Editor/development tooling; keep separate from race assets.,See source-specific notices,Historical owner CC0 statement retained; imported metadata and scoped notices recorded separately.,addons/godot_mcp_toolkit/LICENSE
addons/godot_mcp_toolkit/ui/dock/limits/dock_limits_section.gd,other,addons/godot_mcp_toolkit,3655,3e96b3e5f0f174963acf0aea9cbd078d36911e1932151474404f5a2f4216336d,tooling,Editor/development tooling; keep separate from race assets.,See source-specific notices,Historical owner CC0 statement retained; imported metadata and scoped notices recorded separately.,addons/godot_mcp_toolkit/LICENSE
addons/godot_mcp_toolkit/ui/dock/limits/dock_unfocused_control.gd,other,addons/godot_mcp_toolkit,4768,f6036c0a90709a87fa679be89d8fb573ad99f20f1d81095b171824e921f4d53a,tooling,Editor/development tooling; keep separate from race assets.,See source-specific notices,Historical owner CC0 statement retained; imported metadata and scoped notices recorded separately.,addons/godot_mcp_toolkit/LICENSE
addons/godot_mcp_toolkit/ui/dock/mcp/dock_mcp_json_panel.gd,other,addons/godot_mcp_toolkit,9261,6afd7c40936c5ab6a581119926a6910fd6506c3683670eceded3e1aee8feb1cd,tooling,Editor/development tooling; keep separate from race assets.,See source-specific notices,Historical owner CC0 statement retained; imported metadata and scoped notices recorded separately.,addons/godot_mcp_toolkit/LICENSE
addons/godot_mcp_toolkit/ui/dock/security/audit_log_dialog.gd,other,addons/godot_mcp_toolkit,4016,e770649c6c6b643ca77e1a30731db603accd185b1755caa7ac61d95d43ea8ca6,tooling,Editor/development tooling; keep separate from race assets.,See source-specific notices,Historical owner CC0 statement retained; imported metadata and scoped notices recorded separately.,addons/godot_mcp_toolkit/LICENSE
addons/godot_mcp_toolkit/ui/dock/security/dock_audit_section.gd,other,addons/godot_mcp_toolkit,4907,ede4da2c45ea397e65fdf34cfe267392515e76b09a6b59f3a406b15e358ea3ec,tooling,Editor/development tooling; keep separate from race assets.,See source-specific notices,Historical owner CC0 statement retained; imported metadata and scoped notices recorded separately.,addons/godot_mcp_toolkit/LICENSE
addons/godot_mcp_toolkit/ui/dock/status/dock_status_panel.gd,other,addons/godot_mcp_toolkit,11792,bb2771ff2a75aba60bfb57e3cfad04949b93b9754a67bc7b208042f757b082d6,tooling,Editor/development tooling; keep separate from race assets.,See source-specific notices,Historical owner CC0 statement retained; imported metadata and scoped notices recorded separately.,addons/godot_mcp_toolkit/LICENSE
addons/godot_mcp_toolkit/ui/editor_popup.gd,other,addons/godot_mcp_toolkit,1033,3d420ca2353905659ccd52838406b76a1f9be1cdffa5283dae7bd05de88a8e97,tooling,Editor/development tooling; keep separate from race assets.,See source-specific notices,Historical owner CC0 statement retained; imported metadata and scoped notices recorded separately.,addons/godot_mcp_toolkit/LICENSE
addons/godot_mcp_toolkit/ui/mcp_json_enable_prompt.gd,other,addons/godot_mcp_toolkit,1998,7c509ff9443d7401232f6171ce1a92f4d1c3ca2a9131fb700549d81c1de1f94f,tooling,Editor/development tooling; keep separate from race assets.,See source-specific notices,Historical owner CC0 statement retained; imported metadata and scoped notices recorded separately.,addons/godot_mcp_toolkit/LICENSE
addons/godot_mcp_toolkit/ui/mcp_json_sync.gd,other,addons/godot_mcp_toolkit,10956,5dac27b7cc9c7e13eb169aabb4a7b793d06119f8564b3adaa69ec65c5c1b2d2d,tooling,Editor/development tooling; keep separate from race assets.,See source-specific notices,Historical owner CC0 statement retained; imported metadata and scoped notices recorded separately.,addons/godot_mcp_toolkit/LICENSE
addons/godot_mcp_toolkit/ui/mcp_json_write_flow.gd,other,addons/godot_mcp_toolkit,2904,29da969e2e640a1105f1d1f6e213cf4e4e953c39edabf3858ead459a50398831,tooling,Editor/development tooling; keep separate from race assets.,See source-specific notices,Historical owner CC0 statement retained; imported metadata and scoped notices recorded separately.,addons/godot_mcp_toolkit/LICENSE
addons/godot_mcp_toolkit/ui/onboarding_wizard.gd,other,addons/godot_mcp_toolkit,12108,bda7c58db8100830c033eecde5f7b8caa119be0e6defa1ed0340053e1b8b09f2,tooling,Editor/development tooling; keep separate from race assets.,See source-specific notices,Historical owner CC0 statement retained; imported metadata and scoped notices recorded separately.,addons/godot_mcp_toolkit/LICENSE
addons/godot_mcp_toolkit/ui/settings_navigator.gd,other,addons/godot_mcp_toolkit,3959,ff25d1328518476665a621d1ccfad02363549eb1896f408a0eef6c1d647122bd,tooling,Editor/development tooling; keep separate from race assets.,See source-specific notices,Historical owner CC0 statement retained; imported metadata and scoped notices recorded separately.,addons/godot_mcp_toolkit/LICENSE
addons/godot_mcp_toolkit/ui/toolkit_dialog_presenter.gd,other,addons/godot_mcp_toolkit,2227,88f7a86713580e7a9671487428d67bdc7d4d761fef51f17c2013889f031935fd,tooling,Editor/development tooling; keep separate from race assets.,See source-specific notices,Historical owner CC0 statement retained; imported metadata and scoped notices recorded separately.,addons/godot_mcp_toolkit/LICENSE
addons/godot_mcp_toolkit/versioning/mcp_version_utils.gd,other,addons/godot_mcp_toolkit,4388,df5f25c60653a8916f91dbc59b4c8a68e71ae3f58dee4f9aef88ea652a55a2cc,tooling,Editor/development tooling; keep separate from race assets.,See source-specific notices,Historical owner CC0 statement retained; imported metadata and scoped notices recorded separately.,addons/godot_mcp_toolkit/LICENSE
addons/godot_mcp_toolkit/versioning/nodejs_check.gd,other,addons/godot_mcp_toolkit,2362,c990ad889c40424a8fc54df8730870303a1cc68d380dddab32fde5ded13da76d,tooling,Editor/development tooling; keep separate from race assets.,See source-specific notices,Historical owner CC0 statement retained; imported metadata and scoped notices recorded separately.,addons/godot_mcp_toolkit/LICENSE
addons/godot_mcp_toolkit/versioning/stale_instance_hint.gd,other,addons/godot_mcp_toolkit,6533,a3caba5a2a6071cbd4b845d914ba7485ea8cac3911ca5b600f1c8b11f35f9cc8,tooling,Editor/development tooling; keep separate from race assets.,See source-specific notices,Historical owner CC0 statement retained; imported metadata and scoped notices recorded separately.,addons/godot_mcp_toolkit/LICENSE
addons/terrain_3d/bin/libterrain.android.debug.arm32.so,other,addons/terrain_3d,3538968,c299819002daae7f44b46f9698845be0bf8b52218a0c10181d061c3b88b257f0,defer,Optional subsystem/demo; no wholesale integration justified for current miniature arcade racing.,See source-specific notices,Historical owner CC0 statement retained; imported metadata and scoped notices recorded separately.,addons/terrain_3d/LICENSE.txt
addons/terrain_3d/bin/libterrain.android.debug.arm64.so,other,addons/terrain_3d,3572392,57488420ff5c15d1963109bb979b8ed7934c7980eb306c2023505ef60f2a6c94,defer,Optional subsystem/demo; no wholesale integration justified for current miniature arcade racing.,See source-specific notices,Historical owner CC0 statement retained; imported metadata and scoped notices recorded separately.,addons/terrain_3d/LICENSE.txt
addons/terrain_3d/bin/libterrain.android.release.arm32.so,other,addons/terrain_3d,2694172,79b2cc74320615c54a05430b55aa97ced78eefd07f6ccd2df1006fc88d225a6c,defer,Optional subsystem/demo; no wholesale integration justified for current miniature arcade racing.,See source-specific notices,Historical owner CC0 statement retained; imported metadata and scoped notices recorded separately.,addons/terrain_3d/LICENSE.txt
addons/terrain_3d/bin/libterrain.android.release.arm64.so,other,addons/terrain_3d,2887472,3ff15c4e7a712091b3484843a23dcbb754205206bfbd3bb772589392356d2d99,defer,Optional subsystem/demo; no wholesale integration justified for current miniature arcade racing.,See source-specific notices,Historical owner CC0 statement retained; imported metadata and scoped notices recorded separately.,addons/terrain_3d/LICENSE.txt
addons/terrain_3d/bin/libterrain.ios.debug.universal.dylib,other,addons/terrain_3d,1701232,7450c0e2b340ec398650e5d2b60fb4bdb3ab6a3038f7f793761b607e6ebbba60,defer,Optional subsystem/demo; no wholesale integration justified for current miniature arcade racing.,See source-specific notices,Historical owner CC0 statement retained; imported metadata and scoped notices recorded separately.,addons/terrain_3d/LICENSE.txt
addons/terrain_3d/bin/libterrain.ios.release.universal.dylib,other,addons/terrain_3d,1289896,f72ebf6132c09bf8d4e35aeffc05b1e6f2d80a8d72f508b23be610563a0805a8,defer,Optional subsystem/demo; no wholesale integration justified for current miniature arcade racing.,See source-specific notices,Historical owner CC0 statement retained; imported metadata and scoped notices recorded separately.,addons/terrain_3d/LICENSE.txt
addons/terrain_3d/bin/libterrain.linux.debug.x86_64.so,other,addons/terrain_3d,3876864,178ae39467bb0743c1bbdf854a00f8e7d258a3691bcc1b63d4493beb6bde865e,defer,Optional subsystem/demo; no wholesale integration justified for current miniature arcade racing.,See source-specific notices,Historical owner CC0 statement retained; imported metadata and scoped notices recorded separately.,addons/terrain_3d/LICENSE.txt
addons/terrain_3d/bin/libterrain.linux.release.x86_64.so,other,addons/terrain_3d,3251016,e79ebb2e48a63a5d6189a825f1d63ec847319dc8fa030936d95bf6fad8f294ef,defer,Optional subsystem/demo; no wholesale integration justified for current miniature arcade racing.,See source-specific notices,Historical owner CC0 statement retained; imported metadata and scoped notices recorded separately.,addons/terrain_3d/LICENSE.txt
addons/terrain_3d/bin/libterrain.macos.debug.framework/libterrain.macos.debug,other,addons/terrain_3d,3502632,12b4822ef56fb4396da974f4efcb2db26fa2d9c93179d353bd30ba647cc28b01,defer,Optional subsystem/demo; no wholesale integration justified for current miniature arcade racing.,See source-specific notices,Historical owner CC0 statement retained; imported metadata and scoped notices recorded separately.,addons/terrain_3d/LICENSE.txt
addons/terrain_3d/bin/libterrain.macos.release.framework/libterrain.macos.release,other,addons/terrain_3d,2628984,63449d6de24051669ea81464b1b6b2ae3dc0d72408845bec60b394867ed9b62a,defer,Optional subsystem/demo; no wholesale integration justified for current miniature arcade racing.,See source-specific notices,Historical owner CC0 statement retained; imported metadata and scoped notices recorded separately.,addons/terrain_3d/LICENSE.txt
addons/terrain_3d/bin/libterrain.web.debug.wasm32.wasm,other,addons/terrain_3d,2451325,d5041bba8ef6d342b7b7f1c780dde8aba0d8e66f43e336e55d2dc396e7769565,defer,Optional subsystem/demo; no wholesale integration justified for current miniature arcade racing.,See source-specific notices,Historical owner CC0 statement retained; imported metadata and scoped notices recorded separately.,addons/terrain_3d/LICENSE.txt
addons/terrain_3d/bin/libterrain.web.release.wasm32.wasm,other,addons/terrain_3d,2047823,9fee4397a806567f476eb2c4e7017c0e415ea8af03aab48021378e82cf64ac63,defer,Optional subsystem/demo; no wholesale integration justified for current miniature arcade racing.,See source-specific notices,Historical owner CC0 statement retained; imported metadata and scoped notices recorded separately.,addons/terrain_3d/LICENSE.txt
addons/terrain_3d/bin/libterrain.windows.debug.x86_64.dll,other,addons/terrain_3d,4220416,bf72686a7e1d8d8370ba9ba5eaa70c59375ee2cb5638d63b8942f1ad7d448cda,defer,Optional subsystem/demo; no wholesale integration justified for current miniature arcade racing.,See source-specific notices,Historical owner CC0 statement retained; imported metadata and scoped notices recorded separately.,addons/terrain_3d/LICENSE.txt
addons/terrain_3d/bin/libterrain.windows.release.x86_64.dll,other,addons/terrain_3d,3549184,40900e649c3c6c7619c383d28732c3e2e8dc87c2938de43b29122a668aedcf86,defer,Optional subsystem/demo; no wholesale integration justified for current miniature arcade racing.,See source-specific notices,Historical owner CC0 statement retained; imported metadata and scoped notices recorded separately.,addons/terrain_3d/LICENSE.txt
addons/terrain_3d/bin/~libterrain.windows.debug.x86_64.dll~RF2b75ea50.TMP,other,addons/terrain_3d,4220416,bf72686a7e1d8d8370ba9ba5eaa70c59375ee2cb5638d63b8942f1ad7d448cda,defer,Optional subsystem/demo; no wholesale integration justified for current miniature arcade racing.,See source-specific notices,Historical owner CC0 statement retained; imported metadata and scoped notices recorded separately.,addons/terrain_3d/LICENSE.txt
addons/terrain_3d/bin/~libterrain.windows.debug.x86_64.dll~RF2b77da39.TMP,other,addons/terrain_3d,4220416,bf72686a7e1d8d8370ba9ba5eaa70c59375ee2cb5638d63b8942f1ad7d448cda,defer,Optional subsystem/demo; no wholesale integration justified for current miniature arcade racing.,See source-specific notices,Historical owner CC0 statement retained; imported metadata and scoped notices recorded separately.,addons/terrain_3d/LICENSE.txt
addons/terrain_3d/bin/~libterrain.windows.debug.x86_64.dll~RF2b915e44.TMP,other,addons/terrain_3d,4220416,bf72686a7e1d8d8370ba9ba5eaa70c59375ee2cb5638d63b8942f1ad7d448cda,defer,Optional subsystem/demo; no wholesale integration justified for current miniature arcade racing.,See source-specific notices,Historical owner CC0 statement retained; imported metadata and scoped notices recorded separately.,addons/terrain_3d/LICENSE.txt
addons/terrain_3d/bin/~libterrain.windows.debug.x86_64.dll~RF2ddc8127.TMP,other,addons/terrain_3d,4220416,bf72686a7e1d8d8370ba9ba5eaa70c59375ee2cb5638d63b8942f1ad7d448cda,defer,Optional subsystem/demo; no wholesale integration justified for current miniature arcade racing.,See source-specific notices,Historical owner CC0 statement retained; imported metadata and scoped notices recorded separately.,addons/terrain_3d/LICENSE.txt
addons/terrain_3d/bin/~libterrain.windows.debug.x86_64.dll~RF2e11d1a6.TMP,other,addons/terrain_3d,4220416,bf72686a7e1d8d8370ba9ba5eaa70c59375ee2cb5638d63b8942f1ad7d448cda,defer,Optional subsystem/demo; no wholesale integration justified for current miniature arcade racing.,See source-specific notices,Historical owner CC0 statement retained; imported metadata and scoped notices recorded separately.,addons/terrain_3d/LICENSE.txt
addons/terrain_3d/bin/~libterrain.windows.debug.x86_64.dll~RF2f2f6cd3.TMP,other,addons/terrain_3d,4220416,bf72686a7e1d8d8370ba9ba5eaa70c59375ee2cb5638d63b8942f1ad7d448cda,defer,Optional subsystem/demo; no wholesale integration justified for current miniature arcade racing.,See source-specific notices,Historical owner CC0 statement retained; imported metadata and scoped notices recorded separately.,addons/terrain_3d/LICENSE.txt
addons/terrain_3d/bin/~libterrain.windows.debug.x86_64.dll~RF330f7f77.TMP,other,addons/terrain_3d,4220416,bf72686a7e1d8d8370ba9ba5eaa70c59375ee2cb5638d63b8942f1ad7d448cda,defer,Optional subsystem/demo; no wholesale integration justified for current miniature arcade racing.,See source-specific notices,Historical owner CC0 statement retained; imported metadata and scoped notices recorded separately.,addons/terrain_3d/LICENSE.txt
addons/terrain_3d/bin/~libterrain.windows.debug.x86_64.dll~RF3909e8de.TMP,other,addons/terrain_3d,4220416,bf72686a7e1d8d8370ba9ba5eaa70c59375ee2cb5638d63b8942f1ad7d448cda,defer,Optional subsystem/demo; no wholesale integration justified for current miniature arcade racing.,See source-specific notices,Historical owner CC0 statement retained; imported metadata and scoped notices recorded separately.,addons/terrain_3d/LICENSE.txt
addons/terrain_3d/bin/~libterrain.windows.debug.x86_64.dll~RF3e4d0f0b.TMP,other,addons/terrain_3d,4220416,bf72686a7e1d8d8370ba9ba5eaa70c59375ee2cb5638d63b8942f1ad7d448cda,defer,Optional subsystem/demo; no wholesale integration justified for current miniature arcade racing.,See source-specific notices,Historical owner CC0 statement retained; imported metadata and scoped notices recorded separately.,addons/terrain_3d/LICENSE.txt
addons/terrain_3d/brushes/acrylic1.exr,images,addons/terrain_3d,12881,05a2540c03a8ef04d52cfcf660db5b46c62b3a329ab4f235561675bbfcefc26f,defer,Optional subsystem/demo; no wholesale integration justified for current miniature arcade racing.,See source-specific notices,Historical owner CC0 statement retained; imported metadata and scoped notices recorded separately.,addons/terrain_3d/LICENSE.txt
addons/terrain_3d/brushes/circle0.exr,images,addons/terrain_3d,214156,f6a042bd1355b2dfdc18876953ff3e4e89422fa4dea2c4a0cc05b66dbcc80162,defer,Optional subsystem/demo; no wholesale integration justified for current miniature arcade racing.,See source-specific notices,Historical owner CC0 statement retained; imported metadata and scoped notices recorded separately.,addons/terrain_3d/LICENSE.txt
addons/terrain_3d/brushes/circle1.exr,images,addons/terrain_3d,11022,66ce2dd510af03434f3c13dee1cacbfd37011f7296206db40efad5dc86585142,defer,Optional subsystem/demo; no wholesale integration justified for current miniature arcade racing.,See source-specific notices,Historical owner CC0 statement retained; imported metadata and scoped notices recorded separately.,addons/terrain_3d/LICENSE.txt
addons/terrain_3d/brushes/circle2.exr,images,addons/terrain_3d,17380,0d4aacba5f570e9d3d7109c39fc09ecd52733e61cf97d582e32ec87264a3363e,defer,Optional subsystem/demo; no wholesale integration justified for current miniature arcade racing.,See source-specific notices,Historical owner CC0 statement retained; imported metadata and scoped notices recorded separately.,addons/terrain_3d/LICENSE.txt
addons/terrain_3d/brushes/circle3.exr,images,addons/terrain_3d,10895,b29884867c994fc54b025681da37512a97699f3916dbcc08f96d2db21e0f18a2,defer,Optional subsystem/demo; no wholesale integration justified for current miniature arcade racing.,See source-specific notices,Historical owner CC0 statement retained; imported metadata and scoped notices recorded separately.,addons/terrain_3d/LICENSE.txt
addons/terrain_3d/brushes/circle4.exr,images,addons/terrain_3d,8906,0d474e34e381e91f56477424838b8e66387c9ad0bd1c6295db7a09df0e71eaa1,defer,Optional subsystem/demo; no wholesale integration justified for current miniature arcade racing.,See source-specific notices,Historical owner CC0 statement retained; imported metadata and scoped notices recorded separately.,addons/terrain_3d/LICENSE.txt
addons/terrain_3d/brushes/hill1.exr,images,addons/terrain_3d,198208,9850fadcb9f3a56de2a01574756986f50cce2a0a579b82d18d4ce0b5c1c440f1,defer,Optional subsystem/demo; no wholesale integration justified for current miniature arcade racing.,See source-specific notices,Historical owner CC0 statement retained; imported metadata and scoped notices recorded separately.,addons/terrain_3d/LICENSE.txt
addons/terrain_3d/brushes/hill2.exr,images,addons/terrain_3d,266517,cba0712c8c1251fb94e36d2cfbab0396448cec0201621325e95b7ed2d2cf97e6,defer,Optional subsystem/demo; no wholesale integration justified for current miniature arcade racing.,See source-specific notices,Historical owner CC0 statement retained; imported metadata and scoped notices recorded separately.,addons/terrain_3d/LICENSE.txt
addons/terrain_3d/brushes/mountain1.exr,images,addons/terrain_3d,266517,b746b6bb473589610ce153266914e39e5a2986bb13a0eb7ed8db58d26c5ff98c,defer,Optional subsystem/demo; no wholesale integration justified for current miniature arcade racing.,See source-specific notices,Historical owner CC0 statement retained; imported metadata and scoped notices recorded separately.,addons/terrain_3d/LICENSE.txt
addons/terrain_3d/brushes/mountain2.exr,images,addons/terrain_3d,266517,0e0f9c7191ab3c08a4de0bd8a62d08651338f01ccd83e09c88f32871168fa19f,defer,Optional subsystem/demo; no wholesale integration justified for current miniature arcade racing.,See source-specific notices,Historical owner CC0 statement retained; imported metadata and scoped notices recorded separately.,addons/terrain_3d/LICENSE.txt
addons/terrain_3d/brushes/mountain3.exr,images,addons/terrain_3d,266517,5a4c4f72c9df1ec6484fd64d90635ca0354a4d91f1a2db06fe8ac79c4d5cb4ba,defer,Optional subsystem/demo; no wholesale integration justified for current miniature arcade racing.,See source-specific notices,Historical owner CC0 statement retained; imported metadata and scoped notices recorded separately.,addons/terrain_3d/LICENSE.txt
addons/terrain_3d/brushes/mountain4.exr,images,addons/terrain_3d,181277,00e31f2e5a58e2e88c3a55fb0d1e9e8ce79a98add735eab6aafda8969765e698,defer,Optional subsystem/demo; no wholesale integration justified for current miniature arcade racing.,See source-specific notices,Historical owner CC0 statement retained; imported metadata and scoped notices recorded separately.,addons/terrain_3d/LICENSE.txt
addons/terrain_3d/brushes/peak1.exr,images,addons/terrain_3d,25254,943c29c39f2e1a0202b54339398334e81cff2b74e40c5e36d5c60a3abfa1c658,defer,Optional subsystem/demo; no wholesale integration justified for current miniature arcade racing.,See source-specific notices,Historical owner CC0 statement retained; imported metadata and scoped notices recorded separately.,addons/terrain_3d/LICENSE.txt
addons/terrain_3d/brushes/peak2.exr,images,addons/terrain_3d,280242,5fd4bf3d24f99626b8b283b0add562b066064530d62f1bd2d08d55ed3775331d,defer,Optional subsystem/demo; no wholesale integration justified for current miniature arcade racing.,See source-specific notices,Historical owner CC0 statement retained; imported metadata and scoped notices recorded separately.,addons/terrain_3d/LICENSE.txt
addons/terrain_3d/brushes/peak3.exr,images,addons/terrain_3d,290239,c09c65d5902ec7aef0fe5f60bf1bb5cc460837517b4ad528699c9d0f09d7b998,defer,Optional subsystem/demo; no wholesale integration justified for current miniature arcade racing.,See source-specific notices,Historical owner CC0 statement retained; imported metadata and scoped notices recorded separately.,addons/terrain_3d/LICENSE.txt
addons/terrain_3d/brushes/ring1.exr,images,addons/terrain_3d,82316,fc87e2fa34ba49640272a5a4f7002b13cb2351a55b5b903f5ae513696cce795e,defer,Optional subsystem/demo; no wholesale integration justified for current miniature arcade racing.,See source-specific notices,Historical owner CC0 statement retained; imported metadata and scoped notices recorded separately.,addons/terrain_3d/LICENSE.txt
addons/terrain_3d/brushes/smoke.exr,images,addons/terrain_3d,10348,4197b317e862839b0688ed27789328df7cdaa4bae05c11c41679fc585f84d0d9,defer,Optional subsystem/demo; no wholesale integration justified for current miniature arcade racing.,See source-specific notices,Historical owner CC0 statement retained; imported metadata and scoped notices recorded separately.,addons/terrain_3d/LICENSE.txt
addons/terrain_3d/brushes/square1.exr,images,addons/terrain_3d,2321,ea8219b978a807d3fc5bc68772f973416754df9fa920cde65eaa10cfc2a45b0a,defer,Optional subsystem/demo; no wholesale integration justified for current miniature arcade racing.,See source-specific notices,Historical owner CC0 statement retained; imported metadata and scoped notices recorded separately.,addons/terrain_3d/LICENSE.txt
addons/terrain_3d/brushes/square2.exr,images,addons/terrain_3d,2973,112e11aa860dff8db76402b17b8d576c69b08dc0718c5dda0e658185c0c1f344,defer,Optional subsystem/demo; no wholesale integration justified for current miniature arcade racing.,See source-specific notices,Historical owner CC0 statement retained; imported metadata and scoped notices recorded separately.,addons/terrain_3d/LICENSE.txt
addons/terrain_3d/brushes/square3.exr,images,addons/terrain_3d,4264,791c4ca40043d820e12ffabb4b462d88a934f4fda593e7ffb89d7f1286c2af9b,defer,Optional subsystem/demo; no wholesale integration justified for current miniature arcade racing.,See source-specific notices,Historical owner CC0 statement retained; imported metadata and scoped notices recorded separately.,addons/terrain_3d/LICENSE.txt
addons/terrain_3d/brushes/square4.exr,images,addons/terrain_3d,7498,e427e18e1481260f745e03f2c16710233e2d3e7873bf400899d5000bec522890,defer,Optional subsystem/demo; no wholesale integration justified for current miniature arcade racing.,See source-specific notices,Historical owner CC0 statement retained; imported metadata and scoped notices recorded separately.,addons/terrain_3d/LICENSE.txt
addons/terrain_3d/brushes/square5.exr,images,addons/terrain_3d,11564,f834ffef340ae67255680d8b3343d657b93b260e8f0ef48136ae96937f2833f1,defer,Optional subsystem/demo; no wholesale integration justified for current miniature arcade racing.,See source-specific notices,Historical owner CC0 statement retained; imported metadata and scoped notices recorded separately.,addons/terrain_3d/LICENSE.txt
addons/terrain_3d/brushes/stones.exr,images,addons/terrain_3d,1581369,6689002b57220fdce93842d0f9d49596cacf40004ad261efcd4e3d4cd6a4f681,defer,Optional subsystem/demo; no wholesale integration justified for current miniature arcade racing.,See source-specific notices,Historical owner CC0 statement retained; imported metadata and scoped notices recorded separately.,addons/terrain_3d/LICENSE.txt
addons/terrain_3d/brushes/terrain1.exr,images,addons/terrain_3d,303941,c195ece6608eb19d7a02f9360ec6345f0b9af131dfb52d157f05e976e567f4d0,defer,Optional subsystem/demo; no wholesale integration justified for current miniature arcade racing.,See source-specific notices,Historical owner CC0 statement retained; imported metadata and scoped notices recorded separately.,addons/terrain_3d/LICENSE.txt
addons/terrain_3d/brushes/terrain2.exr,images,addons/terrain_3d,339271,a4d9228ab669f94192e38fe9307362dd11bafa99e0c801ad9dbab255dfd899b1,defer,Optional subsystem/demo; no wholesale integration justified for current miniature arcade racing.,See source-specific notices,Historical owner CC0 statement retained; imported metadata and scoped notices recorded separately.,addons/terrain_3d/LICENSE.txt
addons/terrain_3d/brushes/terrain3.exr,images,addons/terrain_3d,314338,dc1f04426e455e3825ed250fb177f980a88a19380f158b24f44d757a500b63cb,defer,Optional subsystem/demo; no wholesale integration justified for current miniature arcade racing.,See source-specific notices,Historical owner CC0 statement retained; imported metadata and scoped notices recorded separately.,addons/terrain_3d/LICENSE.txt
addons/terrain_3d/brushes/terrain4.exr,images,addons/terrain_3d,341265,04a6d75dbe86c3438f96b89eafbd19503cde0591c77f9aa46d45c6325f7346a2,defer,Optional subsystem/demo; no wholesale integration justified for current miniature arcade racing.,See source-specific notices,Historical owner CC0 statement retained; imported metadata and scoped notices recorded separately.,addons/terrain_3d/LICENSE.txt
addons/terrain_3d/brushes/terrain5.exr,images,addons/terrain_3d,302296,ac9ce32027bbff7d0b06c5a30776d868630cb8d89e85ea567cf1b7e0bf5416af,defer,Optional subsystem/demo; no wholesale integration justified for current miniature arcade racing.,See source-specific notices,Historical owner CC0 statement retained; imported metadata and scoped notices recorded separately.,addons/terrain_3d/LICENSE.txt
addons/terrain_3d/brushes/terrain6.exr,images,addons/terrain_3d,236240,b914bea697b9004876667490cad22f9998fcdc12aa683ebdf1a984f6ab571ed3,defer,Optional subsystem/demo; no wholesale integration justified for current miniature arcade racing.,See source-specific notices,Historical owner CC0 statement retained; imported metadata and scoped notices recorded separately.,addons/terrain_3d/LICENSE.txt
addons/terrain_3d/brushes/texture1.exr,images,addons/terrain_3d,17201,fd463b107493266c747184e85714175a0e6dea2fcb88d846f176b8b17970551a,defer,Optional subsystem/demo; no wholesale integration justified for current miniature arcade racing.,See source-specific notices,Historical owner CC0 statement retained; imported metadata and scoped notices recorded separately.,addons/terrain_3d/LICENSE.txt
addons/terrain_3d/brushes/texture2.exr,images,addons/terrain_3d,872793,d961ee2ac4f1c7c4d4571a0fb750470d5fe4898b8746135b62d8917e9948c9f4,defer,Optional subsystem/demo; no wholesale integration justified for current miniature arcade racing.,See source-specific notices,Historical owner CC0 statement retained; imported metadata and scoped notices recorded separately.,addons/terrain_3d/LICENSE.txt
addons/terrain_3d/brushes/texture3.exr,images,addons/terrain_3d,1581369,274b864866585b80107cce2e845192b8d0a6ba997e152b961335e0fd6d18c292,defer,Optional subsystem/demo; no wholesale integration justified for current miniature arcade racing.,See source-specific notices,Historical owner CC0 statement retained; imported metadata and scoped notices recorded separately.,addons/terrain_3d/LICENSE.txt
addons/terrain_3d/brushes/texture4.exr,images,addons/terrain_3d,1581369,2d89409bc0d85a5896ff80187a8879133319a189b5228fc0a59fbec3d51b1ffb,defer,Optional subsystem/demo; no wholesale integration justified for current miniature arcade racing.,See source-specific notices,Historical owner CC0 statement retained; imported metadata and scoped notices recorded separately.,addons/terrain_3d/LICENSE.txt
addons/terrain_3d/brushes/texture5.exr,images,addons/terrain_3d,1581369,81d216c7d40edfa9b9995d0225ce9b8194d31073dc2e3bf41e70a6f60198d9b2,defer,Optional subsystem/demo; no wholesale integration justified for current miniature arcade racing.,See source-specific notices,Historical owner CC0 statement retained; imported metadata and scoped notices recorded separately.,addons/terrain_3d/LICENSE.txt
addons/terrain_3d/brushes/vegetation1.exr,images,addons/terrain_3d,12597,cbc1c1ea247327208a57407dc848284199d56cf473f4ab5fde9bf01c5e24bcf3,defer,Optional subsystem/demo; no wholesale integration justified for current miniature arcade racing.,See source-specific notices,Historical owner CC0 statement retained; imported metadata and scoped notices recorded separately.,addons/terrain_3d/LICENSE.txt
addons/terrain_3d/extras/3rd_party/import_sgt.gd,other,addons/terrain_3d,1832,bda41456d114b977482e159f9ceedcc8a9a3d5112d6c4a1e4538bdadd2890296,defer,Optional subsystem/demo; no wholesale integration justified for current miniature arcade racing.,See source-specific notices,Historical owner CC0 statement retained; imported metadata and scoped notices recorded separately.,addons/terrain_3d/LICENSE.txt
addons/terrain_3d/extras/3rd_party/project_on_terrain3d.gd,other,addons/terrain_3d,4857,e33ad2d4d1764b9d2c975c64ce956b999b11adc3efced951ce18f7bb788c844e,defer,Optional subsystem/demo; no wholesale integration justified for current miniature arcade racing.,See source-specific notices,Historical owner CC0 statement retained; imported metadata and scoped notices recorded separately.,addons/terrain_3d/LICENSE.txt
addons/terrain_3d/extras/particle_example/grass.gdshader,shaders,addons/terrain_3d,2455,5aed0f7cc91ee2eda9ff088bad850cfe0fced8a16e06a257d9b0ab5d79560b2e,defer,Optional subsystem/demo; no wholesale integration justified for current miniature arcade racing.,See source-specific notices,Historical owner CC0 statement retained; imported metadata and scoped notices recorded separately.,addons/terrain_3d/LICENSE.txt
addons/terrain_3d/extras/particle_example/grass_material.tres,materials,addons/terrain_3d,334,01d21c33e794e16de4d0c29df85d90a6139c1f4baadda217a43c245e03299e74,defer,Optional subsystem/demo; no wholesale integration justified for current miniature arcade racing.,See source-specific notices,Historical owner CC0 statement retained; imported metadata and scoped notices recorded separately.,addons/terrain_3d/LICENSE.txt
addons/terrain_3d/extras/particle_example/particles.gdshader,shaders,addons/terrain_3d,10280,2855ec4e3dfd44df9bcd735ea7a34860560e0c851536f3caec8b75f8ed8708fb,defer,Optional subsystem/demo; no wholesale integration justified for current miniature arcade racing.,See source-specific notices,Historical owner CC0 statement retained; imported metadata and scoped notices recorded separately.,addons/terrain_3d/LICENSE.txt
addons/terrain_3d/extras/particle_example/process_material.tres,materials,addons/terrain_3d,11210,1212883321f6e6a72cc656d8b06582a22130a021db10ca561c13dec005e962b2,defer,Optional subsystem/demo; no wholesale integration justified for current miniature arcade racing.,See source-specific notices,Historical owner CC0 statement retained; imported metadata and scoped notices recorded separately.,addons/terrain_3d/LICENSE.txt
addons/terrain_3d/extras/particle_example/Terrain3DParticles.tscn,scenes,addons/terrain_3d,1004,6b10c42168b1e37f14ac25aa5883a9da8253bcdafe2d78c961f031c13532ccf5,defer,Optional subsystem/demo; no wholesale integration justified for current miniature arcade racing.,See source-specific notices,Historical owner CC0 statement retained; imported metadata and scoped notices recorded separately.,addons/terrain_3d/LICENSE.txt
addons/terrain_3d/extras/particle_example/terrain_3D_particles.gd,other,addons/terrain_3d,7966,0ab9ae1a5f66aaafa15faca37dc05bd8ccffe66ed039ada71f2582208971e63c,defer,Optional subsystem/demo; no wholesale integration justified for current miniature arcade racing.,See source-specific notices,Historical owner CC0 statement retained; imported metadata and scoped notices recorded separately.,addons/terrain_3d/LICENSE.txt
addons/terrain_3d/extras/shaders/hex_grid.gdshaderinc,other,addons/terrain_3d,2139,16d2920c3073220e7ed77f96a781fd0a61479e3114c0c96ca2ca89676989dc5e,defer,Optional subsystem/demo; no wholesale integration justified for current miniature arcade racing.,See source-specific notices,Historical owner CC0 statement retained; imported metadata and scoped notices recorded separately.,addons/terrain_3d/LICENSE.txt
addons/terrain_3d/extras/shaders/lightweight.gdshader,shaders,addons/terrain_3d,15416,0920913bf382c3320a5e8c729d424966ba0d5f487165e71052307c044bfb963b,defer,Optional subsystem/demo; no wholesale integration justified for current miniature arcade racing.,See source-specific notices,Historical owner CC0 statement retained; imported metadata and scoped notices recorded separately.,addons/terrain_3d/LICENSE.txt
addons/terrain_3d/extras/shaders/minimum.gdshader,shaders,addons/terrain_3d,8856,d00dd00050ff35ae20386295243373b48908865e1ea75d8f9f932988683881d6,defer,Optional subsystem/demo; no wholesale integration justified for current miniature arcade racing.,See source-specific notices,Historical owner CC0 statement retained; imported metadata and scoped notices recorded separately.,addons/terrain_3d/LICENSE.txt
addons/terrain_3d/icons/autoshader.svg,images,addons/terrain_3d,6187,a23ff96b29264580ec351f6fab02093cb0c233b993d8b03ba3c5629ae60fa7bd,defer,Optional subsystem/demo; no wholesale integration justified for current miniature arcade racing.,See source-specific notices,Historical owner CC0 statement retained; imported metadata and scoped notices recorded separately.,addons/terrain_3d/LICENSE.txt
addons/terrain_3d/icons/color_paint.svg,images,addons/terrain_3d,5914,6c6b2bc21449022727eee41d9e154da080eb088203c2c856d505f7f9808c03fa,defer,Optional subsystem/demo; no wholesale integration justified for current miniature arcade racing.,See source-specific notices,Historical owner CC0 statement retained; imported metadata and scoped notices recorded separately.,addons/terrain_3d/LICENSE.txt
addons/terrain_3d/icons/height_add.svg,images,addons/terrain_3d,3210,b0a2ef9807154bbd703eb7f4883dc1f1d9fc303dfed785b53178d5e311cee51e,defer,Optional subsystem/demo; no wholesale integration justified for current miniature arcade racing.,See source-specific notices,Historical owner CC0 statement retained; imported metadata and scoped notices recorded separately.,addons/terrain_3d/LICENSE.txt
addons/terrain_3d/icons/height_div.svg,images,addons/terrain_3d,6477,2905464b91c6045617da5d4e2922c31594beb07a1ab9f0061c5dac1a0f506207,defer,Optional subsystem/demo; no wholesale integration justified for current miniature arcade racing.,See source-specific notices,Historical owner CC0 statement retained; imported metadata and scoped notices recorded separately.,addons/terrain_3d/LICENSE.txt
addons/terrain_3d/icons/height_flat.svg,images,addons/terrain_3d,3228,0b878f2c7704f7ce7200bd1bfe0f5c7df27e53e824ef24b9bd05ab84ece9c8b2,defer,Optional subsystem/demo; no wholesale integration justified for current miniature arcade racing.,See source-specific notices,Historical owner CC0 statement retained; imported metadata and scoped notices recorded separately.,addons/terrain_3d/LICENSE.txt
addons/terrain_3d/icons/height_mul.svg,images,addons/terrain_3d,6628,1b0781838d88e7584444c82403864f26239d475d81459488ef4a201eaacc3777,defer,Optional subsystem/demo; no wholesale integration justified for current miniature arcade racing.,See source-specific notices,Historical owner CC0 statement retained; imported metadata and scoped notices recorded separately.,addons/terrain_3d/LICENSE.txt
addons/terrain_3d/icons/height_slope.svg,images,addons/terrain_3d,3204,0940ecc3c9a840c36cac610819ce50bf5e8b86689dbefafa1b44df8182c836c6,defer,Optional subsystem/demo; no wholesale integration justified for current miniature arcade racing.,See source-specific notices,Historical owner CC0 statement retained; imported metadata and scoped notices recorded separately.,addons/terrain_3d/LICENSE.txt
addons/terrain_3d/icons/height_smooth.svg,images,addons/terrain_3d,1716,3702b62c1d01d883c0ef46e521d2093988ba427e04eebe2a026cc5e3473d5a67,defer,Optional subsystem/demo; no wholesale integration justified for current miniature arcade racing.,See source-specific notices,Historical owner CC0 statement retained; imported metadata and scoped notices recorded separately.,addons/terrain_3d/LICENSE.txt
addons/terrain_3d/icons/height_sub.svg,images,addons/terrain_3d,3242,314ad73fb58adfeaa69bd23a11ea269628169a1c4353d8ff77a880439c633f02,defer,Optional subsystem/demo; no wholesale integration justified for current miniature arcade racing.,See source-specific notices,Historical owner CC0 statement retained; imported metadata and scoped notices recorded separately.,addons/terrain_3d/LICENSE.txt
addons/terrain_3d/icons/holes.svg,images,addons/terrain_3d,1105,e5d9d165a8e6c23d3f4382749fb9cacad775d47ae3ad7dea2986010c6cbe2063,defer,Optional subsystem/demo; no wholesale integration justified for current miniature arcade racing.,See source-specific notices,Historical owner CC0 statement retained; imported metadata and scoped notices recorded separately.,addons/terrain_3d/LICENSE.txt
addons/terrain_3d/icons/layers.svg,images,addons/terrain_3d,3639,b015ca7387460feefb35e533b28c2bf92b2ff310a79ad23f940bc6b3ee759723,defer,Optional subsystem/demo; no wholesale integration justified for current miniature arcade racing.,See source-specific notices,Historical owner CC0 statement retained; imported metadata and scoped notices recorded separately.,addons/terrain_3d/LICENSE.txt
addons/terrain_3d/icons/multimesh.svg,images,addons/terrain_3d,1785,9380807f1df0bc015659de440e9aaa3b600150540a8abffd8e403392e4ad11a2,defer,Optional subsystem/demo; no wholesale integration justified for current miniature arcade racing.,See source-specific notices,Historical owner CC0 statement retained; imported metadata and scoped notices recorded separately.,addons/terrain_3d/LICENSE.txt
addons/terrain_3d/icons/navigation.svg,images,addons/terrain_3d,3003,7f7aa860f52a50621e004f4e45b2e0fcd90a81c2ba196b7b19460a20876dccd2,defer,Optional subsystem/demo; no wholesale integration justified for current miniature arcade racing.,See source-specific notices,Historical owner CC0 statement retained; imported metadata and scoped notices recorded separately.,addons/terrain_3d/LICENSE.txt
addons/terrain_3d/icons/picker_checked.svg,images,addons/terrain_3d,1580,d49df2ea5fed39eb09fb98c91cc31905d97911d470f3b32ccdb65d284123acc4,defer,Optional subsystem/demo; no wholesale integration justified for current miniature arcade racing.,See source-specific notices,Historical owner CC0 statement retained; imported metadata and scoped notices recorded separately.,addons/terrain_3d/LICENSE.txt
addons/terrain_3d/icons/region_add.svg,images,addons/terrain_3d,3637,f4ec558e96a4e0c1592da11d380e638c59b38e14e9b50947ff7bba3b336d2e7f,defer,Optional subsystem/demo; no wholesale integration justified for current miniature arcade racing.,See source-specific notices,Historical owner CC0 statement retained; imported metadata and scoped notices recorded separately.,addons/terrain_3d/LICENSE.txt
addons/terrain_3d/icons/region_remove.svg,images,addons/terrain_3d,3704,c2a63e3f25e25a86b5f7d8098280f8f402ce69071684c5599e9a4367b274a953,defer,Optional subsystem/demo; no wholesale integration justified for current miniature arcade racing.,See source-specific notices,Historical owner CC0 statement retained; imported metadata and scoped notices recorded separately.,addons/terrain_3d/LICENSE.txt
addons/terrain_3d/icons/terrain3d.svg,images,addons/terrain_3d,4860,8b96b39a96324435aa2e405ad12ace94f0b801e2658bb455280cdd85ca5cce54,defer,Optional subsystem/demo; no wholesale integration justified for current miniature arcade racing.,See source-specific notices,Historical owner CC0 statement retained; imported metadata and scoped notices recorded separately.,addons/terrain_3d/LICENSE.txt
addons/terrain_3d/icons/texture_paint.svg,images,addons/terrain_3d,5559,527002ef714d9ad883525e329c654dcab744c47463c8e0fe7e2b9d51c21b7aaa,defer,Optional subsystem/demo; no wholesale integration justified for current miniature arcade racing.,See source-specific notices,Historical owner CC0 statement retained; imported metadata and scoped notices recorded separately.,addons/terrain_3d/LICENSE.txt
addons/terrain_3d/icons/texture_spray.svg,images,addons/terrain_3d,5832,32156eb91883fa1e7bb1858b205aaa42a413c0c200b3c0bc474f9ebf232a3d5f,defer,Optional subsystem/demo; no wholesale integration justified for current miniature arcade racing.,See source-specific notices,Historical owner CC0 statement retained; imported metadata and scoped notices recorded separately.,addons/terrain_3d/LICENSE.txt
addons/terrain_3d/icons/wetness.svg,images,addons/terrain_3d,4666,c396780c33d5293d8ced909d74c6a3041ce1c60f9d4297b62ad019cf4bd0c07a,defer,Optional subsystem/demo; no wholesale integration justified for current miniature arcade racing.,See source-specific notices,Historical owner CC0 statement retained; imported metadata and scoped notices recorded separately.,addons/terrain_3d/LICENSE.txt
addons/terrain_3d/LICENSE.txt,other,addons/terrain_3d,1110,4dbcfc70ae9005d11bd82e45cab93d8ed7e3dbb804f123e71c72abd3e95ae678,defer,Optional subsystem/demo; no wholesale integration justified for current miniature arcade racing.,See source-specific notices,Historical owner CC0 statement retained; imported metadata and scoped notices recorded separately.,addons/terrain_3d/LICENSE.txt
addons/terrain_3d/menu/bake_lod_dialog.gd,other,addons/terrain_3d,789,8c69c53c2d32bc50a6e6a10cbc74b6acf442a3bc5470aa27efe76def094a6a08,defer,Optional subsystem/demo; no wholesale integration justified for current miniature arcade racing.,See source-specific notices,Historical owner CC0 statement retained; imported metadata and scoped notices recorded separately.,addons/terrain_3d/LICENSE.txt
addons/terrain_3d/menu/bake_lod_dialog.tscn,scenes,addons/terrain_3d,1345,8e76009fe0641162885e2117daadf453292f73d89d8fcee72b325e41b58ded0a,defer,Optional subsystem/demo; no wholesale integration justified for current miniature arcade racing.,See source-specific notices,Historical owner CC0 statement retained; imported metadata and scoped notices recorded separately.,addons/terrain_3d/LICENSE.txt
addons/terrain_3d/menu/baker.gd,other,addons/terrain_3d,15975,c41b3de78f2f2f4c32505c3cd74cd3634d6c4e854e2dbb4296e140290ad43a28,defer,Optional subsystem/demo; no wholesale integration justified for current miniature arcade racing.,See source-specific notices,Historical owner CC0 statement retained; imported metadata and scoped notices recorded separately.,addons/terrain_3d/LICENSE.txt
addons/terrain_3d/menu/channel_packer.gd,other,addons/terrain_3d,18460,1bae51790cd933718aad8d1a6bd4d31481a59b6f22664b4a54e064ae01278389,defer,Optional subsystem/demo; no wholesale integration justified for current miniature arcade racing.,See source-specific notices,Historical owner CC0 statement retained; imported metadata and scoped notices recorded separately.,addons/terrain_3d/LICENSE.txt
addons/terrain_3d/menu/channel_packer.tscn,scenes,addons/terrain_3d,23513,e0e8bcb9cd6c122904904904a6753104dd7526ec2d7140d423643fb54adae5fd,defer,Optional subsystem/demo; no wholesale integration justified for current miniature arcade racing.,See source-specific notices,Historical owner CC0 statement retained; imported metadata and scoped notices recorded separately.,addons/terrain_3d/LICENSE.txt
addons/terrain_3d/menu/channel_packer_dragdrop.gd,other,addons/terrain_3d,508,ce46d0ffd1ff37727a591164e78bd955f560073c5b040d872bee2f119780f00f,defer,Optional subsystem/demo; no wholesale integration justified for current miniature arcade racing.,See source-specific notices,Historical owner CC0 statement retained; imported metadata and scoped notices recorded separately.,addons/terrain_3d/LICENSE.txt
addons/terrain_3d/menu/channel_packer_import_template.txt,other,addons/terrain_3d,612,6c1dd411d2651d0986c4f89f3a83451056a776727426bf70399f535e0d8d8ed3,defer,Optional subsystem/demo; no wholesale integration justified for current miniature arcade racing.,See source-specific notices,Historical owner CC0 statement retained; imported metadata and scoped notices recorded separately.,addons/terrain_3d/LICENSE.txt
addons/terrain_3d/menu/directory_setup.gd,other,addons/terrain_3d,2736,f01c333bf27175645e153b339b5f15c59ba5bbad9a5ccbc9c1ad496649271597,defer,Optional subsystem/demo; no wholesale integration justified for current miniature arcade racing.,See source-specific notices,Historical owner CC0 statement retained; imported metadata and scoped notices recorded separately.,addons/terrain_3d/LICENSE.txt
addons/terrain_3d/menu/directory_setup.tscn,scenes,addons/terrain_3d,1678,e0cf59599c8b878da27bd10bab9b68eef214943b7aa566a6319b98d42c20eaaa,defer,Optional subsystem/demo; no wholesale integration justified for current miniature arcade racing.,See source-specific notices,Historical owner CC0 statement retained; imported metadata and scoped notices recorded separately.,addons/terrain_3d/LICENSE.txt
addons/terrain_3d/menu/terrain_menu.gd,other,addons/terrain_3d,3230,60a77d2c3e6d99e4e5a0af6299fe2596b9a49eaeede374f9dfff031f2ac6b076,defer,Optional subsystem/demo; no wholesale integration justified for current miniature arcade racing.,See source-specific notices,Historical owner CC0 statement retained; imported metadata and scoped notices recorded separately.,addons/terrain_3d/LICENSE.txt
addons/terrain_3d/plugin.cfg,other,addons/terrain_3d,185,4abed84e508aaa19e21e70778b3e3bb58f61c4080444005981f9911e71ebd305,defer,Optional subsystem/demo; no wholesale integration justified for current miniature arcade racing.,See source-specific notices,Historical owner CC0 statement retained; imported metadata and scoped notices recorded separately.,addons/terrain_3d/LICENSE.txt
addons/terrain_3d/README.md,other,addons/terrain_3d,3867,fed83e7f26ae341f4456a7c1be57c1d5827aa35ff2a44b68cc519d81f8a69774,defer,Optional subsystem/demo; no wholesale integration justified for current miniature arcade racing.,See source-specific notices,Historical owner CC0 statement retained; imported metadata and scoped notices recorded separately.,addons/terrain_3d/LICENSE.txt
addons/terrain_3d/src/asset_dock.gd,other,addons/terrain_3d,28846,14ddb533589c8b57e39b5f177f45e6cb1dd579403d17170ed4858f45b229d699,defer,Optional subsystem/demo; no wholesale integration justified for current miniature arcade racing.,See source-specific notices,Historical owner CC0 statement retained; imported metadata and scoped notices recorded separately.,addons/terrain_3d/LICENSE.txt
addons/terrain_3d/src/asset_dock.tscn,scenes,addons/terrain_3d,2316,74a7e013e81f601875b0a7927cf959324cf42b9bfc1c7c672bf5291a450ba283,defer,Optional subsystem/demo; no wholesale integration justified for current miniature arcade racing.,See source-specific notices,Historical owner CC0 statement retained; imported metadata and scoped notices recorded separately.,addons/terrain_3d/LICENSE.txt
addons/terrain_3d/src/asset_dock_45.gd,other,addons/terrain_3d,27999,0840b3335681f85c1f515167cfafcc7759feacd2651f8054b13f2c31c940cddf,defer,Optional subsystem/demo; no wholesale integration justified for current miniature arcade racing.,See source-specific notices,Historical owner CC0 statement retained; imported metadata and scoped notices recorded separately.,addons/terrain_3d/LICENSE.txt
addons/terrain_3d/src/asset_dock_45.tscn,scenes,addons/terrain_3d,2445,142ff3778df0ee82edab44dd60aba8fd2d899e0b6ec6e387ab229d3a41e47485,defer,Optional subsystem/demo; no wholesale integration justified for current miniature arcade racing.,See source-specific notices,Historical owner CC0 statement retained; imported metadata and scoped notices recorded separately.,addons/terrain_3d/LICENSE.txt
addons/terrain_3d/src/double_slider.gd,other,addons/terrain_3d,4363,888c8382c719cc89fedb1c159d9272bb613cd4737b17140e214a6834c56df6ee,defer,Optional subsystem/demo; no wholesale integration justified for current miniature arcade racing.,See source-specific notices,Historical owner CC0 statement retained; imported metadata and scoped notices recorded separately.,addons/terrain_3d/LICENSE.txt
addons/terrain_3d/src/editor_plugin.gd,other,addons/terrain_3d,15949,d8e2872e876e9442b6d5ccb2ea86803ecc5b61675e6a4262860330ddc75d008f,defer,Optional subsystem/demo; no wholesale integration justified for current miniature arcade racing.,See source-specific notices,Historical owner CC0 statement retained; imported metadata and scoped notices recorded separately.,addons/terrain_3d/LICENSE.txt
addons/terrain_3d/src/gradient_operation_builder.gd,other,addons/terrain_3d,1518,4e722036ed2392ab7394415c3530ee7769159985d17754d6a50331c15c132f02,defer,Optional subsystem/demo; no wholesale integration justified for current miniature arcade racing.,See source-specific notices,Historical owner CC0 statement retained; imported metadata and scoped notices recorded separately.,addons/terrain_3d/LICENSE.txt
addons/terrain_3d/src/multi_picker.gd,other,addons/terrain_3d,1942,583b29825a772c31e3ffc792cc36d93429e7b23464a70f099f20f7f1fd7e4ff9,defer,Optional subsystem/demo; no wholesale integration justified for current miniature arcade racing.,See source-specific notices,Historical owner CC0 statement retained; imported metadata and scoped notices recorded separately.,addons/terrain_3d/LICENSE.txt
addons/terrain_3d/src/operation_builder.gd,other,addons/terrain_3d,528,0588a355d02b84805f75bb7febd113b2114e66e367fdc92b4804e93e6c8690c3,defer,Optional subsystem/demo; no wholesale integration justified for current miniature arcade racing.,See source-specific notices,Historical owner CC0 statement retained; imported metadata and scoped notices recorded separately.,addons/terrain_3d/LICENSE.txt
addons/terrain_3d/src/region_gizmo.gd,other,addons/terrain_3d,2249,465ee2431029b1d422f3621bc346ca5ce38a638143dc8503c4b76a3aeddb2a52,defer,Optional subsystem/demo; no wholesale integration justified for current miniature arcade racing.,See source-specific notices,Historical owner CC0 statement retained; imported metadata and scoped notices recorded separately.,addons/terrain_3d/LICENSE.txt
addons/terrain_3d/src/tool_settings.gd,other,addons/terrain_3d,27173,1bb71acc1ba77aaab910cf0aee2e9d2be4f66eeff311686a7737afb64d76e398,defer,Optional subsystem/demo; no wholesale integration justified for current miniature arcade racing.,See source-specific notices,Historical owner CC0 statement retained; imported metadata and scoped notices recorded separately.,addons/terrain_3d/LICENSE.txt
addons/terrain_3d/src/toolbar.gd,other,addons/terrain_3d,6904,ccf59f9e886763ed0c6c418ae783bfc5c299ee761e7881ede3bcc6729840381b,defer,Optional subsystem/demo; no wholesale integration justified for current miniature arcade racing.,See source-specific notices,Historical owner CC0 statement retained; imported metadata and scoped notices recorded separately.,addons/terrain_3d/LICENSE.txt
addons/terrain_3d/src/ui.gd,other,addons/terrain_3d,21451,f3680be0162a01e893faf938f72cb0c0277617d029680f640e9920eed4d24c32,defer,Optional subsystem/demo; no wholesale integration justified for current miniature arcade racing.,See source-specific notices,Historical owner CC0 statement retained; imported metadata and scoped notices recorded separately.,addons/terrain_3d/LICENSE.txt
addons/terrain_3d/terrain.gdextension,other,addons/terrain_3d,1501,93d2f783ff7a62733ce6176746725a07750321b83bfb59feabf8f28ba76829db,defer,Optional subsystem/demo; no wholesale integration justified for current miniature arcade racing.,See source-specific notices,Historical owner CC0 statement retained; imported metadata and scoped notices recorded separately.,addons/terrain_3d/LICENSE.txt
addons/terrain_3d/utils/terrain_3d_objects.gd,other,addons/terrain_3d,6725,9742a9583676f3ca6691555b554cf6e91d55a1f09ba24e35542d1517dffd42f8,defer,Optional subsystem/demo; no wholesale integration justified for current miniature arcade racing.,See source-specific notices,Historical owner CC0 statement retained; imported metadata and scoped notices recorded separately.,addons/terrain_3d/LICENSE.txt
addons/terrain_3d/utils/transform_changed_notifier.gd,other,addons/terrain_3d,363,ee5e098a23e116fe2f1fcfbc663456038b5f3c13921669029a89c2a0f18f9b23,defer,Optional subsystem/demo; no wholesale integration justified for current miniature arcade racing.,See source-specific notices,Historical owner CC0 statement retained; imported metadata and scoped notices recorded separately.,addons/terrain_3d/LICENSE.txt
AGENTS.md,other,Root files (mixed provenance),1868,deed6bf72d61eac32f5dbab5cf7213f3098ece6a9e8c5444cfbffa094e91a6aa,defer,"Imported demo, support resource or legacy file; no new production use established.",See source-specific notices,Historical owner CC0 statement retained; imported metadata and scoped notices recorded separately.,No scoped local notice found; see docs/credits.md and preserved source-pack notices.
assets/arcade/arcade_font.fnt,other,assets,7382,2087637699fea202506f0f79e5b6bfcef8fe5a8fda5c6fd24e4e093f75c22798,current,Static reference reachable from main scene; dynamic references require separate verification.,See source-specific notices,Historical owner CC0 statement retained; imported metadata and scoped notices recorded separately.,No scoped local notice found; see docs/credits.md and preserved source-pack notices.
assets/arcade/arcade_font.png,images,assets,1085,690ab5e639af4550de6462bdb5b261e9b21076614fee806bac5b955eb9e8dae1,retain,Project-authored art; retain for its matching environment/UI.,See source-specific notices,Historical owner CC0 statement retained; imported metadata and scoped notices recorded separately.,No scoped local notice found; see docs/credits.md and preserved source-pack notices.
assets/arcade/arrow_left.svg,images,assets,159,cee99036767d341125e6be7d5b88ba52543d3b9989751b04e3c1b90e08e65177,current,Static reference reachable from main scene; dynamic references require separate verification.,See source-specific notices,Historical owner CC0 statement retained; imported metadata and scoped notices recorded separately.,No scoped local notice found; see docs/credits.md and preserved source-pack notices.
assets/arcade/arrow_right.svg,images,assets,199,4765ee4fbc33c1fc96e2da3857ab0345d134105b1442d90fb310061c10291979,current,Static reference reachable from main scene; dynamic references require separate verification.,See source-specific notices,Historical owner CC0 statement retained; imported metadata and scoped notices recorded separately.,No scoped local notice found; see docs/credits.md and preserved source-pack notices.
assets/arcade/banknote.svg,images,assets,1311,df911f8b2a325e73eda561c8e62ef79196f08049e78bd26f8df86ef77ffc203d,current,Static reference reachable from main scene; dynamic references require separate verification.,See source-specific notices,Historical owner CC0 statement retained; imported metadata and scoped notices recorded separately.,No scoped local notice found; see docs/credits.md and preserved source-pack notices.
assets/arcade/betting_spot.svg,images,assets,716,8ab4352d160d75171a1f4efbce795c55df95431602ac1189019e5eb4860570ee,current,Static reference reachable from main scene; dynamic references require separate verification.,See source-specific notices,Historical owner CC0 statement retained; imported metadata and scoped notices recorded separately.,No scoped local notice found; see docs/credits.md and preserved source-pack notices.
assets/arcade/blackjack.png,images,assets,196533,445d4ceacf311a40244388767a8f84cfc6ff1d656c1ad5f06bd3cdeafe674db8,current,Static reference reachable from main scene; dynamic references require separate verification.,See source-specific notices,Historical owner CC0 statement retained; imported metadata and scoped notices recorded separately.,No scoped local notice found; see docs/credits.md and preserved source-pack notices.
assets/arcade/blackjack_felt.gdshader,shaders,assets,527,b2d2f5e8382f2219063c3efe25cc13ae35cb40d466e189d4e2a07a3777a120c6,current,Static reference reachable from main scene; dynamic references require separate verification.,See source-specific notices,Historical owner CC0 statement retained; imported metadata and scoped notices recorded separately.,No scoped local notice found; see docs/credits.md and preserved source-pack notices.
assets/arcade/casino_wood.gdshader,shaders,assets,414,4463408228238e5e7fc0392175ff194eacafe54bddcd9b1a5dd6253b274d2f13,current,Static reference reachable from main scene; dynamic references require separate verification.,See source-specific notices,Historical owner CC0 statement retained; imported metadata and scoped notices recorded separately.,No scoped local notice found; see docs/credits.md and preserved source-pack notices.
assets/arcade/driver-portrait-prompts.txt,other,assets,1177,aef3127458505880ac62ee294c4ac0561edecfd635b0501e457d1f0fc64e6509,retain,Project-authored art; retain for its matching environment/UI.,See source-specific notices,Historical owner CC0 statement retained; imported metadata and scoped notices recorded separately.,No scoped local notice found; see docs/credits.md and preserved source-pack notices.
assets/arcade/driver_4.png,images,assets,1351738,5f5960912f148a3f85ae6a30399a79c450904a95cfdbe197a919c09f13b63e27,current,Static reference reachable from main scene; dynamic references require separate verification.,See source-specific notices,Historical owner CC0 statement retained; imported metadata and scoped notices recorded separately.,No scoped local notice found; see docs/credits.md and preserved source-pack notices.
assets/arcade/driver_5.png,images,assets,1318328,4a5e1a561e25963d389f8c2be981be849e2e1f6cdff2f3dbf180d2110c6a87b2,current,Static reference reachable from main scene; dynamic references require separate verification.,See source-specific notices,Historical owner CC0 statement retained; imported metadata and scoped notices recorded separately.,No scoped local notice found; see docs/credits.md and preserved source-pack notices.
assets/arcade/driver_6.png,images,assets,1435166,e2be22408de8b984f4d248c16d5bc4bd468eca8b122df11e67c6ba9c18005325,retain,Project-authored art; retain for its matching environment/UI.,See source-specific notices,Historical owner CC0 statement retained; imported metadata and scoped notices recorded separately.,No scoped local notice found; see docs/credits.md and preserved source-pack notices.
assets/arcade/driver_6_cyan.png,images,assets,1486619,2b80a152aa6f0453fc8b6aa181b2394e4488f5b3d58f15495781b35e807f8699,current,Static reference reachable from main scene; dynamic references require separate verification.,See source-specific notices,Historical owner CC0 statement retained; imported metadata and scoped notices recorded separately.,No scoped local notice found; see docs/credits.md and preserved source-pack notices.
assets/arcade/driver_7.png,images,assets,1378940,08fe33dccd5d228a66eab61b307294891bd6006f9c4ade723287b9b78c68d492,retain,Project-authored art; retain for its matching environment/UI.,See source-specific notices,Historical owner CC0 statement retained; imported metadata and scoped notices recorded separately.,No scoped local notice found; see docs/credits.md and preserved source-pack notices.
assets/arcade/driver_7_magenta.png,images,assets,1362879,a48e61549a5017d0d06fd2d366b01c5b57d3b06ed950d75991274420358676d0,current,Static reference reachable from main scene; dynamic references require separate verification.,See source-specific notices,Historical owner CC0 statement retained; imported metadata and scoped notices recorded separately.,No scoped local notice found; see docs/credits.md and preserved source-pack notices.
assets/arcade/drivers.png,images,assets,115090,572653658e1a2a0a03083efdc58731f9c3f783a897771a3a7ce10d2ca8a82e2d,current,Static reference reachable from main scene; dynamic references require separate verification.,See source-specific notices,Historical owner CC0 statement retained; imported metadata and scoped notices recorded separately.,No scoped local notice found; see docs/credits.md and preserved source-pack notices.
assets/arcade/menu_pattern.svg,images,assets,308,0f041cc6b571a7b1182c9d6eb590a9fc2efbbc3795cfd7e7337ebbe56efdc4bd,current,Static reference reachable from main scene; dynamic references require separate verification.,See source-specific notices,Historical owner CC0 statement retained; imported metadata and scoped notices recorded separately.,No scoped local notice found; see docs/credits.md and preserved source-pack notices.
assets/blackjack/ace_spades.svg,images,assets,1178,b9a6e2f8a165b59242643041e9feccfc3ca9d87aeecb74abcdc625a232a86f79,current,Static reference reachable from main scene; dynamic references require separate verification.,See source-specific notices,Historical owner CC0 statement retained; imported metadata and scoped notices recorded separately.,No scoped local notice found; see docs/credits.md and preserved source-pack notices.
assets/blackjack/card_back.svg,images,assets,5739,6f347d641030efd9f0b3e8fa6476273c066427ed898081dee46a3171180f9575,current,Static reference reachable from main scene; dynamic references require separate verification.,See source-specific notices,Historical owner CC0 statement retained; imported metadata and scoped notices recorded separately.,No scoped local notice found; see docs/credits.md and preserved source-pack notices.
assets/blackjack/seven_hearts.svg,images,assets,1763,4d69654ec9cb23a31bb0de6fe1dd051bc599f5010ca8d12f0af8ba05feb52d5d,current,Static reference reachable from main scene; dynamic references require separate verification.,See source-specific notices,Historical owner CC0 statement retained; imported metadata and scoped notices recorded separately.,No scoped local notice found; see docs/credits.md and preserved source-pack notices.
assets/brand/real_thing_logo.png,images,assets,1280998,bcd77693520194193b39535899a79c3bf98e90bf4c249f5434dc1ada57b78942,current,Static reference reachable from main scene; dynamic references require separate verification.,See source-specific notices,Historical owner CC0 statement retained; imported metadata and scoped notices recorded separately.,No scoped local notice found; see docs/credits.md and preserved source-pack notices.
assets/brand/real_thing_poster.png,images,assets,2534008,4de26c7030581e390507ff1df5679bee89ba803693531d47618a024a7f43a62d,current,Static reference reachable from main scene; dynamic references require separate verification.,See source-specific notices,Historical owner CC0 statement retained; imported metadata and scoped notices recorded separately.,No scoped local notice found; see docs/credits.md and preserved source-pack notices.
assets/drivers/driver_0.svg,images,assets,897,cbb26118ade9a967cff543aaf177b503fb5c657f20349958bac9e82fddd140ef,retain,Project-authored art; retain for its matching environment/UI.,See source-specific notices,Historical owner CC0 statement retained; imported metadata and scoped notices recorded separately.,No scoped local notice found; see docs/credits.md and preserved source-pack notices.
assets/drivers/driver_1.svg,images,assets,902,39647e4f7e282a3190fcbd5bd6693e411e939d08458fe52f955ad4622dee362e,retain,Project-authored art; retain for its matching environment/UI.,See source-specific notices,Historical owner CC0 statement retained; imported metadata and scoped notices recorded separately.,No scoped local notice found; see docs/credits.md and preserved source-pack notices.
assets/drivers/driver_2.svg,images,assets,869,bb4c4207dbb025ca6e5039e64993978f95ef0a71356c9f61ce5e7a3b8da7d505,retain,Project-authored art; retain for its matching environment/UI.,See source-specific notices,Historical owner CC0 statement retained; imported metadata and scoped notices recorded separately.,No scoped local notice found; see docs/credits.md and preserved source-pack notices.
assets/drivers/driver_3.svg,images,assets,922,4f4510019789f5a13ac8fc98c2c30b808b7a6e04b718bee4290cd5c192193aee,retain,Project-authored art; retain for its matching environment/UI.,See source-specific notices,Historical owner CC0 statement retained; imported metadata and scoped notices recorded separately.,No scoped local notice found; see docs/credits.md and preserved source-pack notices.
assets/effects/kenney/License.txt,other,assets,651,f9e70b81d8cc07c4e07c9f2eff1d94fd371a06070b18cb67c651c41158ec2975,retain,Project-authored art; retain for its matching environment/UI.,See source-specific notices,Historical owner CC0 statement retained; imported metadata and scoped notices recorded separately.,assets/effects/kenney/License.txt
assets/effects/kenney/light_01.png,images,assets,93470,caedcc5df5bcac4470244d2520d6a64b45b20c1ccf4d918da516c55e3fa365a6,current,Static reference reachable from main scene; dynamic references require separate verification.,See source-specific notices,Historical owner CC0 statement retained; imported metadata and scoped notices recorded separately.,assets/effects/kenney/License.txt
assets/effects/kenney/README.md,other,assets,1108,4932c1635368e002e09a479fc1b39481b701b4c4a86b794d6da5a38ae0c25c61,retain,Project-authored art; retain for its matching environment/UI.,See source-specific notices,Historical owner CC0 statement retained; imported metadata and scoped notices recorded separately.,assets/effects/kenney/License.txt
assets/effects/kenney/smoke_01.png,images,assets,97452,e8724c219e8d35859167fc0a7e207e13c72ccf0c29704909b9bb3d3dc71c6cf7,current,Static reference reachable from main scene; dynamic references require separate verification.,See source-specific notices,Historical owner CC0 statement retained; imported metadata and scoped notices recorded separately.,assets/effects/kenney/License.txt
assets/effects/kenney/spark_05.png,images,assets,64808,9624ea2017b8b2767a9d3b82e978b7fdf5154d83e6756cd919da51447bb97138,current,Static reference reachable from main scene; dynamic references require separate verification.,See source-specific notices,Historical owner CC0 statement retained; imported metadata and scoped notices recorded separately.,assets/effects/kenney/License.txt
assets/effects/smoke.gdshader,shaders,assets,734,5fa9e5bf08a9b1861f0620a4e7b7ce49b6230953271fba683b14d6e4dd91dc0f,current,Static reference reachable from main scene; dynamic references require separate verification.,See source-specific notices,Historical owner CC0 statement retained; imported metadata and scoped notices recorded separately.,No scoped local notice found; see docs/credits.md and preserved source-pack notices.
assets/effects/tyre_marks.gdshader,shaders,assets,467,82dbcd68fc871831625f750c07d45b39be278a8eb6f49703dd5d6425f24a9500,current,Static reference reachable from main scene; dynamic references require separate verification.,See source-specific notices,Historical owner CC0 statement retained; imported metadata and scoped notices recorded separately.,No scoped local notice found; see docs/credits.md and preserved source-pack notices.
assets/imported/casino/bridge_wood.gdshader,shaders,assets,410,e548b99421093118a77743c38cb9aca35316eb6174486275b18100374acfc32a,current,Static reference reachable from main scene; dynamic references require separate verification.,See source-specific notices,Historical owner CC0 statement retained; imported metadata and scoped notices recorded separately.,No scoped local notice found; see docs/credits.md and preserved source-pack notices.
assets/imported/casino/chips/chip.bin,other,assets,3319200,adca0b129431ac9f3e7923f6aa1a3757484f167d89441adf9cce0c89783a9862,retain,Project-authored art; retain for its matching environment/UI.,See source-specific notices,Historical owner CC0 statement retained; imported metadata and scoped notices recorded separately.,No scoped local notice found; see docs/credits.md and preserved source-pack notices.
assets/imported/casino/chips/chip.gltf,models,assets,14473,dbdc2ec0618b129a632a5c4933f9ae9bbc28ce051c591b5e0c7bdd321c6f8970,retain,Project-authored art; retain for its matching environment/UI.,See source-specific notices,Historical owner CC0 statement retained; imported metadata and scoped notices recorded separately.,No scoped local notice found; see docs/credits.md and preserved source-pack notices.
assets/imported/casino/chips/chip_new_M_Inst_1_MetallicRoughness.jpg,images,assets,171504,647af1110c5f707d3468a8e8173dd36e2856cea03e400c8e8baec39d948aea87,current,Static reference reachable from main scene; dynamic references require separate verification.,See source-specific notices,Historical owner CC0 statement retained; imported metadata and scoped notices recorded separately.,No scoped local notice found; see docs/credits.md and preserved source-pack notices.
assets/imported/casino/chips/chip_new_M_Inst_2_MetallicRoughness.jpg,images,assets,174152,43db60c17ff4347cdc40583f7a6148eacc90abc4085afb0b56d2782712791a29,current,Static reference reachable from main scene; dynamic references require separate verification.,See source-specific notices,Historical owner CC0 statement retained; imported metadata and scoped notices recorded separately.,No scoped local notice found; see docs/credits.md and preserved source-pack notices.
assets/imported/casino/chips/chip_new_M_Inst_3_MetallicRoughness.jpg,images,assets,167668,7526f99aaaca46e63d8c9a3ab4f155e4712a8b1a454dc83e36f6179acd9ea7ca,current,Static reference reachable from main scene; dynamic references require separate verification.,See source-specific notices,Historical owner CC0 statement retained; imported metadata and scoped notices recorded separately.,No scoped local notice found; see docs/credits.md and preserved source-pack notices.
assets/imported/casino/chips/chip_new_M_Inst_4_MetallicRoughness.jpg,images,assets,167478,cb92f9bf05b369a997a0ed34f89845640580bb86154b9c842781bd01e93343d3,current,Static reference reachable from main scene; dynamic references require separate verification.,See source-specific notices,Historical owner CC0 statement retained; imported metadata and scoped notices recorded separately.,No scoped local notice found; see docs/credits.md and preserved source-pack notices.
assets/imported/casino/chips/chip_new_M_Inst_5_MetallicRoughness.jpg,images,assets,171239,160c4b1a062d2fff4d3df9e96e5cf12336599f2623d2f05c34395c73a67d2efa,current,Static reference reachable from main scene; dynamic references require separate verification.,See source-specific notices,Historical owner CC0 statement retained; imported metadata and scoped notices recorded separately.,No scoped local notice found; see docs/credits.md and preserved source-pack notices.
assets/imported/casino/chips/chip_new_M_Inst_6_MetallicRoughness.jpg,images,assets,165916,e01d4eadb7ddba1f247cbef7fac02ea54dabe758b62465daf436fdf5849174e7,current,Static reference reachable from main scene; dynamic references require separate verification.,See source-specific notices,Historical owner CC0 statement retained; imported metadata and scoped notices recorded separately.,No scoped local notice found; see docs/credits.md and preserved source-pack notices.
assets/imported/casino/chips/chip_new_M_Inst_7_MetallicRoughness.jpg,images,assets,169000,24a05e90fd0cf018a334925cb4d6d78991d8bcf436931ce2134b1b1f4b10470c,current,Static reference reachable from main scene; dynamic references require separate verification.,See source-specific notices,Historical owner CC0 statement retained; imported metadata and scoped notices recorded separately.,No scoped local notice found; see docs/credits.md and preserved source-pack notices.
assets/imported/casino/chips/chips_gameplay.res,other,assets,1642062,a302c3664de370cf6608dc4b61a68037fef68fb50cd080fe3ca9ca2c1e0832af,retain,Project-authored art; retain for its matching environment/UI.,See source-specific notices,Historical owner CC0 statement retained; imported metadata and scoped notices recorded separately.,No scoped local notice found; see docs/credits.md and preserved source-pack notices.
assets/imported/casino/chips/sop_chip_stack_8573_25776_0_main_geo_1_BaseColor_1D9D3AC5.jpg,images,assets,98747,38f97e874947cb356d70973ca4a75144a51778cb97c4300bf766bffc12f3f9b2,current,Static reference reachable from main scene; dynamic references require separate verification.,See source-specific notices,Historical owner CC0 statement retained; imported metadata and scoped notices recorded separately.,No scoped local notice found; see docs/credits.md and preserved source-pack notices.
assets/imported/casino/chips/sop_chip_stack_8573_25776_0_main_geo_1_BaseColor_2D0F1524.jpg,images,assets,97756,aa1a296a2f245d5db312ad549177cd7f97e8e79038a76f9f5007c9054f776f7a,current,Static reference reachable from main scene; dynamic references require separate verification.,See source-specific notices,Historical owner CC0 statement retained; imported metadata and scoped notices recorded separately.,No scoped local notice found; see docs/credits.md and preserved source-pack notices.
assets/imported/casino/chips/sop_chip_stack_8573_25776_0_main_geo_1_BaseColor_457587B9.jpg,images,assets,110961,fc83baf642b03c33d288103d52f9a77bec465c59314a30778021e43c5e2fa6aa,current,Static reference reachable from main scene; dynamic references require separate verification.,See source-specific notices,Historical owner CC0 statement retained; imported metadata and scoped notices recorded separately.,No scoped local notice found; see docs/credits.md and preserved source-pack notices.
assets/imported/casino/chips/sop_chip_stack_8573_25776_0_main_geo_1_BaseColor_5815D64F.jpg,images,assets,99252,f9354d4c56cfc1c5d463b61308b9f8f484dd0fd7eb5a9602e50133c1c450c4b6,current,Static reference reachable from main scene; dynamic references require separate verification.,See source-specific notices,Historical owner CC0 statement retained; imported metadata and scoped notices recorded separately.,No scoped local notice found; see docs/credits.md and preserved source-pack notices.
assets/imported/casino/chips/sop_chip_stack_8573_25776_0_main_geo_1_BaseColor_6795DC86.jpg,images,assets,93147,af64f4ef1cf9ebb070279e8b7230bf2d53a01a4a52bf36ca85a583ef05e67d12,current,Static reference reachable from main scene; dynamic references require separate verification.,See source-specific notices,Historical owner CC0 statement retained; imported metadata and scoped notices recorded separately.,No scoped local notice found; see docs/credits.md and preserved source-pack notices.
assets/imported/casino/chips/sop_chip_stack_8573_25776_0_main_geo_1_BaseColor_C4B53A57.jpg,images,assets,99337,fa27490983f8ccee76c53f32d9739fb19278c1f15c6c2ed23d530304d98d0acc,current,Static reference reachable from main scene; dynamic references require separate verification.,See source-specific notices,Historical owner CC0 statement retained; imported metadata and scoped notices recorded separately.,No scoped local notice found; see docs/credits.md and preserved source-pack notices.
assets/imported/casino/chips/sop_chip_stack_8573_25776_0_main_geo_1_BaseColor_E4FA43DF.jpg,images,assets,96699,2a9cb9eff22a2121e999c5c4755afb28c87eb74de5fc8e2ae55da81235a2dff4,current,Static reference reachable from main scene; dynamic references require separate verification.,See source-specific notices,Historical owner CC0 statement retained; imported metadata and scoped notices recorded separately.,No scoped local notice found; see docs/credits.md and preserved source-pack notices.
assets/imported/casino/chips/sop_chip_stack_8573_25776_0_main_geo_1_TangentNormal_24323D98.jpg,images,assets,49375,994d3ba071e87411c79bd23e08565c14d3bd37e4aff9602b429fa18a162ee12d,current,Static reference reachable from main scene; dynamic references require separate verification.,See source-specific notices,Historical owner CC0 statement retained; imported metadata and scoped notices recorded separately.,No scoped local notice found; see docs/credits.md and preserved source-pack notices.
assets/imported/casino/chips/sop_chip_stack_8573_25776_0_main_geo_1_TangentNormal_2F3EAB44.jpg,images,assets,48643,7bc4a41fabc5b0d19947435ae0142ca3797b45451ce01002e3910529de9215d0,current,Static reference reachable from main scene; dynamic references require separate verification.,See source-specific notices,Historical owner CC0 statement retained; imported metadata and scoped notices recorded separately.,No scoped local notice found; see docs/credits.md and preserved source-pack notices.
assets/imported/casino/chips/sop_chip_stack_8573_25776_0_main_geo_1_TangentNormal_5087ABE8.jpg,images,assets,49708,dbae71d352e71810c89232bf5cf41a851358e115f8579a5a4142cc927b875f07,current,Static reference reachable from main scene; dynamic references require separate verification.,See source-specific notices,Historical owner CC0 statement retained; imported metadata and scoped notices recorded separately.,No scoped local notice found; see docs/credits.md and preserved source-pack notices.
assets/imported/casino/chips/sop_chip_stack_8573_25776_0_main_geo_1_TangentNormal_558F63C0.jpg,images,assets,48832,713d92b1464ceee6adfc98ce55a79e53cd22d976f646baaad3211a7da2d6be22,current,Static reference reachable from main scene; dynamic references require separate verification.,See source-specific notices,Historical owner CC0 statement retained; imported metadata and scoped notices recorded separately.,No scoped local notice found; see docs/credits.md and preserved source-pack notices.
assets/imported/casino/chips/sop_chip_stack_8573_25776_0_main_geo_1_TangentNormal_98C7C107.jpg,images,assets,47548,671eec6c214bcd3011e6a129cea5448ce7193ffbcff726f93ef157ba72b5fed0,current,Static reference reachable from main scene; dynamic references require separate verification.,See source-specific notices,Historical owner CC0 statement retained; imported metadata and scoped notices recorded separately.,No scoped local notice found; see docs/credits.md and preserved source-pack notices.
assets/imported/casino/chips/sop_chip_stack_8573_25776_0_main_geo_1_TangentNormal_BC31622C.jpg,images,assets,53688,73cb256957f2a7f59be45c66ce1b5a48700acdbf4b096fe0d5a8b6e0917acd51,current,Static reference reachable from main scene; dynamic references require separate verification.,See source-specific notices,Historical owner CC0 statement retained; imported metadata and scoped notices recorded separately.,No scoped local notice found; see docs/credits.md and preserved source-pack notices.
assets/imported/casino/chips/sop_chip_stack_8573_25776_0_main_geo_1_TangentNormal_E7EE7988.jpg,images,assets,57503,8c702f9cc3c152f818368e44acf57045e28b1dc300982d769eb0497491aad744,current,Static reference reachable from main scene; dynamic references require separate verification.,See source-specific notices,Historical owner CC0 statement retained; imported metadata and scoped notices recorded separately.,No scoped local notice found; see docs/credits.md and preserved source-pack notices.
assets/imported/casino/README.md,other,assets,968,567c81b3c0e78f4315dc677348d05b03cace745d8760380e6b0043ebd615db80,retain,Project-authored art; retain for its matching environment/UI.,See source-specific notices,Historical owner CC0 statement retained; imported metadata and scoped notices recorded separately.,No scoped local notice found; see docs/credits.md and preserved source-pack notices.
assets/imported/casino/source/casino2.fbx,models,assets,1154288,8dc63ed14ee095bf454595e95d7b6d8df3ff2cba8038c101ea579545f75402f3,retain,Project-authored art; retain for its matching environment/UI.,See source-specific notices,Historical owner CC0 statement retained; imported metadata and scoped notices recorded separately.,No scoped local notice found; see docs/credits.md and preserved source-pack notices.
assets/imported/casino/textures/lambert1_BaseColor.png,images,assets,8113211,e7656b40d0995d0a9624f846c3bd6a782be70cf14fbf11049c1d044310106756,current,Static reference reachable from main scene; dynamic references require separate verification.,See source-specific notices,Historical owner CC0 statement retained; imported metadata and scoped notices recorded separately.,No scoped local notice found; see docs/credits.md and preserved source-pack notices.
assets/imported/casino/textures/lambert1_Metallic.png,images,assets,13638,a9a9c4d3550c631a0c002b7a6daa11769c935f4ca26d9cf1c1256057eae6a146,retain,Project-authored art; retain for its matching environment/UI.,See source-specific notices,Historical owner CC0 statement retained; imported metadata and scoped notices recorded separately.,No scoped local notice found; see docs/credits.md and preserved source-pack notices.
assets/imported/casino/textures/lambert1_Normal.png,images,assets,1358748,81e287d558d07a169ab31e62b58b8a631a98cc578008ea8df8afc012e7b93be0,current,Static reference reachable from main scene; dynamic references require separate verification.,See source-specific notices,Historical owner CC0 statement retained; imported metadata and scoped notices recorded separately.,No scoped local notice found; see docs/credits.md and preserved source-pack notices.
assets/imported/casino/textures/lambert1_Roughness.png,images,assets,1129832,2617e52ecbf7ac87e92052c977c8c5d33991dea3f0446c0b2fff409f5c146715,retain,Project-authored art; retain for its matching environment/UI.,See source-specific notices,Historical owner CC0 statement retained; imported metadata and scoped notices recorded separately.,No scoped local notice found; see docs/credits.md and preserved source-pack notices.
assets/imported/casino/textures/roulette_table_lambert1_BaseColor.png,images,assets,2095221,50dfaab78b7385c2ace2be9f7a5e105bb44bea04471238f81ed43873a5f4aac6,current,Static reference reachable from main scene; dynamic references require separate verification.,See source-specific notices,Historical owner CC0 statement retained; imported metadata and scoped notices recorded separately.,No scoped local notice found; see docs/credits.md and preserved source-pack notices.
assets/imported/casino/textures/roulette_table_lambert1_Metalness.png,images,assets,51125,0c9d6a76f13bd4c88d7975c09cad740c03e977c825f418f93d56ee3140bc9976,retain,Project-authored art; retain for its matching environment/UI.,See source-specific notices,Historical owner CC0 statement retained; imported metadata and scoped notices recorded separately.,No scoped local notice found; see docs/credits.md and preserved source-pack notices.
assets/imported/casino/textures/roulette_table_lambert1_Normal.png,images,assets,11775741,e97a6b7f237793e91e3ca2ed0907206c7c0c1e383751f6dbd44aee160d45cabd,current,Static reference reachable from main scene; dynamic references require separate verification.,See source-specific notices,Historical owner CC0 statement retained; imported metadata and scoped notices recorded separately.,No scoped local notice found; see docs/credits.md and preserved source-pack notices.
assets/imported/casino/textures/roulette_table_lambert1_Roughness.png,images,assets,499923,2cd1d363a3db58cb6f4b53704ab3ccd17832e2c9de874d8e18abecd7c46892dd,retain,Project-authored art; retain for its matching environment/UI.,See source-specific notices,Historical owner CC0 statement retained; imported metadata and scoped notices recorded separately.,No scoped local notice found; see docs/credits.md and preserved source-pack notices.
assets/imported/courtyard/civitaretenga.glb,models,assets,20767432,d20616b273c5cb1e484eaa5a5b804bc1488b204bc56a5b4a707e4d749819cc51,retain,Project-authored art; retain for its matching environment/UI.,See source-specific notices,Historical owner CC0 statement retained; imported metadata and scoped notices recorded separately.,No scoped local notice found; see docs/credits.md and preserved source-pack notices.
assets/imported/courtyard/civitaretenga_0.jpg,images,assets,7620410,f3c566fb2869d71239445b30effd2b36ffd9048158a3a6edecca79949a41ea74,retain,Project-authored art; retain for its matching environment/UI.,See source-specific notices,Historical owner CC0 statement retained; imported metadata and scoped notices recorded separately.,No scoped local notice found; see docs/credits.md and preserved source-pack notices.
assets/imported/racing/CREDITS.md,other,assets,520,7adaba8707d1f04cb4add2920f44fa8d53077f2ae006e6410d6aefcb5f86cc6b,retain,Project-authored art; retain for its matching environment/UI.,See source-specific notices,Historical owner CC0 statement retained; imported metadata and scoped notices recorded separately.,assets/imported/racing/CREDITS.md
assets/imported/racing/mount_rainier.glb,models,assets,47629808,21824a09e8da4e748fad98bf13f84567ee4a009936aa1b037f662fce22299293,retain,Project-authored art; retain for its matching environment/UI.,See source-specific notices,Historical owner CC0 statement retained; imported metadata and scoped notices recorded separately.,assets/imported/racing/CREDITS.md
assets/imported/racing/mount_rainier_0.png,images,assets,63224,918c5e566fc110a84815bdc6e3a142639522afcd5b83082c1244c39c80b6609e,retain,Project-authored art; retain for its matching environment/UI.,See source-specific notices,Historical owner CC0 statement retained; imported metadata and scoped notices recorded separately.,assets/imported/racing/CREDITS.md
assets/imported/racing/mount_rainier_1.png,images,assets,4900598,58f92a849289f4c27d4c184b28dff7b130e063b2ae8de14e9ac2e176c3297e76,retain,Project-authored art; retain for its matching environment/UI.,See source-specific notices,Historical owner CC0 statement retained; imported metadata and scoped notices recorded separately.,assets/imported/racing/CREDITS.md
assets/imported/racing/mount_rainier_10.png,images,assets,984015,ae2d0cb48ae26868bbfac283fe7c6f6bff03269a87189898e95e14a0ee4d6eed,retain,Project-authored art; retain for its matching environment/UI.,See source-specific notices,Historical owner CC0 statement retained; imported metadata and scoped notices recorded separately.,assets/imported/racing/CREDITS.md
assets/imported/racing/mount_rainier_11.png,images,assets,1211367,8dda47b1c03365d604365eabae5ce7623413662d1745f913ae2bf3f44db35063,retain,Project-authored art; retain for its matching environment/UI.,See source-specific notices,Historical owner CC0 statement retained; imported metadata and scoped notices recorded separately.,assets/imported/racing/CREDITS.md
assets/imported/racing/mount_rainier_12.png,images,assets,1279086,b4f00c840a6a85022a194f8de780ce8f763e3b2c4e5072ee224df1d127f835f0,retain,Project-authored art; retain for its matching environment/UI.,See source-specific notices,Historical owner CC0 statement retained; imported metadata and scoped notices recorded separately.,assets/imported/racing/CREDITS.md
assets/imported/racing/mount_rainier_13.png,images,assets,1295782,8c4dbaf992e117345100b18268766245621b8679e81fe3950bfadaa092e4b1d7,retain,Project-authored art; retain for its matching environment/UI.,See source-specific notices,Historical owner CC0 statement retained; imported metadata and scoped notices recorded separately.,assets/imported/racing/CREDITS.md
assets/imported/racing/mount_rainier_14.png,images,assets,67008,0b693f84d9b8057f77ecba14a7221f7de16d237a6a53916ccd7ddf61344e9e45,retain,Project-authored art; retain for its matching environment/UI.,See source-specific notices,Historical owner CC0 statement retained; imported metadata and scoped notices recorded separately.,assets/imported/racing/CREDITS.md
assets/imported/racing/mount_rainier_15.png,images,assets,362535,92d65ff63638d0f885e919e681328f385bb37ed67e39a408bbf21cc6dfa1689e,retain,Project-authored art; retain for its matching environment/UI.,See source-specific notices,Historical owner CC0 statement retained; imported metadata and scoped notices recorded separately.,assets/imported/racing/CREDITS.md
assets/imported/racing/mount_rainier_16.png,images,assets,641367,bd27dc54786918c44969fbfb3301a458202caacb998e82c4dfb6c9358b24f7a0,retain,Project-authored art; retain for its matching environment/UI.,See source-specific notices,Historical owner CC0 statement retained; imported metadata and scoped notices recorded separately.,assets/imported/racing/CREDITS.md
assets/imported/racing/mount_rainier_17.png,images,assets,503414,30a6071f2c6c746161e5477a0f42c2e5f2e7c6c53b30ffd288e0b362a57cf656,retain,Project-authored art; retain for its matching environment/UI.,See source-specific notices,Historical owner CC0 statement retained; imported metadata and scoped notices recorded separately.,assets/imported/racing/CREDITS.md
assets/imported/racing/mount_rainier_18.png,images,assets,387040,db641e84111b1beca4647ebd37144aaa2126b6b558d6c06153bf73d04fec90da,retain,Project-authored art; retain for its matching environment/UI.,See source-specific notices,Historical owner CC0 statement retained; imported metadata and scoped notices recorded separately.,assets/imported/racing/CREDITS.md
assets/imported/racing/mount_rainier_19.png,images,assets,495347,3cb6a0e3b086f2003671816d14f9c3da2f937cfa403ae417bd826e96b9e615ca,retain,Project-authored art; retain for its matching environment/UI.,See source-specific notices,Historical owner CC0 statement retained; imported metadata and scoped notices recorded separately.,assets/imported/racing/CREDITS.md
assets/imported/racing/mount_rainier_2.png,images,assets,995446,098ef975fec30cf79a2cc435c13835fe19f9d31b470b3102169c11029ac2b57f,retain,Project-authored art; retain for its matching environment/UI.,See source-specific notices,Historical owner CC0 statement retained; imported metadata and scoped notices recorded separately.,assets/imported/racing/CREDITS.md
assets/imported/racing/mount_rainier_20.png,images,assets,435639,11b574dea2cfc64c4ce82423f2d278abca7f3a5158786da99594f4a43451edbf,retain,Project-authored art; retain for its matching environment/UI.,See source-specific notices,Historical owner CC0 statement retained; imported metadata and scoped notices recorded separately.,assets/imported/racing/CREDITS.md
assets/imported/racing/mount_rainier_21.png,images,assets,220326,dccb1821295c1ada1c1833796294d629a50f35f2d66ed0c4554d4540e87f807d,retain,Project-authored art; retain for its matching environment/UI.,See source-specific notices,Historical owner CC0 statement retained; imported metadata and scoped notices recorded separately.,assets/imported/racing/CREDITS.md
assets/imported/racing/mount_rainier_22.png,images,assets,412956,0ab4f8c4586e336e9f7ea7b892cc24c831aec771ce4361aa29219508e143356d,retain,Project-authored art; retain for its matching environment/UI.,See source-specific notices,Historical owner CC0 statement retained; imported metadata and scoped notices recorded separately.,assets/imported/racing/CREDITS.md
assets/imported/racing/mount_rainier_23.png,images,assets,460727,531ef7dde0d1ace2eff8f47d1a289bcdac84a8aa72f1f319877d4afbe4052b66,retain,Project-authored art; retain for its matching environment/UI.,See source-specific notices,Historical owner CC0 statement retained; imported metadata and scoped notices recorded separately.,assets/imported/racing/CREDITS.md
assets/imported/racing/mount_rainier_24.png,images,assets,495571,a777ccef0ff7868f7cf416aac10da84463b3377b8fd4a0be3b4b2c546432c69f,retain,Project-authored art; retain for its matching environment/UI.,See source-specific notices,Historical owner CC0 statement retained; imported metadata and scoped notices recorded separately.,assets/imported/racing/CREDITS.md
assets/imported/racing/mount_rainier_25.png,images,assets,1835644,690d28e0b7706b06eabcd9093f162edf06ebb850c64e4fa616913ae4d2255ccb,retain,Project-authored art; retain for its matching environment/UI.,See source-specific notices,Historical owner CC0 statement retained; imported metadata and scoped notices recorded separately.,assets/imported/racing/CREDITS.md
assets/imported/racing/mount_rainier_26.png,images,assets,538663,e7dfb2b110f86f930a5da6b210e7e8ae027e552ae69c9c9cadbb18e2073be00a,retain,Project-authored art; retain for its matching environment/UI.,See source-specific notices,Historical owner CC0 statement retained; imported metadata and scoped notices recorded separately.,assets/imported/racing/CREDITS.md
assets/imported/racing/mount_rainier_27.png,images,assets,131955,d9b83119a1e36c2c2c2c7ba83b8d6f5637300996b7ae8d858a2b32d87e9804f7,retain,Project-authored art; retain for its matching environment/UI.,See source-specific notices,Historical owner CC0 statement retained; imported metadata and scoped notices recorded separately.,assets/imported/racing/CREDITS.md
assets/imported/racing/mount_rainier_28.png,images,assets,731369,6b7ac127f28be136dbab1dd009bf57775d56ce0e4dae9f2ff79595630bba3bf3,retain,Project-authored art; retain for its matching environment/UI.,See source-specific notices,Historical owner CC0 statement retained; imported metadata and scoped notices recorded separately.,assets/imported/racing/CREDITS.md
assets/imported/racing/mount_rainier_29.png,images,assets,490584,34713880daf050bce289f3d886a93e4620f9ee5702bee5e5be625028e4539f01,retain,Project-authored art; retain for its matching environment/UI.,See source-specific notices,Historical owner CC0 statement retained; imported metadata and scoped notices recorded separately.,assets/imported/racing/CREDITS.md
assets/imported/racing/mount_rainier_3.png,images,assets,185986,4a1c59b93ea82b2bfc69d648c0e5c3c4bd201d2872d5b46d99dfe39acc8add94,retain,Project-authored art; retain for its matching environment/UI.,See source-specific notices,Historical owner CC0 statement retained; imported metadata and scoped notices recorded separately.,assets/imported/racing/CREDITS.md
assets/imported/racing/mount_rainier_30.png,images,assets,299076,2063d5c260290570a4006ee6f59ea3fc49151e8b6031a5f9969e2cad55028ed1,retain,Project-authored art; retain for its matching environment/UI.,See source-specific notices,Historical owner CC0 statement retained; imported metadata and scoped notices recorded separately.,assets/imported/racing/CREDITS.md
assets/imported/racing/mount_rainier_31.png,images,assets,390946,4f09c2e40cf4af4c62acffe909093293f3c53acd7076a4d66958ad2ad898cee8,retain,Project-authored art; retain for its matching environment/UI.,See source-specific notices,Historical owner CC0 statement retained; imported metadata and scoped notices recorded separately.,assets/imported/racing/CREDITS.md
assets/imported/racing/mount_rainier_32.png,images,assets,352657,7300c9536b2593200c5438193d886265739e2b965bd644ed0891fdd3df8cab63,retain,Project-authored art; retain for its matching environment/UI.,See source-specific notices,Historical owner CC0 statement retained; imported metadata and scoped notices recorded separately.,assets/imported/racing/CREDITS.md
assets/imported/racing/mount_rainier_33.png,images,assets,4028142,17318d72f7b152bf68c5a5fe99e762528a8cbd78613cc8b00af6f9ab6b23c4f1,retain,Project-authored art; retain for its matching environment/UI.,See source-specific notices,Historical owner CC0 statement retained; imported metadata and scoped notices recorded separately.,assets/imported/racing/CREDITS.md
assets/imported/racing/mount_rainier_4.png,images,assets,229675,7e3434af74d27b1a0d2ea3905d2ba49a49a3d6e8cd0f68a57624654056d21e7d,retain,Project-authored art; retain for its matching environment/UI.,See source-specific notices,Historical owner CC0 statement retained; imported metadata and scoped notices recorded separately.,assets/imported/racing/CREDITS.md
assets/imported/racing/mount_rainier_5.png,images,assets,4608579,8532b8003c392aed136e626ce06dc8e687745eda308fb0e011946df4437c14c9,retain,Project-authored art; retain for its matching environment/UI.,See source-specific notices,Historical owner CC0 statement retained; imported metadata and scoped notices recorded separately.,assets/imported/racing/CREDITS.md
assets/imported/racing/mount_rainier_6.png,images,assets,504539,3298745225c62eae775bb3fa8ba5b8538d481681099ee9fa9219ceac63794032,retain,Project-authored art; retain for its matching environment/UI.,See source-specific notices,Historical owner CC0 statement retained; imported metadata and scoped notices recorded separately.,assets/imported/racing/CREDITS.md
assets/imported/racing/mount_rainier_7.png,images,assets,4064934,f36a0bb70fa97826dd73d45233c0183716aeb588880e26b8556196dc15b5ed44,retain,Project-authored art; retain for its matching environment/UI.,See source-specific notices,Historical owner CC0 statement retained; imported metadata and scoped notices recorded separately.,assets/imported/racing/CREDITS.md
assets/imported/racing/mount_rainier_8.png,images,assets,830013,e7831501a36da26a57af426d8eb965499ef639e633fd27f0752df89118ed02f3,retain,Project-authored art; retain for its matching environment/UI.,See source-specific notices,Historical owner CC0 statement retained; imported metadata and scoped notices recorded separately.,assets/imported/racing/CREDITS.md
assets/imported/racing/mount_rainier_9.png,images,assets,3980465,8629d1657599773032f725ba2220ca8203996746f619ea4f24c087fbebcd008b,retain,Project-authored art; retain for its matching environment/UI.,See source-specific notices,Historical owner CC0 statement retained; imported metadata and scoped notices recorded separately.,assets/imported/racing/CREDITS.md
assets/imported/tabletop/bazaar.glb,models,assets,13087924,994bdf86f683867086dd2f92f1696c926c73ad6a2205284903538e9f9b81757d,retain,Project-authored art; retain for its matching environment/UI.,See source-specific notices,Historical owner CC0 statement retained; imported metadata and scoped notices recorded separately.,assets/imported/tabletop/CREDITS.md
assets/imported/tabletop/bazaar_0.png,images,assets,3042463,488b9b2b9aa7ab8dd6e6bb3f507a3a3d17e600339dde921872e2c69df3962c39,current,Static reference reachable from main scene; dynamic references require separate verification.,See source-specific notices,Historical owner CC0 statement retained; imported metadata and scoped notices recorded separately.,assets/imported/tabletop/CREDITS.md
assets/imported/tabletop/bazaar_1.png,images,assets,4126510,09d747ac9babd5606b27e2d9a937adc5f09da770ddc682ee9c3802f8d03e788e,current,Static reference reachable from main scene; dynamic references require separate verification.,See source-specific notices,Historical owner CC0 statement retained; imported metadata and scoped notices recorded separately.,assets/imported/tabletop/CREDITS.md
assets/imported/tabletop/bazaar_2.png,images,assets,4998842,4feb5ccb8ee20c8cb2ad737d1ea014eda858aad4b34beb0d6ddf6b38cb2b4559,current,Static reference reachable from main scene; dynamic references require separate verification.,See source-specific notices,Historical owner CC0 statement retained; imported metadata and scoped notices recorded separately.,assets/imported/tabletop/CREDITS.md
assets/imported/tabletop/beach_buggies.glb,models,assets,20304860,b7f0a73ee307ca4209a63e7aad24dee7b59895d27b7b6303cc9ef506b233a075,retain,Project-authored art; retain for its matching environment/UI.,See source-specific notices,Historical owner CC0 statement retained; imported metadata and scoped notices recorded separately.,assets/imported/tabletop/CREDITS.md
assets/imported/tabletop/beach_buggies_0.png,images,assets,470889,ec55c5cea908ff622d7f99a495dceec1c7cb9545fd719f87bfad02cae9a7d014,retain,Project-authored art; retain for its matching environment/UI.,See source-specific notices,Historical owner CC0 statement retained; imported metadata and scoped notices recorded separately.,assets/imported/tabletop/CREDITS.md
assets/imported/tabletop/beach_buggies_1.png,images,assets,328175,ba5e20733352c3bc3c1042a6521960bd643ed1aa0e25fb19293c44e4699b526c,retain,Project-authored art; retain for its matching environment/UI.,See source-specific notices,Historical owner CC0 statement retained; imported metadata and scoped notices recorded separately.,assets/imported/tabletop/CREDITS.md
assets/imported/tabletop/beach_buggies_10.png,images,assets,276547,b2a05c9fae1be3307edae7e23e0923b0713f4a47003260ae482c9afe4dc93f94,retain,Project-authored art; retain for its matching environment/UI.,See source-specific notices,Historical owner CC0 statement retained; imported metadata and scoped notices recorded separately.,assets/imported/tabletop/CREDITS.md
assets/imported/tabletop/beach_buggies_2.png,images,assets,2281145,d7d341178517cbd330862c86517a0fe748d46eea9f18e1b6f700f5fa0a649023,retain,Project-authored art; retain for its matching environment/UI.,See source-specific notices,Historical owner CC0 statement retained; imported metadata and scoped notices recorded separately.,assets/imported/tabletop/CREDITS.md
assets/imported/tabletop/beach_buggies_3.png,images,assets,1591241,adc7cb4ca3615b4bbf16ebe4f08271706718dd2b71d77858847a2e9e76fefe6a,retain,Project-authored art; retain for its matching environment/UI.,See source-specific notices,Historical owner CC0 statement retained; imported metadata and scoped notices recorded separately.,assets/imported/tabletop/CREDITS.md
assets/imported/tabletop/beach_buggies_4.png,images,assets,3477565,2f52ffd97a41815f0c3cca4fdc4077b5e733eea0bf0b373b34cf1f0179dbe024,retain,Project-authored art; retain for its matching environment/UI.,See source-specific notices,Historical owner CC0 statement retained; imported metadata and scoped notices recorded separately.,assets/imported/tabletop/CREDITS.md
assets/imported/tabletop/beach_buggies_5.png,images,assets,2299092,d0923282620e4c7e9d1d2437664073b183dbb35c9bbeea35c742880e26f3cb1e,retain,Project-authored art; retain for its matching environment/UI.,See source-specific notices,Historical owner CC0 statement retained; imported metadata and scoped notices recorded separately.,assets/imported/tabletop/CREDITS.md
assets/imported/tabletop/beach_buggies_6.png,images,assets,2585555,5ab92f5c581cb59564f10245b588b649a0f3c6e80078cbd9adf50b1294ee4051,retain,Project-authored art; retain for its matching environment/UI.,See source-specific notices,Historical owner CC0 statement retained; imported metadata and scoped notices recorded separately.,assets/imported/tabletop/CREDITS.md
assets/imported/tabletop/beach_buggies_7.png,images,assets,2218446,fb7f43e173a1784290ed5b6e866b87549621014a34ac2b6f8f0b7fac6cb1f2af,retain,Project-authored art; retain for its matching environment/UI.,See source-specific notices,Historical owner CC0 statement retained; imported metadata and scoped notices recorded separately.,assets/imported/tabletop/CREDITS.md
assets/imported/tabletop/beach_buggies_8.png,images,assets,3665466,49fbb37b931aaeaffd801d83a1878ae37cf9a6a3a1429545fcf0ad039abdecd0,retain,Project-authored art; retain for its matching environment/UI.,See source-specific notices,Historical owner CC0 statement retained; imported metadata and scoped notices recorded separately.,assets/imported/tabletop/CREDITS.md
assets/imported/tabletop/beach_buggies_9.png,images,assets,456628,f7b32f7a16b21d9cc1c6547df8be14c1f9a80492d595dabc8bfc1e2a42726145,retain,Project-authored art; retain for its matching environment/UI.,See source-specific notices,Historical owner CC0 statement retained; imported metadata and scoped notices recorded separately.,assets/imported/tabletop/CREDITS.md
assets/imported/tabletop/CREDITS.md,other,assets,5885,e4cbc252642e05d0d6b77e42a1a9c667d9e2ed6b6cd0f55855d1ca3e87bb0edd,retain,Project-authored art; retain for its matching environment/UI.,See source-specific notices,Historical owner CC0 statement retained; imported metadata and scoped notices recorded separately.,assets/imported/tabletop/CREDITS.md
assets/imported/tabletop/firefly_bbq.glb,models,assets,14098972,59c8aa23122438ef3662b00878ac22d81351b066560e25022359ff66937548b3,retain,Project-authored art; retain for its matching environment/UI.,See source-specific notices,Historical owner CC0 statement retained; imported metadata and scoped notices recorded separately.,assets/imported/tabletop/CREDITS.md
assets/imported/tabletop/firefly_bbq_0.png,images,assets,306392,f7472261ab47e1cc40cf74bed80a60040b34c8fd169deeb72ec10338ca8a96d0,current,Static reference reachable from main scene; dynamic references require separate verification.,See source-specific notices,Historical owner CC0 statement retained; imported metadata and scoped notices recorded separately.,assets/imported/tabletop/CREDITS.md
assets/imported/tabletop/firefly_bbq_1.png,images,assets,2195721,425720bb9fd498f9d2a7cdf052be9316b1144b54cdbf8298e5c824fcc43f8c12,current,Static reference reachable from main scene; dynamic references require separate verification.,See source-specific notices,Historical owner CC0 statement retained; imported metadata and scoped notices recorded separately.,assets/imported/tabletop/CREDITS.md
assets/imported/tabletop/firefly_bbq_2.png,images,assets,2972353,b71b6c60cf1036c40bce541f478da55ff5d972220c8625a8665bfb6b4ccf0a9a,current,Static reference reachable from main scene; dynamic references require separate verification.,See source-specific notices,Historical owner CC0 statement retained; imported metadata and scoped notices recorded separately.,assets/imported/tabletop/CREDITS.md
assets/imported/tabletop/firefly_bbq_3.png,images,assets,1688319,e590ff94c8f7ada3fc3e5f1096f0091e6475fb82fc9e45893f979130e8d223cf,current,Static reference reachable from main scene; dynamic references require separate verification.,See source-specific notices,Historical owner CC0 statement retained; imported metadata and scoped notices recorded separately.,assets/imported/tabletop/CREDITS.md
assets/imported/tabletop/firefly_bbq_4.png,images,assets,629525,64b1699538f71a48c4070f0ea012e4e3442ed438cc877ed77ac31b46eaf1d6aa,current,Static reference reachable from main scene; dynamic references require separate verification.,See source-specific notices,Historical owner CC0 statement retained; imported metadata and scoped notices recorded separately.,assets/imported/tabletop/CREDITS.md
assets/imported/tabletop/firefly_bbq_5.png,images,assets,1431351,758dc0c56c4babba7cae900c45d023f1fb630c6a807df8bb97faeb5a54c6722f,current,Static reference reachable from main scene; dynamic references require separate verification.,See source-specific notices,Historical owner CC0 statement retained; imported metadata and scoped notices recorded separately.,assets/imported/tabletop/CREDITS.md
assets/imported/tabletop/firefly_bbq_6.png,images,assets,1619907,c011092c6d529d0bd6240229f77874db1a30df23f84c85b9af2c2ae628e70390,current,Static reference reachable from main scene; dynamic references require separate verification.,See source-specific notices,Historical owner CC0 statement retained; imported metadata and scoped notices recorded separately.,assets/imported/tabletop/CREDITS.md
assets/imported/tabletop/firefly_bbq_7.png,images,assets,1733354,5406eef7271c4c96798f576c8b5559d44f2e346fdd6e4585cffd5ba3c1403b6f,current,Static reference reachable from main scene; dynamic references require separate verification.,See source-specific notices,Historical owner CC0 statement retained; imported metadata and scoped notices recorded separately.,assets/imported/tabletop/CREDITS.md
assets/imported/tabletop/firefly_bbq_8.png,images,assets,880963,a39b701a2c6fb2bb147eeab6eaf1f89118331f8a71fa0eaae55376ace7af2d1d,current,Static reference reachable from main scene; dynamic references require separate verification.,See source-specific notices,Historical owner CC0 statement retained; imported metadata and scoped notices recorded separately.,assets/imported/tabletop/CREDITS.md
assets/imported/tabletop/moonlight_junk_heap.glb,models,assets,13585836,e18d779405452b4bf5abedb8ac3b8168e9d5a6c73fb99f285b533e39173a9388,retain,Project-authored art; retain for its matching environment/UI.,See source-specific notices,Historical owner CC0 statement retained; imported metadata and scoped notices recorded separately.,assets/imported/tabletop/CREDITS.md
assets/imported/tabletop/moonlight_junk_heap_0.png,images,assets,1623550,a20af8f8a4d8e9ab95b5bf8e226a7db9c0abe15b572e2cb9ba080890323b7fbd,current,Static reference reachable from main scene; dynamic references require separate verification.,See source-specific notices,Historical owner CC0 statement retained; imported metadata and scoped notices recorded separately.,assets/imported/tabletop/CREDITS.md
assets/imported/tabletop/moonlight_junk_heap_1.png,images,assets,1370362,e5e5b3a3c5991ee7167a2991d992976753b9876e0bdcd07e8a444d25eadde05a,current,Static reference reachable from main scene; dynamic references require separate verification.,See source-specific notices,Historical owner CC0 statement retained; imported metadata and scoped notices recorded separately.,assets/imported/tabletop/CREDITS.md
assets/imported/tabletop/moonlight_junk_heap_2.png,images,assets,2109889,5aaa891979a996cd2cd40ffeaae2e25f40b5f1ef0db6d8eef9300db1dd273263,current,Static reference reachable from main scene; dynamic references require separate verification.,See source-specific notices,Historical owner CC0 statement retained; imported metadata and scoped notices recorded separately.,assets/imported/tabletop/CREDITS.md
assets/imported/tabletop/moonlight_junk_heap_3.png,images,assets,1355659,5114c8cf88cc11211767c0bb4d039ae9e6f4066a2dd72b825c1f9a9e7453a4f0,current,Static reference reachable from main scene; dynamic references require separate verification.,See source-specific notices,Historical owner CC0 statement retained; imported metadata and scoped notices recorded separately.,assets/imported/tabletop/CREDITS.md
assets/imported/tabletop/moonlight_junk_heap_4.png,images,assets,1373195,c12f0872bb1b99256af0203ea58e4d9ef2fbe0f157650d83526ae544ad7dd361,current,Static reference reachable from main scene; dynamic references require separate verification.,See source-specific notices,Historical owner CC0 statement retained; imported metadata and scoped notices recorded separately.,assets/imported/tabletop/CREDITS.md
assets/imported/tabletop/moonlight_junk_heap_5.png,images,assets,1802586,8aabf4ebfecb188dd0d5a73abc48d7b62a48aa4538e1e390671c49f32bfcd82a,current,Static reference reachable from main scene; dynamic references require separate verification.,See source-specific notices,Historical owner CC0 statement retained; imported metadata and scoped notices recorded separately.,assets/imported/tabletop/CREDITS.md
assets/imported/tabletop/moonlight_junk_heap_6.png,images,assets,1557292,203a1ce875779e8600287c8fd92be7c8a56d7444a4421f795c97c0c3552ed07d,current,Static reference reachable from main scene; dynamic references require separate verification.,See source-specific notices,Historical owner CC0 statement retained; imported metadata and scoped notices recorded separately.,assets/imported/tabletop/CREDITS.md
assets/imported/tabletop/moonlight_junk_heap_7.png,images,assets,1559756,974d5b37e569ac3dbd400353adcf0c8e2d8f51cdae6dd020a23cc4e8744677e6,current,Static reference reachable from main scene; dynamic references require separate verification.,See source-specific notices,Historical owner CC0 statement retained; imported metadata and scoped notices recorded separately.,assets/imported/tabletop/CREDITS.md
assets/imported/tabletop/mount_rainier.glb,models,assets,47629616,929dc70055d97433b97e10f2a99705bbd6d46db7faa2f64371377958fed4c9d1,retain,Project-authored art; retain for its matching environment/UI.,See source-specific notices,Historical owner CC0 statement retained; imported metadata and scoped notices recorded separately.,assets/imported/tabletop/CREDITS.md
assets/imported/tabletop/mount_rainier_0.png,images,assets,63224,918c5e566fc110a84815bdc6e3a142639522afcd5b83082c1244c39c80b6609e,current,Static reference reachable from main scene; dynamic references require separate verification.,See source-specific notices,Historical owner CC0 statement retained; imported metadata and scoped notices recorded separately.,assets/imported/tabletop/CREDITS.md
assets/imported/tabletop/mount_rainier_1.png,images,assets,4900598,58f92a849289f4c27d4c184b28dff7b130e063b2ae8de14e9ac2e176c3297e76,current,Static reference reachable from main scene; dynamic references require separate verification.,See source-specific notices,Historical owner CC0 statement retained; imported metadata and scoped notices recorded separately.,assets/imported/tabletop/CREDITS.md
assets/imported/tabletop/mount_rainier_10.png,images,assets,984015,ae2d0cb48ae26868bbfac283fe7c6f6bff03269a87189898e95e14a0ee4d6eed,current,Static reference reachable from main scene; dynamic references require separate verification.,See source-specific notices,Historical owner CC0 statement retained; imported metadata and scoped notices recorded separately.,assets/imported/tabletop/CREDITS.md
assets/imported/tabletop/mount_rainier_11.png,images,assets,1211367,8dda47b1c03365d604365eabae5ce7623413662d1745f913ae2bf3f44db35063,current,Static reference reachable from main scene; dynamic references require separate verification.,See source-specific notices,Historical owner CC0 statement retained; imported metadata and scoped notices recorded separately.,assets/imported/tabletop/CREDITS.md
assets/imported/tabletop/mount_rainier_12.png,images,assets,1279086,b4f00c840a6a85022a194f8de780ce8f763e3b2c4e5072ee224df1d127f835f0,current,Static reference reachable from main scene; dynamic references require separate verification.,See source-specific notices,Historical owner CC0 statement retained; imported metadata and scoped notices recorded separately.,assets/imported/tabletop/CREDITS.md
assets/imported/tabletop/mount_rainier_13.png,images,assets,1295782,8c4dbaf992e117345100b18268766245621b8679e81fe3950bfadaa092e4b1d7,current,Static reference reachable from main scene; dynamic references require separate verification.,See source-specific notices,Historical owner CC0 statement retained; imported metadata and scoped notices recorded separately.,assets/imported/tabletop/CREDITS.md
assets/imported/tabletop/mount_rainier_14.png,images,assets,67008,0b693f84d9b8057f77ecba14a7221f7de16d237a6a53916ccd7ddf61344e9e45,current,Static reference reachable from main scene; dynamic references require separate verification.,See source-specific notices,Historical owner CC0 statement retained; imported metadata and scoped notices recorded separately.,assets/imported/tabletop/CREDITS.md
assets/imported/tabletop/mount_rainier_15.png,images,assets,362535,92d65ff63638d0f885e919e681328f385bb37ed67e39a408bbf21cc6dfa1689e,current,Static reference reachable from main scene; dynamic references require separate verification.,See source-specific notices,Historical owner CC0 statement retained; imported metadata and scoped notices recorded separately.,assets/imported/tabletop/CREDITS.md
assets/imported/tabletop/mount_rainier_16.png,images,assets,641367,bd27dc54786918c44969fbfb3301a458202caacb998e82c4dfb6c9358b24f7a0,current,Static reference reachable from main scene; dynamic references require separate verification.,See source-specific notices,Historical owner CC0 statement retained; imported metadata and scoped notices recorded separately.,assets/imported/tabletop/CREDITS.md
assets/imported/tabletop/mount_rainier_17.png,images,assets,503414,30a6071f2c6c746161e5477a0f42c2e5f2e7c6c53b30ffd288e0b362a57cf656,current,Static reference reachable from main scene; dynamic references require separate verification.,See source-specific notices,Historical owner CC0 statement retained; imported metadata and scoped notices recorded separately.,assets/imported/tabletop/CREDITS.md
assets/imported/tabletop/mount_rainier_18.png,images,assets,387040,db641e84111b1beca4647ebd37144aaa2126b6b558d6c06153bf73d04fec90da,current,Static reference reachable from main scene; dynamic references require separate verification.,See source-specific notices,Historical owner CC0 statement retained; imported metadata and scoped notices recorded separately.,assets/imported/tabletop/CREDITS.md
assets/imported/tabletop/mount_rainier_19.png,images,assets,495347,3cb6a0e3b086f2003671816d14f9c3da2f937cfa403ae417bd826e96b9e615ca,current,Static reference reachable from main scene; dynamic references require separate verification.,See source-specific notices,Historical owner CC0 statement retained; imported metadata and scoped notices recorded separately.,assets/imported/tabletop/CREDITS.md
assets/imported/tabletop/mount_rainier_2.png,images,assets,995446,098ef975fec30cf79a2cc435c13835fe19f9d31b470b3102169c11029ac2b57f,current,Static reference reachable from main scene; dynamic references require separate verification.,See source-specific notices,Historical owner CC0 statement retained; imported metadata and scoped notices recorded separately.,assets/imported/tabletop/CREDITS.md
assets/imported/tabletop/mount_rainier_20.png,images,assets,435639,11b574dea2cfc64c4ce82423f2d278abca7f3a5158786da99594f4a43451edbf,current,Static reference reachable from main scene; dynamic references require separate verification.,See source-specific notices,Historical owner CC0 statement retained; imported metadata and scoped notices recorded separately.,assets/imported/tabletop/CREDITS.md
assets/imported/tabletop/mount_rainier_21.png,images,assets,220326,dccb1821295c1ada1c1833796294d629a50f35f2d66ed0c4554d4540e87f807d,current,Static reference reachable from main scene; dynamic references require separate verification.,See source-specific notices,Historical owner CC0 statement retained; imported metadata and scoped notices recorded separately.,assets/imported/tabletop/CREDITS.md
assets/imported/tabletop/mount_rainier_22.png,images,assets,412956,0ab4f8c4586e336e9f7ea7b892cc24c831aec771ce4361aa29219508e143356d,current,Static reference reachable from main scene; dynamic references require separate verification.,See source-specific notices,Historical owner CC0 statement retained; imported metadata and scoped notices recorded separately.,assets/imported/tabletop/CREDITS.md
assets/imported/tabletop/mount_rainier_23.png,images,assets,460727,531ef7dde0d1ace2eff8f47d1a289bcdac84a8aa72f1f319877d4afbe4052b66,current,Static reference reachable from main scene; dynamic references require separate verification.,See source-specific notices,Historical owner CC0 statement retained; imported metadata and scoped notices recorded separately.,assets/imported/tabletop/CREDITS.md
assets/imported/tabletop/mount_rainier_24.png,images,assets,495571,a777ccef0ff7868f7cf416aac10da84463b3377b8fd4a0be3b4b2c546432c69f,current,Static reference reachable from main scene; dynamic references require separate verification.,See source-specific notices,Historical owner CC0 statement retained; imported metadata and scoped notices recorded separately.,assets/imported/tabletop/CREDITS.md
assets/imported/tabletop/mount_rainier_25.png,images,assets,1835644,690d28e0b7706b06eabcd9093f162edf06ebb850c64e4fa616913ae4d2255ccb,current,Static reference reachable from main scene; dynamic references require separate verification.,See source-specific notices,Historical owner CC0 statement retained; imported metadata and scoped notices recorded separately.,assets/imported/tabletop/CREDITS.md
assets/imported/tabletop/mount_rainier_26.png,images,assets,538663,e7dfb2b110f86f930a5da6b210e7e8ae027e552ae69c9c9cadbb18e2073be00a,current,Static reference reachable from main scene; dynamic references require separate verification.,See source-specific notices,Historical owner CC0 statement retained; imported metadata and scoped notices recorded separately.,assets/imported/tabletop/CREDITS.md
assets/imported/tabletop/mount_rainier_27.png,images,assets,131955,d9b83119a1e36c2c2c2c7ba83b8d6f5637300996b7ae8d858a2b32d87e9804f7,current,Static reference reachable from main scene; dynamic references require separate verification.,See source-specific notices,Historical owner CC0 statement retained; imported metadata and scoped notices recorded separately.,assets/imported/tabletop/CREDITS.md
assets/imported/tabletop/mount_rainier_28.png,images,assets,731369,6b7ac127f28be136dbab1dd009bf57775d56ce0e4dae9f2ff79595630bba3bf3,current,Static reference reachable from main scene; dynamic references require separate verification.,See source-specific notices,Historical owner CC0 statement retained; imported metadata and scoped notices recorded separately.,assets/imported/tabletop/CREDITS.md
assets/imported/tabletop/mount_rainier_29.png,images,assets,490584,34713880daf050bce289f3d886a93e4620f9ee5702bee5e5be625028e4539f01,current,Static reference reachable from main scene; dynamic references require separate verification.,See source-specific notices,Historical owner CC0 statement retained; imported metadata and scoped notices recorded separately.,assets/imported/tabletop/CREDITS.md
assets/imported/tabletop/mount_rainier_3.png,images,assets,185986,4a1c59b93ea82b2bfc69d648c0e5c3c4bd201d2872d5b46d99dfe39acc8add94,current,Static reference reachable from main scene; dynamic references require separate verification.,See source-specific notices,Historical owner CC0 statement retained; imported metadata and scoped notices recorded separately.,assets/imported/tabletop/CREDITS.md
assets/imported/tabletop/mount_rainier_30.png,images,assets,299076,2063d5c260290570a4006ee6f59ea3fc49151e8b6031a5f9969e2cad55028ed1,current,Static reference reachable from main scene; dynamic references require separate verification.,See source-specific notices,Historical owner CC0 statement retained; imported metadata and scoped notices recorded separately.,assets/imported/tabletop/CREDITS.md
assets/imported/tabletop/mount_rainier_31.png,images,assets,390946,4f09c2e40cf4af4c62acffe909093293f3c53acd7076a4d66958ad2ad898cee8,current,Static reference reachable from main scene; dynamic references require separate verification.,See source-specific notices,Historical owner CC0 statement retained; imported metadata and scoped notices recorded separately.,assets/imported/tabletop/CREDITS.md
assets/imported/tabletop/mount_rainier_32.png,images,assets,352657,7300c9536b2593200c5438193d886265739e2b965bd644ed0891fdd3df8cab63,current,Static reference reachable from main scene; dynamic references require separate verification.,See source-specific notices,Historical owner CC0 statement retained; imported metadata and scoped notices recorded separately.,assets/imported/tabletop/CREDITS.md
assets/imported/tabletop/mount_rainier_33.png,images,assets,4028142,17318d72f7b152bf68c5a5fe99e762528a8cbd78613cc8b00af6f9ab6b23c4f1,current,Static reference reachable from main scene; dynamic references require separate verification.,See source-specific notices,Historical owner CC0 statement retained; imported metadata and scoped notices recorded separately.,assets/imported/tabletop/CREDITS.md
assets/imported/tabletop/mount_rainier_4.png,images,assets,229675,7e3434af74d27b1a0d2ea3905d2ba49a49a3d6e8cd0f68a57624654056d21e7d,current,Static reference reachable from main scene; dynamic references require separate verification.,See source-specific notices,Historical owner CC0 statement retained; imported metadata and scoped notices recorded separately.,assets/imported/tabletop/CREDITS.md
assets/imported/tabletop/mount_rainier_5.png,images,assets,4608579,8532b8003c392aed136e626ce06dc8e687745eda308fb0e011946df4437c14c9,current,Static reference reachable from main scene; dynamic references require separate verification.,See source-specific notices,Historical owner CC0 statement retained; imported metadata and scoped notices recorded separately.,assets/imported/tabletop/CREDITS.md
assets/imported/tabletop/mount_rainier_6.png,images,assets,504539,3298745225c62eae775bb3fa8ba5b8538d481681099ee9fa9219ceac63794032,current,Static reference reachable from main scene; dynamic references require separate verification.,See source-specific notices,Historical owner CC0 statement retained; imported metadata and scoped notices recorded separately.,assets/imported/tabletop/CREDITS.md
assets/imported/tabletop/mount_rainier_7.png,images,assets,4064934,f36a0bb70fa97826dd73d45233c0183716aeb588880e26b8556196dc15b5ed44,current,Static reference reachable from main scene; dynamic references require separate verification.,See source-specific notices,Historical owner CC0 statement retained; imported metadata and scoped notices recorded separately.,assets/imported/tabletop/CREDITS.md
assets/imported/tabletop/mount_rainier_8.png,images,assets,830013,e7831501a36da26a57af426d8eb965499ef639e633fd27f0752df89118ed02f3,current,Static reference reachable from main scene; dynamic references require separate verification.,See source-specific notices,Historical owner CC0 statement retained; imported metadata and scoped notices recorded separately.,assets/imported/tabletop/CREDITS.md
assets/imported/tabletop/mount_rainier_9.png,images,assets,3980465,8629d1657599773032f725ba2220ca8203996746f619ea4f24c087fbebcd008b,current,Static reference reachable from main scene; dynamic references require separate verification.,See source-specific notices,Historical owner CC0 statement retained; imported metadata and scoped notices recorded separately.,assets/imported/tabletop/CREDITS.md
assets/imported/tabletop/nighttime_noodles.glb,models,assets,14228036,686450782c91dd0f731eb6192c1509de2d95204bd64104e7302776fae04fdf1e,retain,Project-authored art; retain for its matching environment/UI.,See source-specific notices,Historical owner CC0 statement retained; imported metadata and scoped notices recorded separately.,assets/imported/tabletop/CREDITS.md
assets/imported/tabletop/nighttime_noodles_0.png,images,assets,1987270,69a1b921affcb18a1b0b11cc36bce73ebf975cd69a37966d1049513c9461376a,current,Static reference reachable from main scene; dynamic references require separate verification.,See source-specific notices,Historical owner CC0 statement retained; imported metadata and scoped notices recorded separately.,assets/imported/tabletop/CREDITS.md
assets/imported/tabletop/nighttime_noodles_1.png,images,assets,1631923,9ba1e5928258ee13302faa64085bd7de16e85763afa232abfb4504d86de6fedc,current,Static reference reachable from main scene; dynamic references require separate verification.,See source-specific notices,Historical owner CC0 statement retained; imported metadata and scoped notices recorded separately.,assets/imported/tabletop/CREDITS.md
assets/imported/tabletop/nighttime_noodles_2.png,images,assets,1625315,3f3a8af188e653921be55c61ec50cfb7294e567ca1731411daa8d1df081fc27c,current,Static reference reachable from main scene; dynamic references require separate verification.,See source-specific notices,Historical owner CC0 statement retained; imported metadata and scoped notices recorded separately.,assets/imported/tabletop/CREDITS.md
assets/imported/tabletop/nighttime_noodles_3.png,images,assets,232721,576271217d4f0320f2a34c9ba39082024c1ef12f73da07f183187ffe648d1af1,current,Static reference reachable from main scene; dynamic references require separate verification.,See source-specific notices,Historical owner CC0 statement retained; imported metadata and scoped notices recorded separately.,assets/imported/tabletop/CREDITS.md
assets/imported/tabletop/nighttime_noodles_4.png,images,assets,1392356,7013cfe7935ef5e6372ff8d4f7f0caa9c7b4c3cee2b7a19ed79a2ab16b366c0f,current,Static reference reachable from main scene; dynamic references require separate verification.,See source-specific notices,Historical owner CC0 statement retained; imported metadata and scoped notices recorded separately.,assets/imported/tabletop/CREDITS.md
assets/imported/tabletop/nighttime_noodles_5.png,images,assets,1667096,73805489fcb2578a2724db37055ecd9ae9756e1f7be800ff678715e263790a6f,current,Static reference reachable from main scene; dynamic references require separate verification.,See source-specific notices,Historical owner CC0 statement retained; imported metadata and scoped notices recorded separately.,assets/imported/tabletop/CREDITS.md
assets/imported/tabletop/nighttime_noodles_6.png,images,assets,2155441,98ce91515dd7fd796e7260edba4509ebf548778138759b67fa63a3510fedab88,current,Static reference reachable from main scene; dynamic references require separate verification.,See source-specific notices,Historical owner CC0 statement retained; imported metadata and scoped notices recorded separately.,assets/imported/tabletop/CREDITS.md
assets/imported/tabletop/nighttime_noodles_7.png,images,assets,1904619,463261034e674296dabc30367b205e8451ea8ed5dccc36daaa5ce3c7a08bdd75,current,Static reference reachable from main scene; dynamic references require separate verification.,See source-specific notices,Historical owner CC0 statement retained; imported metadata and scoped notices recorded separately.,assets/imported/tabletop/CREDITS.md
assets/imported/tabletop/nighttime_noodles_8.png,images,assets,594732,af4f33966e73bb5bbfbda59f5461c3b93c0048e31e677cd2c4b6f02014a5ba23,current,Static reference reachable from main scene; dynamic references require separate verification.,See source-specific notices,Historical owner CC0 statement retained; imported metadata and scoped notices recorded separately.,assets/imported/tabletop/CREDITS.md
assets/imported/tabletop/rusty_nuts_workshop.glb,models,assets,17808484,52fe3012c9089159634a4db101b3b5993c315f343ba841e9fb492c927657c6e4,retain,Project-authored art; retain for its matching environment/UI.,See source-specific notices,Historical owner CC0 statement retained; imported metadata and scoped notices recorded separately.,assets/imported/tabletop/CREDITS.md
assets/imported/tabletop/rusty_nuts_workshop_0.png,images,assets,2807591,654b65b2b65fffd21cfcd540583a8e7afb3538e44180b3bbc9fb128ceda93fcf,current,Static reference reachable from main scene; dynamic references require separate verification.,See source-specific notices,Historical owner CC0 statement retained; imported metadata and scoped notices recorded separately.,assets/imported/tabletop/CREDITS.md
assets/imported/tabletop/rusty_nuts_workshop_1.png,images,assets,1890089,456cccf75ee987ca9d4c3975a30c61b497fa4a9664fd84ef3f70986bbe8b8b1c,current,Static reference reachable from main scene; dynamic references require separate verification.,See source-specific notices,Historical owner CC0 statement retained; imported metadata and scoped notices recorded separately.,assets/imported/tabletop/CREDITS.md
assets/imported/tabletop/rusty_nuts_workshop_2.png,images,assets,2335523,546e4c6b293d018701acc8b60273a4edfdd7c3912d974a27f61da8f61d2ece28,current,Static reference reachable from main scene; dynamic references require separate verification.,See source-specific notices,Historical owner CC0 statement retained; imported metadata and scoped notices recorded separately.,assets/imported/tabletop/CREDITS.md
assets/imported/tabletop/rusty_nuts_workshop_3.png,images,assets,1402827,73a980dea778d597ba18283c6e5dc056e516b08cad1de2debadd64076c7e9693,current,Static reference reachable from main scene; dynamic references require separate verification.,See source-specific notices,Historical owner CC0 statement retained; imported metadata and scoped notices recorded separately.,assets/imported/tabletop/CREDITS.md
assets/imported/tabletop/rusty_nuts_workshop_4.png,images,assets,1594859,d519dfad2e3202b212b058665b10d536397ba5529d0757f1a14b9580e6d1973e,current,Static reference reachable from main scene; dynamic references require separate verification.,See source-specific notices,Historical owner CC0 statement retained; imported metadata and scoped notices recorded separately.,assets/imported/tabletop/CREDITS.md
assets/imported/tabletop/rusty_nuts_workshop_5.png,images,assets,2095267,b45be7e8fa0fc2302edf25f3cc1795aeb3b5348336e89e71c90d0eb7ad12a65c,current,Static reference reachable from main scene; dynamic references require separate verification.,See source-specific notices,Historical owner CC0 statement retained; imported metadata and scoped notices recorded separately.,assets/imported/tabletop/CREDITS.md
assets/imported/tabletop/rusty_nuts_workshop_6.png,images,assets,1694492,83e9f2728780eb297aafbef6af970c042f801634c96d6c5aa49574ee7245ea72,current,Static reference reachable from main scene; dynamic references require separate verification.,See source-specific notices,Historical owner CC0 statement retained; imported metadata and scoped notices recorded separately.,assets/imported/tabletop/CREDITS.md
assets/imported/tabletop/rusty_nuts_workshop_7.png,images,assets,1430618,ae79142db9025adf847aabaff392af21638692fc8f8aea5f7daeb7ea8d0b34c9,current,Static reference reachable from main scene; dynamic references require separate verification.,See source-specific notices,Historical owner CC0 statement retained; imported metadata and scoped notices recorded separately.,assets/imported/tabletop/CREDITS.md
assets/imported/tabletop/rusty_nuts_workshop_8.png,images,assets,1514336,89c244b8b1574497420dcc6dc9f4ea359fe3f12ec89d6be7d1c6e7061d3b2fb5,current,Static reference reachable from main scene; dynamic references require separate verification.,See source-specific notices,Historical owner CC0 statement retained; imported metadata and scoped notices recorded separately.,assets/imported/tabletop/CREDITS.md
assets/imported/tabletop/topspeed_oval.glb,models,assets,32556552,6478db57e4c7687eb536bb97efb7ca368ee4e0f76afcb5aef4b9448b5a179749,retain,Project-authored art; retain for its matching environment/UI.,See source-specific notices,Historical owner CC0 statement retained; imported metadata and scoped notices recorded separately.,assets/imported/tabletop/CREDITS.md
assets/imported/tabletop/topspeed_oval_0.png,images,assets,1867925,a1a94e2d82048ec0b0e45042912c057d0faaa031e53ae121cc4e37e4e8f3865d,current,Static reference reachable from main scene; dynamic references require separate verification.,See source-specific notices,Historical owner CC0 statement retained; imported metadata and scoped notices recorded separately.,assets/imported/tabletop/CREDITS.md
assets/imported/tabletop/topspeed_oval_1.png,images,assets,3425655,38915c333e20413936c20a3bb2beea9c7fe68cba4734c9c56b0c81f46953f348,current,Static reference reachable from main scene; dynamic references require separate verification.,See source-specific notices,Historical owner CC0 statement retained; imported metadata and scoped notices recorded separately.,assets/imported/tabletop/CREDITS.md
assets/imported/tabletop/topspeed_oval_10.png,images,assets,237468,250b842d616c21d44df3f42a024f3b089d1a441c812c72a02d7a2c20a69eaf73,current,Static reference reachable from main scene; dynamic references require separate verification.,See source-specific notices,Historical owner CC0 statement retained; imported metadata and scoped notices recorded separately.,assets/imported/tabletop/CREDITS.md
assets/imported/tabletop/topspeed_oval_11.png,images,assets,1043506,3b195be0254c81c4c4f1c991660dfd8ab1756113e16b4cf7dac2a900faededbb,current,Static reference reachable from main scene; dynamic references require separate verification.,See source-specific notices,Historical owner CC0 statement retained; imported metadata and scoped notices recorded separately.,assets/imported/tabletop/CREDITS.md
assets/imported/tabletop/topspeed_oval_12.png,images,assets,265690,775928d8710ee072e4fb21fc32b5e8295ceee695f5e941cb313e87de6562d63b,current,Static reference reachable from main scene; dynamic references require separate verification.,See source-specific notices,Historical owner CC0 statement retained; imported metadata and scoped notices recorded separately.,assets/imported/tabletop/CREDITS.md
assets/imported/tabletop/topspeed_oval_13.png,images,assets,1051430,8a72889437e5ee49072e4884d0bfcf94524e98eaf854497a6957f4c607373dcc,current,Static reference reachable from main scene; dynamic references require separate verification.,See source-specific notices,Historical owner CC0 statement retained; imported metadata and scoped notices recorded separately.,assets/imported/tabletop/CREDITS.md
assets/imported/tabletop/topspeed_oval_14.png,images,assets,1892055,b95ea2fdee810e00b96fae94d71e7e77367fd2cfed3ba64e9b1738eeaf3c56ed,current,Static reference reachable from main scene; dynamic references require separate verification.,See source-specific notices,Historical owner CC0 statement retained; imported metadata and scoped notices recorded separately.,assets/imported/tabletop/CREDITS.md
assets/imported/tabletop/topspeed_oval_15.png,images,assets,729599,b3e7441690d63c7204d19f6f2d46234afc9d4d866dae8c55e4ab52cc380517b7,current,Static reference reachable from main scene; dynamic references require separate verification.,See source-specific notices,Historical owner CC0 statement retained; imported metadata and scoped notices recorded separately.,assets/imported/tabletop/CREDITS.md
assets/imported/tabletop/topspeed_oval_16.png,images,assets,2784223,d5f833531cf892d9556d538033c31275d659cb60cb2579744a18e25dc8e89097,current,Static reference reachable from main scene; dynamic references require separate verification.,See source-specific notices,Historical owner CC0 statement retained; imported metadata and scoped notices recorded separately.,assets/imported/tabletop/CREDITS.md
assets/imported/tabletop/topspeed_oval_17.png,images,assets,3150426,29c96f8948fff1a15652ea7e3bbc60cf6a24fd9fb77f1294736fdca4777a3ab5,retain,Project-authored art; retain for its matching environment/UI.,See source-specific notices,Historical owner CC0 statement retained; imported metadata and scoped notices recorded separately.,assets/imported/tabletop/CREDITS.md
assets/imported/tabletop/topspeed_oval_18.png,images,assets,830733,c9d68ab3b8e0822a628252221e2348a65b67a1fa63506fa74a04e8d5a503647f,current,Static reference reachable from main scene; dynamic references require separate verification.,See source-specific notices,Historical owner CC0 statement retained; imported metadata and scoped notices recorded separately.,assets/imported/tabletop/CREDITS.md
assets/imported/tabletop/topspeed_oval_2.png,images,assets,293155,9ce4819f69a51ecc4a103f30f5fbfc1f1d2d8dd7ddbcdfc1e5014986d433ab90,current,Static reference reachable from main scene; dynamic references require separate verification.,See source-specific notices,Historical owner CC0 statement retained; imported metadata and scoped notices recorded separately.,assets/imported/tabletop/CREDITS.md
assets/imported/tabletop/topspeed_oval_3.png,images,assets,119372,5f7212c455a6669ce6f2d4da89bc04c750a23243204e55e842b541f267eae96d,current,Static reference reachable from main scene; dynamic references require separate verification.,See source-specific notices,Historical owner CC0 statement retained; imported metadata and scoped notices recorded separately.,assets/imported/tabletop/CREDITS.md
assets/imported/tabletop/topspeed_oval_4.png,images,assets,291192,cffb590a4362b9fbe15741f4c5053e0d555a965cfebfc95f9b0101fbfc7136fe,current,Static reference reachable from main scene; dynamic references require separate verification.,See source-specific notices,Historical owner CC0 statement retained; imported metadata and scoped notices recorded separately.,assets/imported/tabletop/CREDITS.md
assets/imported/tabletop/topspeed_oval_5.png,images,assets,1418914,7fdc930c316bb33d3a3d01ac77562ca7972ec8634288e626cfc5940766fd44d5,current,Static reference reachable from main scene; dynamic references require separate verification.,See source-specific notices,Historical owner CC0 statement retained; imported metadata and scoped notices recorded separately.,assets/imported/tabletop/CREDITS.md
assets/imported/tabletop/topspeed_oval_6.png,images,assets,2443137,5f36ad7461712c9b78131d8659cdf89970423f97db6eae95b6ea91234cb54b65,current,Static reference reachable from main scene; dynamic references require separate verification.,See source-specific notices,Historical owner CC0 statement retained; imported metadata and scoped notices recorded separately.,assets/imported/tabletop/CREDITS.md
assets/imported/tabletop/topspeed_oval_7.png,images,assets,727238,794a56c91eae3aed2899b4d2171ab49b4c5d3c354ff3178f6e01f515cdfa16ee,current,Static reference reachable from main scene; dynamic references require separate verification.,See source-specific notices,Historical owner CC0 statement retained; imported metadata and scoped notices recorded separately.,assets/imported/tabletop/CREDITS.md
assets/imported/tabletop/topspeed_oval_8.png,images,assets,545287,5adaeb0248d83fcea3a482c71f075582c1f2f858583ae933f8a3aa5a8e8c4596,current,Static reference reachable from main scene; dynamic references require separate verification.,See source-specific notices,Historical owner CC0 statement retained; imported metadata and scoped notices recorded separately.,assets/imported/tabletop/CREDITS.md
assets/imported/tabletop/topspeed_oval_9.png,images,assets,722226,5107c8ec5758f3995c73aa92d959c4564029be5c2cbda4b7ae290b5a949d6499,current,Static reference reachable from main scene; dynamic references require separate verification.,See source-specific notices,Historical owner CC0 statement retained; imported metadata and scoped notices recorded separately.,assets/imported/tabletop/CREDITS.md
assets/imported/tabletop/town_square.glb,models,assets,18093788,fc8a380a213968eb9d41309d8454c20a2fbac04f8af8dc5c192e06a46586a131,retain,Project-authored art; retain for its matching environment/UI.,See source-specific notices,Historical owner CC0 statement retained; imported metadata and scoped notices recorded separately.,assets/imported/tabletop/CREDITS.md
assets/imported/tabletop/town_square_0.png,images,assets,6553559,9c3339677dae48636a2ce4d1341b2428dd9589ea494bc167ad61844b1e883806,current,Static reference reachable from main scene; dynamic references require separate verification.,See source-specific notices,Historical owner CC0 statement retained; imported metadata and scoped notices recorded separately.,assets/imported/tabletop/CREDITS.md
assets/imported/tabletop/town_square_1.png,images,assets,5702970,0cb04ae7409bb287bd7a8631daa09e93a645410e0fa70ac1605d1fc84e83997c,current,Static reference reachable from main scene; dynamic references require separate verification.,See source-specific notices,Historical owner CC0 statement retained; imported metadata and scoped notices recorded separately.,assets/imported/tabletop/CREDITS.md
assets/imported/tabletop/town_square_2.png,images,assets,4990560,9d9b092e99019f06904c90c08dd76508f0e622d91af55889fb0b0fe96ab1f343,current,Static reference reachable from main scene; dynamic references require separate verification.,See source-specific notices,Historical owner CC0 statement retained; imported metadata and scoped notices recorded separately.,assets/imported/tabletop/CREDITS.md
assets/imported/tabletop/toys_r_asleep.glb,models,assets,14917508,99f7c07dac78a2cd78a401460b9b114cbb93454ac830656c0cfe3b3d562c16ef,retain,Project-authored art; retain for its matching environment/UI.,See source-specific notices,Historical owner CC0 statement retained; imported metadata and scoped notices recorded separately.,assets/imported/tabletop/CREDITS.md
assets/imported/tabletop/toys_r_asleep_0.png,images,assets,1688988,1e294aaa6043a1ae16d32e86e1c05912c5a59be34fb6c6fca98a42195bb315a8,current,Static reference reachable from main scene; dynamic references require separate verification.,See source-specific notices,Historical owner CC0 statement retained; imported metadata and scoped notices recorded separately.,assets/imported/tabletop/CREDITS.md
assets/imported/tabletop/toys_r_asleep_1.png,images,assets,1621137,e0b7620d320c4bc5e349d1082cb8c5bea9265609636f9f41218b2811d6517c9d,current,Static reference reachable from main scene; dynamic references require separate verification.,See source-specific notices,Historical owner CC0 statement retained; imported metadata and scoped notices recorded separately.,assets/imported/tabletop/CREDITS.md
assets/imported/tabletop/toys_r_asleep_2.png,images,assets,1225817,212a16345b989a0bb6f1be1c6b2e25509d601c98755805365281052072c1533a,current,Static reference reachable from main scene; dynamic references require separate verification.,See source-specific notices,Historical owner CC0 statement retained; imported metadata and scoped notices recorded separately.,assets/imported/tabletop/CREDITS.md
assets/imported/tabletop/toys_r_asleep_3.png,images,assets,2159254,9cc2b70c76ed2a560bc6e1477f32182ef2ec7e73765b5d2cf523fe44d7b71d47,current,Static reference reachable from main scene; dynamic references require separate verification.,See source-specific notices,Historical owner CC0 statement retained; imported metadata and scoped notices recorded separately.,assets/imported/tabletop/CREDITS.md
assets/imported/tabletop/toys_r_asleep_4.png,images,assets,1573430,52788d8fca865a0c0c8d50bbb7106aead4dca6929eb8a6b0e8b9851a0a3c6ad7,current,Static reference reachable from main scene; dynamic references require separate verification.,See source-specific notices,Historical owner CC0 statement retained; imported metadata and scoped notices recorded separately.,assets/imported/tabletop/CREDITS.md
assets/imported/tabletop/toys_r_asleep_5.png,images,assets,2252425,f94b1509cf96af8c8ef335be1400cec79769fb6eaf94ab5c0ce321e680e479f0,current,Static reference reachable from main scene; dynamic references require separate verification.,See source-specific notices,Historical owner CC0 statement retained; imported metadata and scoped notices recorded separately.,assets/imported/tabletop/CREDITS.md
assets/imported/tabletop/toys_r_asleep_6.png,images,assets,1777632,2d8c0a292b36182ce2e04b0dcba9bf34ae05189802aa09ae3c30b7cb63f76e70,current,Static reference reachable from main scene; dynamic references require separate verification.,See source-specific notices,Historical owner CC0 statement retained; imported metadata and scoped notices recorded separately.,assets/imported/tabletop/CREDITS.md
assets/imported/tabletop/toys_r_asleep_7.png,images,assets,1652651,ac73500ccd13bdf5f8b3c2524d3f43ca8cd61e3e5858b95aac687f0be19d226f,current,Static reference reachable from main scene; dynamic references require separate verification.,See source-specific notices,Historical owner CC0 statement retained; imported metadata and scoped notices recorded separately.,assets/imported/tabletop/CREDITS.md
assets/imported/tabletop/toys_r_you.glb,models,assets,11743928,e4239695d0b1dc343bb03732b80c81557a5e07793604bae637560a8aeb152570,retain,Project-authored art; retain for its matching environment/UI.,See source-specific notices,Historical owner CC0 statement retained; imported metadata and scoped notices recorded separately.,assets/imported/tabletop/CREDITS.md
assets/imported/tabletop/toys_r_you_0.png,images,assets,1303065,6bacb1798e1425fef2187ebfbc476a599ee4c99f8a1bd805c6d85e8f852c8711,current,Static reference reachable from main scene; dynamic references require separate verification.,See source-specific notices,Historical owner CC0 statement retained; imported metadata and scoped notices recorded separately.,assets/imported/tabletop/CREDITS.md
assets/imported/tabletop/toys_r_you_1.png,images,assets,1060754,360d035f1ef70512da142268b0e5f1f706ba729537ad94a8ff91f22c129c8eb6,current,Static reference reachable from main scene; dynamic references require separate verification.,See source-specific notices,Historical owner CC0 statement retained; imported metadata and scoped notices recorded separately.,assets/imported/tabletop/CREDITS.md
assets/imported/tabletop/toys_r_you_2.png,images,assets,942437,f81f188c7f771f6b785c72afac26077ed5c4a2a220f493c6e261309f3b85228a,current,Static reference reachable from main scene; dynamic references require separate verification.,See source-specific notices,Historical owner CC0 statement retained; imported metadata and scoped notices recorded separately.,assets/imported/tabletop/CREDITS.md
assets/imported/tabletop/toys_r_you_3.png,images,assets,1269406,08df491a9bb24af6ffc15f90c10510e03c038560eec2096b22eec9c2af3439a3,current,Static reference reachable from main scene; dynamic references require separate verification.,See source-specific notices,Historical owner CC0 statement retained; imported metadata and scoped notices recorded separately.,assets/imported/tabletop/CREDITS.md
assets/imported/tabletop/toys_r_you_4.png,images,assets,1736523,c1fcce8b95131d8c75065a8f119b8fe7f22ba5932ca566508604a628ae66abcc,current,Static reference reachable from main scene; dynamic references require separate verification.,See source-specific notices,Historical owner CC0 statement retained; imported metadata and scoped notices recorded separately.,assets/imported/tabletop/CREDITS.md
assets/imported/tabletop/toys_r_you_5.png,images,assets,123593,aafb7fbe4b7a4e4688201b73539372d5001efc48a73532a6f8cd615009466b94,current,Static reference reachable from main scene; dynamic references require separate verification.,See source-specific notices,Historical owner CC0 statement retained; imported metadata and scoped notices recorded separately.,assets/imported/tabletop/CREDITS.md
assets/imported/tabletop/toys_r_you_6.png,images,assets,1249567,0af71c5fba7955cb1e75a9cbf7e6b6a8e319a3daec2fe819bf9f71a654e4945d,current,Static reference reachable from main scene; dynamic references require separate verification.,See source-specific notices,Historical owner CC0 statement retained; imported metadata and scoped notices recorded separately.,assets/imported/tabletop/CREDITS.md
assets/imported/tabletop/toys_r_you_7.png,images,assets,1497554,198a2788d91ff4897a79dfffafa918b5a04e80a2eab3af70a031bcc8c55e9d69,current,Static reference reachable from main scene; dynamic references require separate verification.,See source-specific notices,Historical owner CC0 statement retained; imported metadata and scoped notices recorded separately.,assets/imported/tabletop/CREDITS.md
assets/imported/tabletop/toys_r_you_8.png,images,assets,1414873,04ecd0d9f7e6bb4117aa60c183b0dd24e86dcf82271ef6afda33b64a66e2015c,current,Static reference reachable from main scene; dynamic references require separate verification.,See source-specific notices,Historical owner CC0 statement retained; imported metadata and scoped notices recorded separately.,assets/imported/tabletop/CREDITS.md
assets/imported/tabletop/toys_r_you_9.png,images,assets,191051,6e9df97d37c2cb317351369212f81c7bae0d2c54fa90ae049595f7121ffd517c,current,Static reference reachable from main scene; dynamic references require separate verification.,See source-specific notices,Historical owner CC0 statement retained; imported metadata and scoped notices recorded separately.,assets/imported/tabletop/CREDITS.md
assets/vehicles/animated/BeachBuggy_wheels.glb,models,assets,26327980,30c75b7dda292be1cd736dc7c9ec1033c4c5e505d22f2fddf7286dacecc2e74a,retain,Project-authored art; retain for its matching environment/UI.,See source-specific notices,Historical owner CC0 statement retained; imported metadata and scoped notices recorded separately.,No scoped local notice found; see docs/credits.md and preserved source-pack notices.
assets/vehicles/animated/BeachBuggy_wheels_0.png,images,assets,9643237,a6df35833af1f71d8f9a32a581abcf9ad26b63b3e16625ad110408f93b5875c0,retain,Project-authored art; retain for its matching environment/UI.,See source-specific notices,Historical owner CC0 statement retained; imported metadata and scoped notices recorded separately.,No scoped local notice found; see docs/credits.md and preserved source-pack notices.
assets/vehicles/animated/buggy_extraction.json,other,assets,1045,ea1bb5958c064b3f6dee6616df02cebbfcb446d4309fde28b4b1b3eccae7c8f8,retain,Project-authored art; retain for its matching environment/UI.,See source-specific notices,Historical owner CC0 statement retained; imported metadata and scoped notices recorded separately.,No scoped local notice found; see docs/credits.md and preserved source-pack notices.
assets/vehicles/animated/drift_car_extraction.json,other,assets,1037,0484adc478f2d0d305bdc669043913cf3065c2ec7056a8dcf66f2e7e75bb2065,retain,Project-authored art; retain for its matching environment/UI.,See source-specific notices,Historical owner CC0 statement retained; imported metadata and scoped notices recorded separately.,No scoped local notice found; see docs/credits.md and preserved source-pack notices.
assets/vehicles/animated/DriftCar_wheels.glb,models,assets,24382944,85adf97c0feb5e845e7846c8a63b4128919ca249098afa9f3ab8af0231b76e94,retain,Project-authored art; retain for its matching environment/UI.,See source-specific notices,Historical owner CC0 statement retained; imported metadata and scoped notices recorded separately.,No scoped local notice found; see docs/credits.md and preserved source-pack notices.
assets/vehicles/animated/DriftCar_wheels_0.png,images,assets,8481444,09120c67dc2762f0c4082195351277ac63d6a05d37c829b86cc820751eed0019,retain,Project-authored art; retain for its matching environment/UI.,See source-specific notices,Historical owner CC0 statement retained; imported metadata and scoped notices recorded separately.,No scoped local notice found; see docs/credits.md and preserved source-pack notices.
assets/vehicles/animated/monster_truck_extraction.json,other,assets,1053,e1b1433f837dacc2a61c9d6ba3e3b6feb47c1ec54384eeb4d1416563e1df2a2d,retain,Project-authored art; retain for its matching environment/UI.,See source-specific notices,Historical owner CC0 statement retained; imported metadata and scoped notices recorded separately.,No scoped local notice found; see docs/credits.md and preserved source-pack notices.
assets/vehicles/animated/MonsterTruck_wheels.glb,models,assets,26617544,3d595af584077dc8471c4e644d83c3ba98d4ba86bd431aabda83201ae7d1c79d,retain,Project-authored art; retain for its matching environment/UI.,See source-specific notices,Historical owner CC0 statement retained; imported metadata and scoped notices recorded separately.,No scoped local notice found; see docs/credits.md and preserved source-pack notices.
assets/vehicles/animated/MonsterTruck_wheels_0.png,images,assets,9902754,bb226a4622e5a82147d10c1214d9ebdbfb67e202444bbdea094a72b3d299aa9d,retain,Project-authored art; retain for its matching environment/UI.,See source-specific notices,Historical owner CC0 statement retained; imported metadata and scoped notices recorded separately.,No scoped local notice found; see docs/credits.md and preserved source-pack notices.
assets/vehicles/animated/player_paint.gdshader,shaders,assets,1484,38b90ea809ec6bfc6f0085af6df004ec552cefb4cad2ed74f6ae5e82585cb039,current,Static reference reachable from main scene; dynamic references require separate verification.,See source-specific notices,Historical owner CC0 statement retained; imported metadata and scoped notices recorded separately.,No scoped local notice found; see docs/credits.md and preserved source-pack notices.
assets/vehicles/animated/racing_car_extraction.json,other,assets,1050,5b1091df7d22cd2567318065a462faf3d16a0a6d7852dd9b6530ada5953e6a5e,retain,Project-authored art; retain for its matching environment/UI.,See source-specific notices,Historical owner CC0 statement retained; imported metadata and scoped notices recorded separately.,No scoped local notice found; see docs/credits.md and preserved source-pack notices.
assets/vehicles/animated/RacingCar_wheels.glb,models,assets,23029484,17b4257aa9dca5705f076366c82c4d9b1036982b4950336db8249b2db777b8cb,retain,Project-authored art; retain for its matching environment/UI.,See source-specific notices,Historical owner CC0 statement retained; imported metadata and scoped notices recorded separately.,No scoped local notice found; see docs/credits.md and preserved source-pack notices.
assets/vehicles/animated/RacingCar_wheels_0.png,images,assets,6994174,e08069d2c580a06c849361763cc37d44b295dc07d4fdc35967f4d3149488b5fb,retain,Project-authored art; retain for its matching environment/UI.,See source-specific notices,Historical owner CC0 statement retained; imported metadata and scoped notices recorded separately.,No scoped local notice found; see docs/credits.md and preserved source-pack notices.
assets/vehicles/BeachBuggy.glb,models,assets,26274392,bec2eb08e26cadfe83556c68a4e063d4a2f78ff7d98d829d66658eeab7aecfe0,current,Static reference reachable from main scene; dynamic references require separate verification.,See source-specific notices,Historical owner CC0 statement retained; imported metadata and scoped notices recorded separately.,No scoped local notice found; see docs/credits.md and preserved source-pack notices.
assets/vehicles/BeachBuggy_texture_20250901.png,images,assets,9643237,a6df35833af1f71d8f9a32a581abcf9ad26b63b3e16625ad110408f93b5875c0,retain,Project-authored art; retain for its matching environment/UI.,See source-specific notices,Historical owner CC0 statement retained; imported metadata and scoped notices recorded separately.,No scoped local notice found; see docs/credits.md and preserved source-pack notices.
assets/vehicles/DriftCar.glb,models,assets,24270792,826bcfc8e4d3ac62581d766509630e6caf4944a92ee5b5311e9949ec7fff7e66,current,Static reference reachable from main scene; dynamic references require separate verification.,See source-specific notices,Historical owner CC0 statement retained; imported metadata and scoped notices recorded separately.,No scoped local notice found; see docs/credits.md and preserved source-pack notices.
assets/vehicles/DriftCar_texture_20250901.png,images,assets,8481444,09120c67dc2762f0c4082195351277ac63d6a05d37c829b86cc820751eed0019,retain,Project-authored art; retain for its matching environment/UI.,See source-specific notices,Historical owner CC0 statement retained; imported metadata and scoped notices recorded separately.,No scoped local notice found; see docs/credits.md and preserved source-pack notices.
assets/vehicles/menu/buggy.png,images,assets,1133237,7c3c857f8ee10d7352e41cc6797205f51b0d0fc61a35a873f9d57ea4f9f728aa,retain,Project-authored art; retain for its matching environment/UI.,See source-specific notices,Historical owner CC0 statement retained; imported metadata and scoped notices recorded separately.,No scoped local notice found; see docs/credits.md and preserved source-pack notices.
assets/vehicles/menu/drift_car.png,images,assets,884900,d102fafb54f83a6389f6d978728ffeeb54b91205e24b713ce5b1ee84ba2c8df6,retain,Project-authored art; retain for its matching environment/UI.,See source-specific notices,Historical owner CC0 statement retained; imported metadata and scoped notices recorded separately.,No scoped local notice found; see docs/credits.md and preserved source-pack notices.
assets/vehicles/menu/monster_truck.png,images,assets,1272859,74a0459a1cb920fcc82d64f3fedafd64dc6a979078348a31f76901371d222876,retain,Project-authored art; retain for its matching environment/UI.,See source-specific notices,Historical owner CC0 statement retained; imported metadata and scoped notices recorded separately.,No scoped local notice found; see docs/credits.md and preserved source-pack notices.
assets/vehicles/menu/racing_car.png,images,assets,770381,2669cff0fae023ebc3ae09a40ab6bafd5e4d3e2585bfb077a6d809670b766ffb,retain,Project-authored art; retain for its matching environment/UI.,See source-specific notices,Historical owner CC0 statement retained; imported metadata and scoped notices recorded separately.,No scoped local notice found; see docs/credits.md and preserved source-pack notices.
assets/vehicles/menu/speedboat.png,images,assets,836637,e0918bc5092a1783d7194ae84c77e79c20f9ac532af31c4f9cef61d3e8f11dda,retain,Project-authored art; retain for its matching environment/UI.,See source-specific notices,Historical owner CC0 statement retained; imported metadata and scoped notices recorded separately.,No scoped local notice found; see docs/credits.md and preserved source-pack notices.
assets/vehicles/MonsterTruck.glb,models,assets,26533808,0bd4c3047fbcda91bdc04ae2b81e25a8aa110fad8dbf730e35193ede57a050fa,current,Static reference reachable from main scene; dynamic references require separate verification.,See source-specific notices,Historical owner CC0 statement retained; imported metadata and scoped notices recorded separately.,No scoped local notice found; see docs/credits.md and preserved source-pack notices.
assets/vehicles/MonsterTruck_texture_20250901.png,images,assets,9902754,bb226a4622e5a82147d10c1214d9ebdbfb67e202444bbdea094a72b3d299aa9d,retain,Project-authored art; retain for its matching environment/UI.,See source-specific notices,Historical owner CC0 statement retained; imported metadata and scoped notices recorded separately.,No scoped local notice found; see docs/credits.md and preserved source-pack notices.
assets/vehicles/prototypes/BeachBuggy_wheel_proof.glb,models,assets,26327972,d1e54a684b39cdec842a03690cdab9b598dd6c05a01a391f6975885116db3e4a,retain,Project-authored art; retain for its matching environment/UI.,See source-specific notices,Historical owner CC0 statement retained; imported metadata and scoped notices recorded separately.,No scoped local notice found; see docs/credits.md and preserved source-pack notices.
assets/vehicles/prototypes/BeachBuggy_wheel_proof_0.png,images,assets,9643237,a6df35833af1f71d8f9a32a581abcf9ad26b63b3e16625ad110408f93b5875c0,retain,Project-authored art; retain for its matching environment/UI.,See source-specific notices,Historical owner CC0 statement retained; imported metadata and scoped notices recorded separately.,No scoped local notice found; see docs/credits.md and preserved source-pack notices.
assets/vehicles/prototypes/buggy_player_paint.gdshader,shaders,assets,511,918a10f1a4214678eae83ce778e942b1f596f1f6d2ab63e999168fc2c4f02321,retain,Project-authored art; retain for its matching environment/UI.,See source-specific notices,Historical owner CC0 statement retained; imported metadata and scoped notices recorded separately.,No scoped local notice found; see docs/credits.md and preserved source-pack notices.
assets/vehicles/prototypes/extraction.json,other,assets,979,455c9ae3ba6171ed3c2c6879dcac576f6fce81cac48cf5691ef7533d4e760ec5,retain,Project-authored art; retain for its matching environment/UI.,See source-specific notices,Historical owner CC0 statement retained; imported metadata and scoped notices recorded separately.,No scoped local notice found; see docs/credits.md and preserved source-pack notices.
assets/vehicles/prototypes/README.md,other,assets,2384,2c00545ef61f6a48e8d01a3f1ee4f169a2d450ae03104df7b9d008b8820a2172,retain,Project-authored art; retain for its matching environment/UI.,See source-specific notices,Historical owner CC0 statement retained; imported metadata and scoped notices recorded separately.,No scoped local notice found; see docs/credits.md and preserved source-pack notices.
assets/vehicles/RacingCar.glb,models,assets,22930568,4327b0975d46bec1102bfd4472a681d67180820a86aa84b8ef0cb81686775720,current,Static reference reachable from main scene; dynamic references require separate verification.,See source-specific notices,Historical owner CC0 statement retained; imported metadata and scoped notices recorded separately.,No scoped local notice found; see docs/credits.md and preserved source-pack notices.
assets/vehicles/RacingCar_texture_20250901.png,images,assets,6994174,e08069d2c580a06c849361763cc37d44b295dc07d4fdc35967f4d3149488b5fb,retain,Project-authored art; retain for its matching environment/UI.,See source-specific notices,Historical owner CC0 statement retained; imported metadata and scoped notices recorded separately.,No scoped local notice found; see docs/credits.md and preserved source-pack notices.
assets/vehicles/Sppedboat.glb,models,assets,22196476,8548090dde1ae9c03d863c795eca6173fd68f5a3a24f13062556d16f928d4a87,current,Static reference reachable from main scene; dynamic references require separate verification.,See source-specific notices,Historical owner CC0 statement retained; imported metadata and scoped notices recorded separately.,No scoped local notice found; see docs/credits.md and preserved source-pack notices.
assets/vehicles/Sppedboat_texture_20250901.png,images,assets,6395017,1ca9e20877220fe8b0ce5341343ed3e9f02d740918ad90d222b1a20f6980974a,retain,Project-authored art; retain for its matching environment/UI.,See source-specific notices,Historical owner CC0 statement retained; imported metadata and scoped notices recorded separately.,No scoped local notice found; see docs/credits.md and preserved source-pack notices.
assets/video/opening/additional-video-prompts.md,other,assets,2653,3500ac432bff468dd07bc32e8b7bde38bb2ee5bde26e2f13fd0093a6026cb5c5,retain,Project-authored art; retain for its matching environment/UI.,See source-specific notices,Historical owner CC0 statement retained; imported metadata and scoped notices recorded separately.,assets/video/opening/CREDITS.md
assets/video/opening/buggy_only.png,images,assets,2221909,19a818628b72598a6e8204e402a9c73f36dee9ac5b061ecf9e1bc616fc7571ad,retain,Project-authored art; retain for its matching environment/UI.,See source-specific notices,Historical owner CC0 statement retained; imported metadata and scoped notices recorded separately.,assets/video/opening/CREDITS.md
assets/video/opening/CREDITS.md,other,assets,4200,3f430a5472b543b93d83a4f55c67e1fa3c357535a83716f5aea393cf201b36fb,retain,Project-authored art; retain for its matching environment/UI.,See source-specific notices,Historical owner CC0 statement retained; imported metadata and scoped notices recorded separately.,assets/video/opening/CREDITS.md
assets/video/opening/drift-before-cockpit-fix.png,images,assets,2365334,20fa7d5944e0851fa24b782e4f43f94977d70ea71d3245db2491c032e4ea0618,retain,Project-authored art; retain for its matching environment/UI.,See source-specific notices,Historical owner CC0 statement retained; imported metadata and scoped notices recorded separately.,assets/video/opening/CREDITS.md
assets/video/opening/drift.png,images,assets,2341865,15654b44d85ea9298ea1f0cd260d9c6d02579640bd5d2484505a5b29ed57194c,retain,Project-authored art; retain for its matching environment/UI.,See source-specific notices,Historical owner CC0 statement retained; imported metadata and scoped notices recorded separately.,assets/video/opening/CREDITS.md
assets/video/opening/drift_only.png,images,assets,2341137,0804657bfa22e4fdbde714ab099b157d21b40832a8a49d55c69899511781f80e,retain,Project-authored art; retain for its matching environment/UI.,See source-specific notices,Historical owner CC0 statement retained; imported metadata and scoped notices recorded separately.,assets/video/opening/CREDITS.md
assets/video/opening/JAYLABS.mp4,other,assets,1210744,ecafbcc618368b373c55807817ae2f57839161def93a9f2f24bd07dde939eaf1,retain,Project-authored art; retain for its matching environment/UI.,See source-specific notices,Historical owner CC0 statement retained; imported metadata and scoped notices recorded separately.,assets/video/opening/CREDITS.md
assets/video/opening/jaylabs.ogv,videos,assets,2470976,1fc688f20b4516bf3b790c0220f26c209b5605328f537b81dea2b2a414d3e732,retain,Project-authored art; retain for its matching environment/UI.,See source-specific notices,Historical owner CC0 statement retained; imported metadata and scoped notices recorded separately.,assets/video/opening/CREDITS.md
assets/video/opening/jaylabs_last.png,images,assets,341341,cd80645f5f977efdf801a84d7be4c0a3112bc8de63a9b457f389156e14bbf7c1,retain,Project-authored art; retain for its matching environment/UI.,See source-specific notices,Historical owner CC0 statement retained; imported metadata and scoped notices recorded separately.,assets/video/opening/CREDITS.md
assets/video/opening/jump.png,images,assets,2322217,38d27bf56ead811e84e42d4cb23976bb4331b43749481d84c67c3b01d9a253f8,retain,Project-authored art; retain for its matching environment/UI.,See source-specific notices,Historical owner CC0 statement retained; imported metadata and scoped notices recorded separately.,assets/video/opening/CREDITS.md
assets/video/opening/logo_main.png,images,assets,1221615,2025245cd1778a5a007f2ca235abc9e7d6192aa2318c7e0941094f16fe53eff6,current,Static reference reachable from main scene; dynamic references require separate verification.,See source-specific notices,Historical owner CC0 statement retained; imported metadata and scoped notices recorded separately.,assets/video/opening/CREDITS.md
assets/video/opening/monster_truck_only.png,images,assets,2250454,0a128c3905da59939a3549076fc3c06898356e918c0846195fa69c6e1d1bb484,retain,Project-authored art; retain for its matching environment/UI.,See source-specific notices,Historical owner CC0 statement retained; imported metadata and scoped notices recorded separately.,assets/video/opening/CREDITS.md
assets/video/opening/montage.ogv,videos,assets,93835266,ae88fbf16c2d256fa0935892174285cf3fe37bf566aefb543e3c1786803288e0,retain,Project-authored art; retain for its matching environment/UI.,See source-specific notices,Historical owner CC0 statement retained; imported metadata and scoped notices recorded separately.,assets/video/opening/CREDITS.md
assets/video/opening/music-cues.json,other,assets,573,6bfaafd3d9965ddf2d50302190384640a872316695797020bb14379b3cb94cf9,retain,Project-authored art; retain for its matching environment/UI.,See source-specific notices,Historical owner CC0 statement retained; imported metadata and scoped notices recorded separately.,assets/video/opening/CREDITS.md
assets/video/opening/race_reference.png,images,assets,1809217,faa261bb01ea436aa9df80f9ea4284bee4dff21566504cff1a9193748ebdc235,retain,Project-authored art; retain for its matching environment/UI.,See source-specific notices,Historical owner CC0 statement retained; imported metadata and scoped notices recorded separately.,assets/video/opening/CREDITS.md
assets/video/opening/racing_car_only.png,images,assets,2351990,c1710827753a815b02def47d5ff1518c90a237148a607f7c1fbac3583cf6b6a0,retain,Project-authored art; retain for its matching environment/UI.,See source-specific notices,Historical owner CC0 statement retained; imported metadata and scoped notices recorded separately.,assets/video/opening/CREDITS.md
assets/video/opening/shot-prompts.json,other,assets,1859,2e7c0f7c74eb15b84bf5900c7fe53019c4a7ad868a4a4e557cce226c3bee2964,retain,Project-authored art; retain for its matching environment/UI.,See source-specific notices,Historical owner CC0 statement retained; imported metadata and scoped notices recorded separately.,assets/video/opening/CREDITS.md
assets/video/opening/speedboat_only.png,images,assets,2347198,2ae8e23e13a07933c636bf6cf77492904837ac51367ee97bc1b61bff6d0ee66b,retain,Project-authored art; retain for its matching environment/UI.,See source-specific notices,Historical owner CC0 statement retained; imported metadata and scoped notices recorded separately.,assets/video/opening/CREDITS.md
assets/video/opening/tabletop_wide_reference.png,images,assets,2370508,901f171d04b0eaae74dc5e7572b3071378d2c594e909039142201a8f1755ec81,retain,Project-authored art; retain for its matching environment/UI.,See source-specific notices,Historical owner CC0 statement retained; imported metadata and scoped notices recorded separately.,assets/video/opening/CREDITS.md
assets/video/opening/theme-opening.ogv,videos,assets,283855560,0d2055d01d3fad0c2a5a42b4f533b99cfe46987a89ebb391bfd371b05aebd2f4,current,Static reference reachable from main scene; dynamic references require separate verification.,See source-specific notices,Historical owner CC0 statement retained; imported metadata and scoped notices recorded separately.,assets/video/opening/CREDITS.md
assets/video/opening/theme-review/01-cereal-tunnel.png,images,assets,2237604,abdbcfc8146520d79b278a9ca84096afff8cfab25d6613fffe1486ac4208a002,retain,Project-authored art; retain for its matching environment/UI.,See source-specific notices,Historical owner CC0 statement retained; imported metadata and scoped notices recorded separately.,assets/video/opening/CREDITS.md
assets/video/opening/theme-review/02-bucket-bend.png,images,assets,2484201,fa6f766e8597e8e2684648a361a87e1f881ef604e985c8b7b059a49d7677ec4e,retain,Project-authored art; retain for its matching environment/UI.,See source-specific notices,Historical owner CC0 statement retained; imported metadata and scoped notices recorded separately.,assets/video/opening/CREDITS.md
assets/video/opening/theme-review/03-truck-obstacles.png,images,assets,2172364,a55a78b6384539523096a3a3d131e708949b29177358621f0179087c53d21144,retain,Project-authored art; retain for its matching environment/UI.,See source-specific notices,Historical owner CC0 statement retained; imported metadata and scoped notices recorded separately.,assets/video/opening/CREDITS.md
assets/video/opening/theme-review/04-overhead-hairpin.png,images,assets,2408825,3548e9a69c9facae4a6e1ddb313631a3c6deb97e5fb1dc990ed61f1d759daba0,retain,Project-authored art; retain for its matching environment/UI.,See source-specific notices,Historical owner CC0 statement retained; imported metadata and scoped notices recorded separately.,assets/video/opening/CREDITS.md
assets/video/opening/theme-review/a6371a06-1052-47aa-85e1-e069401ff37b_music_create_a_high_energy_main_them__1791236472590.mp3,sounds,assets,2944567,4daa2a0f8afb6c5c29dd67058205245ec942fc4c97d4e0ad351247221aebddb4,retain,Project-authored art; retain for its matching environment/UI.,See source-specific notices,Historical owner CC0 statement retained; imported metadata and scoped notices recorded separately.,assets/video/opening/CREDITS.md
assets/video/opening/theme-review/buggy.mp4,other,assets,18189824,ecbb857a75cd469dccc48bccafbcee672aaf37932416c76d33ba7e4b4cdcbc0a,retain,Project-authored art; retain for its matching environment/UI.,See source-specific notices,Historical owner CC0 statement retained; imported metadata and scoped notices recorded separately.,assets/video/opening/CREDITS.md
assets/video/opening/theme-review/cerealtunnel.mp4,other,assets,18211169,e252d4e30a427c8b01889f3031d1dc0fa0911949d784ab5c2c3bb17fd938046f,retain,Project-authored art; retain for its matching environment/UI.,See source-specific notices,Historical owner CC0 statement retained; imported metadata and scoped notices recorded separately.,assets/video/opening/CREDITS.md
assets/video/opening/theme-review/coming-soon-youtube-short.mp4,other,assets,21027387,13e0c8454ca2c8ef6dfbedbe111bc1e75f97f46b64d3b4856bacd055728a3e86,retain,Project-authored art; retain for its matching environment/UI.,See source-specific notices,Historical owner CC0 statement retained; imported metadata and scoped notices recorded separately.,assets/video/opening/CREDITS.md
assets/video/opening/theme-review/edit-manifest-v2.json,other,assets,27138,c539d8424ab6453c8b9169fb039b4be616a2a0bb5f0c2c884b9ab273b1b70b9c,retain,Project-authored art; retain for its matching environment/UI.,See source-specific notices,Historical owner CC0 statement retained; imported metadata and scoped notices recorded separately.,assets/video/opening/CREDITS.md
assets/video/opening/theme-review/edit-manifest-v3.json,other,assets,27176,a48e7805b78dca03653374537a7fde9f1627cefa610b492e1a43f8382499924e,retain,Project-authored art; retain for its matching environment/UI.,See source-specific notices,Historical owner CC0 statement retained; imported metadata and scoped notices recorded separately.,assets/video/opening/CREDITS.md
assets/video/opening/theme-review/edit-manifest.json,other,assets,21508,632c28130ae888826ff4571cf33fb23f024e6bd99a01e3bf6bc08ca46effda92,retain,Project-authored art; retain for its matching environment/UI.,See source-specific notices,Historical owner CC0 statement retained; imported metadata and scoped notices recorded separately.,assets/video/opening/CREDITS.md
assets/video/opening/theme-review/jaylabs-transition-review-v3.mp4,other,assets,4790865,b406a95e81e29b7a9bf7e8a5ad84409ea448c4a37eda126b51fca288ba163ac6,retain,Project-authored art; retain for its matching environment/UI.,See source-specific notices,Historical owner CC0 statement retained; imported metadata and scoped notices recorded separately.,assets/video/opening/CREDITS.md
assets/video/opening/theme-review/jaylabs-transition-review.mp4,other,assets,4790694,cfa6a30bc7cf0c4c19f572701411507e8d5688b5015626484c07cff8017db75b,retain,Project-authored art; retain for its matching environment/UI.,See source-specific notices,Historical owner CC0 statement retained; imported metadata and scoped notices recorded separately.,assets/video/opening/CREDITS.md
assets/video/opening/theme-review/monster.mp4,other,assets,14420285,7890ec45c1d1f0d049dc7937a2f8313ebb40d742e26590ad3f7d004bb34e4cdf,retain,Project-authored art; retain for its matching environment/UI.,See source-specific notices,Historical owner CC0 statement retained; imported metadata and scoped notices recorded separately.,assets/video/opening/CREDITS.md
assets/video/opening/theme-review/music-cues.json,other,assets,795,52bd6a8a59fb6f9c0634f93191592bf891bbc9dadfde6bf6d90d3a0227b780b8,retain,Project-authored art; retain for its matching environment/UI.,See source-specific notices,Historical owner CC0 statement retained; imported metadata and scoped notices recorded separately.,assets/video/opening/CREDITS.md
assets/video/opening/theme-review/opening-theme-review-v2.mp4,other,assets,145548040,269e046601759590a11c256a0abc88a371a993d106e927bb90450ec68b169065,retain,Project-authored art; retain for its matching environment/UI.,See source-specific notices,Historical owner CC0 statement retained; imported metadata and scoped notices recorded separately.,assets/video/opening/CREDITS.md
assets/video/opening/theme-review/opening-theme-review-v3.mp4,other,assets,145534918,37b8ee751d679b171b55bdfa4c8f42fa3836339751ce69c70c9c9678cc3c4eb0,retain,Project-authored art; retain for its matching environment/UI.,See source-specific notices,Historical owner CC0 statement retained; imported metadata and scoped notices recorded separately.,assets/video/opening/CREDITS.md
assets/video/opening/theme-review/opening-theme-review.mp4,other,assets,128664448,f0bd433d3e90bf1d885a4498adb023ad1aee5904b8d66cc3a12f58758cc6204a,retain,Project-authored art; retain for its matching environment/UI.,See source-specific notices,Historical owner CC0 statement retained; imported metadata and scoped notices recorded separately.,assets/video/opening/CREDITS.md
assets/video/opening/theme-review/README.md,other,assets,7400,b3839c9902eed168c99ccfc215b26665321d9be3f1b2b5b6b7424bfd6a888e12,retain,Project-authored art; retain for its matching environment/UI.,See source-specific notices,Historical owner CC0 statement retained; imported metadata and scoped notices recorded separately.,assets/video/opening/CREDITS.md
assets/video/opening/theme-review/speedboat.mp4,other,assets,19323804,96d603e63f981a62c737d15116eeb297d3c29fc4722f12667f70974b9f395370,retain,Project-authored art; retain for its matching environment/UI.,See source-specific notices,Historical owner CC0 statement retained; imported metadata and scoped notices recorded separately.,assets/video/opening/CREDITS.md
assets/video/opening/theme-review/youtube-short-upload.md,other,assets,1078,a25ebea27dde7f979f79fc7440c220c07ebeafcfdb0e75463a4746a1294947ee,retain,Project-authored art; retain for its matching environment/UI.,See source-specific notices,Historical owner CC0 statement retained; imported metadata and scoped notices recorded separately.,assets/video/opening/CREDITS.md
assets/video/opening/theme-review/youtube-thumbnail.jpg,images,assets,515434,a1aa9deae1493b465d18f7726c1ef67cfad7fc5d1c2b574319e8136e92bee3ae,retain,Project-authored art; retain for its matching environment/UI.,See source-specific notices,Historical owner CC0 statement retained; imported metadata and scoped notices recorded separately.,assets/video/opening/CREDITS.md
assets/video/opening/theme-review/youtube-thumbnail.png,images,assets,2383500,7e218e052dad2e8dde0d615eea6fe4b1e5fb51c5f92f455c760b416ae6baf7cf,retain,Project-authored art; retain for its matching environment/UI.,See source-specific notices,Historical owner CC0 statement retained; imported metadata and scoped notices recorded separately.,assets/video/opening/CREDITS.md
assets/video/opening/theme-review/youtube-upload-details.md,other,assets,2202,f771a0c0ff4dc3d49f81bc9264d7fedec2cabb1e627582252807832d7f10f03c,retain,Project-authored art; retain for its matching environment/UI.,See source-specific notices,Historical owner CC0 statement retained; imported metadata and scoped notices recorded separately.,assets/video/opening/CREDITS.md
assets/video/opening/video-manifest.json,other,assets,5040,34d55578117960c566ea6d522dccd4f017584cef6a6a2f930aad364ea84ebe6b,retain,Project-authored art; retain for its matching environment/UI.,See source-specific notices,Historical owner CC0 statement retained; imported metadata and scoped notices recorded separately.,assets/video/opening/CREDITS.md
assets/video/opening/water.png,images,assets,2281085,39e2f6eb02040b3d8b1fd774102b511d131b7be3d73de89d92469ccee7662d92,retain,Project-authored art; retain for its matching environment/UI.,See source-specific notices,Historical owner CC0 statement retained; imported metadata and scoped notices recorded separately.,assets/video/opening/CREDITS.md
audio/engine-motorcycle.ogg,sounds,audio,104279,aed3b357bf885d5390a517ee6da2a55f3a17307d8d094175215fb60669f98ef7,retain,Existing racing audio; music is documented as temporary CC0.,See source-specific notices,Historical owner CC0 statement retained; imported metadata and scoped notices recorded separately.,No scoped local notice found; see docs/credits.md and preserved source-pack notices.
audio/engine.ogg,sounds,audio,111411,6d665dfc961e2d522c866bdcf12fc0ac56c885c0c7117e830df84ba8eecd655c,retain,Existing racing audio; music is documented as temporary CC0.,See source-specific notices,Historical owner CC0 statement retained; imported metadata and scoped notices recorded separately.,No scoped local notice found; see docs/credits.md and preserved source-pack notices.
audio/impact.ogg,sounds,audio,11616,964c5fcfb91e7710e2af25c2243c8b7160756b223b0984bacc9eb25bfeea057b,retain,Existing racing audio; music is documented as temporary CC0.,See source-specific notices,Historical owner CC0 statement retained; imported metadata and scoped notices recorded separately.,No scoped local notice found; see docs/credits.md and preserved source-pack notices.
audio/music/After Bedtime.mp3,music,audio,1921403,98b23550a36270e00ef78675a085101699ad014191f82c109f9464f29184075c,current,Static reference reachable from main scene; dynamic references require separate verification.,See source-specific notices,Historical owner CC0 statement retained; imported metadata and scoped notices recorded separately.,audio/music/CREDITS.md
audio/music/Backyard Afterburner.mp3,music,audio,1920567,0be285b1891d53d8e84766dc0c7f0ec5e333ecdb86415e1a2d6c1d8dc6f33e20,current,Static reference reachable from main scene; dynamic references require separate verification.,See source-specific notices,Historical owner CC0 statement retained; imported metadata and scoped notices recorded separately.,audio/music/CREDITS.md
audio/music/CREDITS.md,other,audio,3989,6580dec8073918eee519deecc19ff1e765bea7b83d68d0ad4b7babc7474b060f,retain,Existing racing audio; music is documented as temporary CC0.,See source-specific notices,Historical owner CC0 statement retained; imported metadata and scoped notices recorded separately.,audio/music/CREDITS.md
audio/music/hard_jungle.mp3,music,audio,1920567,41aa903ca2980e427bf7e9b88e17b8f50f876b63d9c896781b2ce4464bd7b769,current,Static reference reachable from main scene; dynamic references require separate verification.,See source-specific notices,Historical owner CC0 statement retained; imported metadata and scoped notices recorded separately.,audio/music/CREDITS.md
audio/music/High Stakes Overdrive.mp3,music,audio,1921403,b0becfa2a8eecb54a6f1c5cba9b3b9c29b62ef00d9b77d9575f418a6ad405f3e,current,Static reference reachable from main scene; dynamic references require separate verification.,See source-specific notices,Historical owner CC0 statement retained; imported metadata and scoped notices recorded separately.,audio/music/CREDITS.md
audio/music/Main Theme - not The Real Thing.mp3,music,audio,2944567,4daa2a0f8afb6c5c29dd67058205245ec942fc4c97d4e0ad351247221aebddb4,retain,Existing racing audio; music is documented as temporary CC0.,See source-specific notices,Historical owner CC0 statement retained; imported metadata and scoped notices recorded separately.,audio/music/CREDITS.md
audio/music/main_theme_menu.ogg,music,audio,4138087,88b8381c72a860bd039c3512e47b48e7b2c007819bca1bcc1f162b105cf979c0,current,Static reference reachable from main scene; dynamic references require separate verification.,See source-specific notices,Historical owner CC0 statement retained; imported metadata and scoped notices recorded separately.,audio/music/CREDITS.md
audio/music/Maximum Velocity.mp3,music,audio,1919313,5bed58819b810c9480a7a52c3a966d1960d88afa780bfc10f69bca535242240d,current,Static reference reachable from main scene; dynamic references require separate verification.,See source-specific notices,Historical owner CC0 statement retained; imported metadata and scoped notices recorded separately.,audio/music/CREDITS.md
audio/music/menu_driving_excitement.ogg,music,audio,1309074,57b3cc0ddadfb6cb29120dd9b58d9a553b3d23b2a80ea8c2220cb9cbfcbaf473,current,Static reference reachable from main scene; dynamic references require separate verification.,See source-specific notices,Historical owner CC0 statement retained; imported metadata and scoped notices recorded separately.,audio/music/CREDITS.md
audio/music/menu_pulsing.mp3,music,audio,2880619,2221bf27ce9732be1bbd50e73e674125e25d22d1759ed75a571f15c6997662cc,current,Static reference reachable from main scene; dynamic references require separate verification.,See source-specific notices,Historical owner CC0 statement retained; imported metadata and scoped notices recorded separately.,audio/music/CREDITS.md
audio/music/Midnight Takeout.mp3,music,audio,1920567,6a3ef2e6cf2f3a8853662a837684efd4996afbb63809f338182518876f277d56,current,Static reference reachable from main scene; dynamic references require separate verification.,See source-specific notices,Historical owner CC0 statement retained; imported metadata and scoped notices recorded separately.,audio/music/CREDITS.md
audio/music/nightmare_driving.mp3,music,audio,1920567,2dca4fc448255d7b50bf332cadfdc64370857894fbd660bcccf0150d0b64401b,current,Static reference reachable from main scene; dynamic references require separate verification.,See source-specific notices,Historical owner CC0 statement retained; imported metadata and scoped notices recorded separately.,audio/music/CREDITS.md
audio/music/opening_theme_mix.ogg,music,audio,4173340,0e200c6ad19d1f33612ae90888b0268bdd54597d28378e4be6a67f3cc2bb0c1e,current,Static reference reachable from main scene; dynamic references require separate verification.,See source-specific notices,Historical owner CC0 statement retained; imported metadata and scoped notices recorded separately.,audio/music/CREDITS.md
audio/music/pure_raceway.ogg,music,audio,2928796,e384208fc0bed123b68fd31e28df2d7bc3e8463551e49d681d700b2c21565e5d,retain,Existing racing audio; music is documented as temporary CC0.,See source-specific notices,Historical owner CC0 statement retained; imported metadata and scoped notices recorded separately.,audio/music/CREDITS.md
audio/music/pure_raceway_final_lap.ogg,music,audio,2589990,00e69714bcf9eb668308cc7f64b6b13e0f47434dd0cc65e5ac8c8a51ccba1331,retain,Existing racing audio; music is documented as temporary CC0.,See source-specific notices,Historical owner CC0 statement retained; imported metadata and scoped notices recorded separately.,audio/music/CREDITS.md
audio/music/race1.ogg,music,audio,1189924,aa938c61aa05a625c6ea948c4b70f9d587aa9ef6ddfa064568a86c67a64a6bc7,current,Static reference reachable from main scene; dynamic references require separate verification.,See source-specific notices,Historical owner CC0 statement retained; imported metadata and scoped notices recorded separately.,audio/music/CREDITS.md
audio/music/Redline Assembly.mp3,music,audio,1921403,7784f115cb7591d14e5e52b6eb719e592844784c1ee7d001451778714f03c2fa,current,Static reference reachable from main scene; dynamic references require separate verification.,See source-specific notices,Historical owner CC0 statement retained; imported metadata and scoped notices recorded separately.,audio/music/CREDITS.md
audio/music/Scrapyard Pursuit.mp3,music,audio,1921403,58b30aded363c9a6fa7b9590940113405aecee9f92f1c93d0a755e286a41429d,current,Static reference reachable from main scene; dynamic references require separate verification.,See source-specific notices,Historical owner CC0 statement retained; imported metadata and scoped notices recorded separately.,audio/music/CREDITS.md
audio/music/Summit Rush.mp3,music,audio,1920567,6c99ac043cde2af2b66ec1c5708d5ebb74ab7620b5e35fb3ebea0d76f589b770,current,Static reference reachable from main scene; dynamic references require separate verification.,See source-specific notices,Historical owner CC0 statement retained; imported metadata and scoped notices recorded separately.,audio/music/CREDITS.md
audio/music/Toybox Turbo.mp3,music,audio,1921403,9ca156ffe38260be29bc88ae4bd3a9625771bc18def217eb80b19608764308a2,current,Static reference reachable from main scene; dynamic references require separate verification.,See source-specific notices,Historical owner CC0 statement retained; imported metadata and scoped notices recorded separately.,audio/music/CREDITS.md
audio/music/Wake Velocity.mp3,music,audio,1921403,f99d101b87ce1073b2a6131a0d144c9538a40b7dea0b9747549ddf325596d4b4,current,Static reference reachable from main scene; dynamic references require separate verification.,See source-specific notices,Historical owner CC0 statement retained; imported metadata and scoped notices recorded separately.,audio/music/CREDITS.md
audio/sfx/opening_thud.wav,sounds,audio,101472,ecb0255a42890d231327d1b969c68dafd41a2a4e35dbf6aa8676b07cd61e02dd,current,Static reference reachable from main scene; dynamic references require separate verification.,See source-specific notices,Historical owner CC0 statement retained; imported metadata and scoped notices recorded separately.,No scoped local notice found; see docs/credits.md and preserved source-pack notices.
audio/skid.ogg,sounds,audio,42919,e62a42c0a4af29ed69b37cfc80d088a6808c59f8f725285ebcc3f409267965a0,retain,Existing racing audio; music is documented as temporary CC0.,See source-specific notices,Historical owner CC0 statement retained; imported metadata and scoped notices recorded separately.,No scoped local notice found; see docs/credits.md and preserved source-pack notices.
car.gd,other,Root files (mixed provenance),9729,7e90bc3e6f15b0309e43b456a677b50dcea33e53fca60d46988b3ee43d3243d4,current,Static reference reachable from main scene; dynamic references require separate verification.,See source-specific notices,Historical owner CC0 statement retained; imported metadata and scoped notices recorded separately.,No scoped local notice found; see docs/credits.md and preserved source-pack notices.
controller.gd,other,Root files (mixed provenance),5546,7c3c3396675f2f512371118419c2f92be54c8f50f79fbeb42052ffe3efec0e1a,current,Static reference reachable from main scene; dynamic references require separate verification.,See source-specific notices,Historical owner CC0 statement retained; imported metadata and scoped notices recorded separately.,No scoped local notice found; see docs/credits.md and preserved source-pack notices.
default_bus_layout.tres,other,Root files (mixed provenance),83,fcbdd76a65bb69eec5853271e425f827723f2645b9a92758058c6e48ab679452,defer,"Imported demo, support resource or legacy file; no new production use established.",See source-specific notices,Historical owner CC0 statement retained; imported metadata and scoped notices recorded separately.,No scoped local notice found; see docs/credits.md and preserved source-pack notices.
environments/ariadne_designs_ai_-_alchemical_lab_skybox_v3.glb,models,environments,8107648,bb17c9bc29c9b702f3de22acd5e543ef2b59b1da3d7ca1772491ff33d86fbdea,retain,"Project course, runtime or authoring resource; static reachability alone cannot prove dynamic use.",See source-specific notices,Historical owner CC0 statement retained; imported metadata and scoped notices recorded separately.,No scoped local notice found; see docs/credits.md and preserved source-pack notices.
environments/ariadne_designs_ai_-_alchemical_lab_skybox_v3_0.png,images,environments,664378,713f8971a1a6d4acdbf4531962eca7c3a036bda847a937b09aa270ee3edc32f1,retain,"Project course, runtime or authoring resource; static reachability alone cannot prove dynamic use.",See source-specific notices,Historical owner CC0 statement retained; imported metadata and scoped notices recorded separately.,No scoped local notice found; see docs/credits.md and preserved source-pack notices.
environments/bedroom/carpet_cruise.tscn,scenes,environments,21909921,68aba499bb4d65bc60faf587b03b484628f5b908e8f4ab44a4562327f4e17881,retain,"Project course, runtime or authoring resource; static reachability alone cannot prove dynamic use.",See source-specific notices,Historical owner CC0 statement retained; imported metadata and scoped notices recorded separately.,No scoped local notice found; see docs/credits.md and preserved source-pack notices.
environments/bedroom/desk_drawer.tscn,scenes,environments,13289489,bf3154b09d58c5d56a0b31e194e7a8c387e5ca039d75bc98a44a0e5338d2971a,current,Static reference reachable from main scene; dynamic references require separate verification.,See source-specific notices,Historical owner CC0 statement retained; imported metadata and scoped notices recorded separately.,No scoped local notice found; see docs/credits.md and preserved source-pack notices.
environments/bedroom/SKYBOX_CREDITS.md,other,environments,832,b516e19249845828c51af77737ffffc113ee358a3e47e001b4aded4906d9bd44,retain,"Project course, runtime or authoring resource; static reachability alone cannot prove dynamic use.",See source-specific notices,Historical owner CC0 statement retained; imported metadata and scoped notices recorded separately.,No scoped local notice found; see docs/credits.md and preserved source-pack notices.
environments/bedroom/stylized_room_panorama.res,other,environments,2097621,ef9f74f9027fcc61c71b82ad7b024be0c6ee8bab1a226f2b147367915d178a69,current,Static reference reachable from main scene; dynamic references require separate verification.,See source-specific notices,Historical owner CC0 statement retained; imported metadata and scoped notices recorded separately.,No scoped local notice found; see docs/credits.md and preserved source-pack notices.
environments/bedroom/toybox_trestle.tscn,scenes,environments,23235485,49a0d584e5abcfe566fec43956448cf90569fb838a034ffa6561cb55707322f8,current,Static reference reachable from main scene; dynamic references require separate verification.,See source-specific notices,Historical owner CC0 statement retained; imported metadata and scoped notices recorded separately.,No scoped local notice found; see docs/credits.md and preserved source-pack notices.
environments/casino/blackjack.tscn,scenes,environments,12102529,1d0a53d2017fe0c831d0f03075e7aa6e9e87c2c2161998c485c6392384667a1e,current,Static reference reachable from main scene; dynamic references require separate verification.,See source-specific notices,Historical owner CC0 statement retained; imported metadata and scoped notices recorded separately.,No scoped local notice found; see docs/credits.md and preserved source-pack notices.
environments/casino/card_bridge.tscn,scenes,environments,14350079,e3024f8badd39b7842432eb55919bb02c929625d3cdd7f9317630b6c8a38ffa3,retain,"Project course, runtime or authoring resource; static reachability alone cannot prove dynamic use.",See source-specific notices,Historical owner CC0 statement retained; imported metadata and scoped notices recorded separately.,No scoped local notice found; see docs/credits.md and preserved source-pack notices.
environments/casino/felt_sprint.tscn,scenes,environments,15735115,1d97599fcc23c0a16e827580dabd1dd9bf15c89560fbb75557d399160bd8e108,current,Static reference reachable from main scene; dynamic references require separate verification.,See source-specific notices,Historical owner CC0 statement retained; imported metadata and scoped notices recorded separately.,No scoped local notice found; see docs/credits.md and preserved source-pack notices.
environments/casino/practice_patch.tscn,scenes,environments,6667791,6ae2e800981b91fff3096b75fc5a16957eb79616f0800946ec0d1968d361a14f,current,Static reference reachable from main scene; dynamic references require separate verification.,See source-specific notices,Historical owner CC0 statement retained; imported metadata and scoped notices recorded separately.,No scoped local notice found; see docs/credits.md and preserved source-pack notices.
environments/casino/roulette_room.tscn,scenes,environments,6950809,6c0f30fd726c3258571ad5cdeedeca9270ed05d541dbabc772b14e9f9177fe60,retain,"Project course, runtime or authoring resource; static reachability alone cannot prove dynamic use.",See source-specific notices,Historical owner CC0 statement retained; imported metadata and scoped notices recorded separately.,No scoped local notice found; see docs/credits.md and preserved source-pack notices.
environments/free_-_skybox_fantasy_town.glb,models,environments,607832,0715ee31d4e46254cdec297f2325e0d508af34e097db2bb9594013dc77dae11e,retain,"Project course, runtime or authoring resource; static reachability alone cannot prove dynamic use.",See source-specific notices,Historical owner CC0 statement retained; imported metadata and scoped notices recorded separately.,No scoped local notice found; see docs/credits.md and preserved source-pack notices.
environments/free_-_skybox_fantasy_town_0.jpg,images,environments,489048,297c35dd0889a471b5aaf921a7df6191a8f437087d0c9efd137db5475ea143b3,retain,"Project course, runtime or authoring resource; static reachability alone cannot prove dynamic use.",See source-specific notices,Historical owner CC0 statement retained; imported metadata and scoped notices recorded separately.,No scoped local notice found; see docs/credits.md and preserved source-pack notices.
environments/kitchen/ASSETS.md,other,environments,818,d728954ef3aeeaae51b8bd5235a6818a35b9e6cbd31bd18adad05d87375f7de8,retain,"Project course, runtime or authoring resource; static reachability alone cannot prove dynamic use.",See source-specific notices,Historical owner CC0 statement retained; imported metadata and scoped notices recorded separately.,No scoped local notice found; see docs/credits.md and preserved source-pack notices.
environments/kitchen/cereal_slalom.tscn,scenes,environments,9378598,dbbc45d89ede9e0cb9f38ed659947c14a65dc2663d23917d12740ab74dfda556,current,Static reference reachable from main scene; dynamic references require separate verification.,See source-specific notices,Historical owner CC0 statement retained; imported metadata and scoped notices recorded separately.,No scoped local notice found; see docs/credits.md and preserved source-pack notices.
environments/kitchen/countertop_table.tscn,scenes,environments,16048346,c3ad231e7150d9e6cc02f0ba9d45f946f114caf258ea8c73927ddb0e18c48929,current,Static reference reachable from main scene; dynamic references require separate verification.,See source-specific notices,Historical owner CC0 statement retained; imported metadata and scoped notices recorded separately.,No scoped local notice found; see docs/credits.md and preserved source-pack notices.
environments/kitchen/plate_rim.tscn,scenes,environments,11618429,b672642b3464bdcb14495016899e478deb10acdf8138882de142df65e9f6d751,current,Static reference reachable from main scene; dynamic references require separate verification.,See source-specific notices,Historical owner CC0 statement retained; imported metadata and scoped notices recorded separately.,No scoped local notice found; see docs/credits.md and preserved source-pack notices.
environments/shared/felt_table.tscn,scenes,environments,3813,c7d8eab3c22c268d4f72ce51bd4d978f5107d02354cce8ffa8980e2482ebd7f5,current,Static reference reachable from main scene; dynamic references require separate verification.,See source-specific notices,Historical owner CC0 statement retained; imported metadata and scoped notices recorded separately.,No scoped local notice found; see docs/credits.md and preserved source-pack notices.
environments/skybox_inside_a_hotel_room_design_for_spatial.io.glb,models,environments,223532,67caa4b6aed6b21ca300169db48233a7128df89bce0a8eacf46a4adc2b152df8,retain,"Project course, runtime or authoring resource; static reachability alone cannot prove dynamic use.",See source-specific notices,Historical owner CC0 statement retained; imported metadata and scoped notices recorded separately.,No scoped local notice found; see docs/credits.md and preserved source-pack notices.
environments/skybox_inside_a_hotel_room_design_for_spatial_0.jpg,images,environments,209680,05b464f26be1c799c20c45eb0d9a9824aa9b000f1c7d810fe7787f8fbb27f9bd,retain,"Project course, runtime or authoring resource; static reachability alone cannot prove dynamic use.",See source-specific notices,Historical owner CC0 statement retained; imported metadata and scoped notices recorded separately.,No scoped local notice found; see docs/credits.md and preserved source-pack notices.
environments/skybox_stylized_room.glb,models,environments,263548,5eeb995843ee793b0d1352d9482c36da06a34b76d73979ef17140cd3514f4583,retain,"Project course, runtime or authoring resource; static reachability alone cannot prove dynamic use.",See source-specific notices,Historical owner CC0 statement retained; imported metadata and scoped notices recorded separately.,No scoped local notice found; see docs/credits.md and preserved source-pack notices.
environments/skybox_stylized_room_0.jpg,images,environments,231621,01f6e3cf1ab17cb55aa677a41d61d014890186e97c4a1e6f48968dbf98c3c773,retain,"Project course, runtime or authoring resource; static reachability alone cannot prove dynamic use.",See source-specific notices,Historical owner CC0 statement retained; imported metadata and scoped notices recorded separately.,No scoped local notice found; see docs/credits.md and preserved source-pack notices.
environments/stylized_desert_skybox.glb,models,environments,176340,9b137ee5f699755be6ddd4423689ca12f9fc7e9419ca3b0fafde7b52f06d879b,retain,"Project course, runtime or authoring resource; static reachability alone cannot prove dynamic use.",See source-specific notices,Historical owner CC0 statement retained; imported metadata and scoped notices recorded separately.,No scoped local notice found; see docs/credits.md and preserved source-pack notices.
environments/stylized_desert_skybox_0.jpg,images,environments,144371,fad9c7b0b8d5b8ad19c8e2289318221452bd31204585b50ee87f027a9ef3fb6b,retain,"Project course, runtime or authoring resource; static reachability alone cannot prove dynamic use.",See source-specific notices,Historical owner CC0 statement retained; imported metadata and scoped notices recorded separately.,No scoped local notice found; see docs/credits.md and preserved source-pack notices.
environments/stylized_desert_skybox_2.glb,models,environments,338080,043ac7e164f225a2c9af19872becc6a28d32368ba7a4fc88f466879e75b58e24,retain,"Project course, runtime or authoring resource; static reachability alone cannot prove dynamic use.",See source-specific notices,Historical owner CC0 statement retained; imported metadata and scoped notices recorded separately.,No scoped local notice found; see docs/credits.md and preserved source-pack notices.
environments/stylized_desert_skybox_2_0.jpg,images,environments,258505,1893c2ff8a2d9f552c5abfbfda2bbbc4a980afc865fa9741e1da21b262b42f61,retain,"Project course, runtime or authoring resource; static reachability alone cannot prove dynamic use.",See source-specific notices,Historical owner CC0 statement retained; imported metadata and scoped notices recorded separately.,No scoped local notice found; see docs/credits.md and preserved source-pack notices.
environments/tabletop/bazaar.tscn,scenes,environments,3115491,072c465d19d0271b337869d3e43706a3a528f5e1851ce92b1e4a80faa289f50d,current,Static reference reachable from main scene; dynamic references require separate verification.,See source-specific notices,Historical owner CC0 statement retained; imported metadata and scoped notices recorded separately.,No scoped local notice found; see docs/credits.md and preserved source-pack notices.
environments/tabletop/beach_buggies.tscn,scenes,environments,2414212,6017e510918ed5272ac4031c67be57dd56a5406eadb8ab7994ca9583758a0f89,retain,"Project course, runtime or authoring resource; static reachability alone cannot prove dynamic use.",See source-specific notices,Historical owner CC0 statement retained; imported metadata and scoped notices recorded separately.,No scoped local notice found; see docs/credits.md and preserved source-pack notices.
environments/tabletop/firefly_bbq.tscn,scenes,environments,2323707,3b2354f66da6ed1c35b85de93a28fa7c7c4707fc887cb07756b65db883a26d73,current,Static reference reachable from main scene; dynamic references require separate verification.,See source-specific notices,Historical owner CC0 statement retained; imported metadata and scoped notices recorded separately.,No scoped local notice found; see docs/credits.md and preserved source-pack notices.
environments/tabletop/moonlight_junk_heap.tscn,scenes,environments,2924280,6314ec094c39c4eae2e34d0f93b792f0ab920e2bda534238fb6ae2d95437ce51,current,Static reference reachable from main scene; dynamic references require separate verification.,See source-specific notices,Historical owner CC0 statement retained; imported metadata and scoped notices recorded separately.,No scoped local notice found; see docs/credits.md and preserved source-pack notices.
environments/tabletop/mount_rainier.tscn,scenes,environments,18374262,7299358daebf9fb3ecafb58461f89f5ea3e9b3c9d087687186ddf1113b6c6e71,current,Static reference reachable from main scene; dynamic references require separate verification.,See source-specific notices,Historical owner CC0 statement retained; imported metadata and scoped notices recorded separately.,No scoped local notice found; see docs/credits.md and preserved source-pack notices.
environments/tabletop/nighttime_noodles.tscn,scenes,environments,3703471,d262570c45d658475d1b7b2dfc0f1720f1fd0703f3693ae322f5d7ab7e4349a9,current,Static reference reachable from main scene; dynamic references require separate verification.,See source-specific notices,Historical owner CC0 statement retained; imported metadata and scoped notices recorded separately.,No scoped local notice found; see docs/credits.md and preserved source-pack notices.
environments/tabletop/rusty_nuts_workshop.tscn,scenes,environments,3753460,cdaa573fff915e5e8ab91afc4fd1e2cab6e24660d04add986b2eca7ad78ab0f4,current,Static reference reachable from main scene; dynamic references require separate verification.,See source-specific notices,Historical owner CC0 statement retained; imported metadata and scoped notices recorded separately.,No scoped local notice found; see docs/credits.md and preserved source-pack notices.
environments/tabletop/topspeed_oval.tscn,scenes,environments,13451516,e618c22ccb872fafbeed8464235f26c0badfb838b3a58f28cc93d0d6e35625f7,current,Static reference reachable from main scene; dynamic references require separate verification.,See source-specific notices,Historical owner CC0 statement retained; imported metadata and scoped notices recorded separately.,No scoped local notice found; see docs/credits.md and preserved source-pack notices.
environments/tabletop/town_square.tscn,scenes,environments,2966511,5889a3c0d838659ea421f33674d8f5f1550847f73609d0d8807dd681111143e8,current,Static reference reachable from main scene; dynamic references require separate verification.,See source-specific notices,Historical owner CC0 statement retained; imported metadata and scoped notices recorded separately.,No scoped local notice found; see docs/credits.md and preserved source-pack notices.
environments/tabletop/toys_r_asleep.tscn,scenes,environments,3008364,53a2c00e6cc8f45891e6577f3d9c79cd4ff72c41e1ca3a86f7c17d3f885c6c69,current,Static reference reachable from main scene; dynamic references require separate verification.,See source-specific notices,Historical owner CC0 statement retained; imported metadata and scoped notices recorded separately.,No scoped local notice found; see docs/credits.md and preserved source-pack notices.
environments/tabletop/toys_r_you.tscn,scenes,environments,2577724,e80b66f46bda3c1901b6faee0b3db6eb2a00c218accc89f4803502840b6aeefb,current,Static reference reachable from main scene; dynamic references require separate verification.,See source-specific notices,Historical owner CC0 statement retained; imported metadata and scoped notices recorded separately.,No scoped local notice found; see docs/credits.md and preserved source-pack notices.
export_presets.cfg,other,Root files (mixed provenance),1173,d1c4377a2a039014b1cfd5927d366a1043198ca1c1ce3851c6a630db569ed1f1,defer,"Imported demo, support resource or legacy file; no new production use established.",See source-specific notices,Historical owner CC0 statement retained; imported metadata and scoped notices recorded separately.,No scoped local notice found; see docs/credits.md and preserved source-pack notices.
flame.gd,other,Root files (mixed provenance),253,1b27762e1e781b3b18beb2fa60df8cd90fe0c2e1c3c9cbd30fb1c6ee2b96739f,current,Static reference reachable from main scene; dynamic references require separate verification.,See source-specific notices,Historical owner CC0 statement retained; imported metadata and scoped notices recorded separately.,No scoped local notice found; see docs/credits.md and preserved source-pack notices.
icon.png,images,Root files (mixed provenance),6051,d5563c5c53c500c3211b8de5b6e8b8a382509cd072e4456b3923ba12263bfb8d,defer,"Imported demo, support resource or legacy file; no new production use established.",See source-specific notices,Historical owner CC0 statement retained; imported metadata and scoped notices recorded separately.,No scoped local notice found; see docs/credits.md and preserved source-pack notices.
icon.svg,images,Root files (mixed provenance),995,6c80384360a5b269d1054bfb27241258154e2cc8167c522016fdc1820e84e0f8,defer,"Imported demo, support resource or legacy file; no new production use established.",See source-specific notices,Historical owner CC0 statement retained; imported metadata and scoped notices recorded separately.,No scoped local notice found; see docs/credits.md and preserved source-pack notices.
LICENSE,other,Root files (mixed provenance),8262,f0190ae5ec438fe446d1051a6064d5569a2eb15c492fb3ab730793bbfbb1777b,defer,"Imported demo, support resource or legacy file; no new production use established.",See source-specific notices,Historical owner CC0 statement retained; imported metadata and scoped notices recorded separately.,No scoped local notice found; see docs/credits.md and preserved source-pack notices.
main.tscn,scenes,Root files (mixed provenance),40329,89be2373ad9ee912352738aa3b16345c9adf9ce27cff10b25417c03c522eec7c,current,Static reference reachable from main scene; dynamic references require separate verification.,See source-specific notices,Historical owner CC0 statement retained; imported metadata and scoped notices recorded separately.,No scoped local notice found; see docs/credits.md and preserved source-pack notices.
minimap.gd,other,Root files (mixed provenance),1192,38556ba061312851150f5fe093140a982172113474b1b5099eb7d3c5f7bedb1d,current,Static reference reachable from main scene; dynamic references require separate verification.,See source-specific notices,Historical owner CC0 statement retained; imported metadata and scoped notices recorded separately.,No scoped local notice found; see docs/credits.md and preserved source-pack notices.
project.godot,other,Root files (mixed provenance),6226,ea536202a20493b0c2bcecc78db0494f965f5b8f1a754af4f84740484bf766ea,defer,"Imported demo, support resource or legacy file; no new production use established.",See source-specific notices,Historical owner CC0 statement retained; imported metadata and scoped notices recorded separately.,No scoped local notice found; see docs/credits.md and preserved source-pack notices.
race.gd,other,Root files (mixed provenance),14821,3fb5c9cd669404778d6ba5e361cbb40d59796954d7789ad43da3f8ca25c9914b,current,Static reference reachable from main scene; dynamic references require separate verification.,See source-specific notices,Historical owner CC0 statement retained; imported metadata and scoped notices recorded separately.,No scoped local notice found; see docs/credits.md and preserved source-pack notices.
race_particles.gd,other,Root files (mixed provenance),3293,963bcc35ff40f7df2979ef7a4c39f55bf5ba906d0911ceaec03cada3e3bef991,current,Static reference reachable from main scene; dynamic references require separate verification.,See source-specific notices,Historical owner CC0 statement retained; imported metadata and scoped notices recorded separately.,No scoped local notice found; see docs/credits.md and preserved source-pack notices.
README.md,other,Root files (mixed provenance),3300,73f3f06104beeef13ded7052ce10eb3de6b71e509cb3f9ee3b204b7fa6010e87,defer,"Imported demo, support resource or legacy file; no new production use established.",See source-specific notices,Historical owner CC0 statement retained; imported metadata and scoped notices recorded separately.,No scoped local notice found; see docs/credits.md and preserved source-pack notices.
room_track.gd,other,Root files (mixed provenance),6975,c127bedb3c32c2295baf25ffad1a4505e066b4398cec979461e90e1791b8e420,current,Static reference reachable from main scene; dynamic references require separate verification.,See source-specific notices,Historical owner CC0 statement retained; imported metadata and scoped notices recorded separately.,No scoped local notice found; see docs/credits.md and preserved source-pack notices.
scenes/app.tscn,scenes,scenes,514,84cc09652284ccd7f00ce4c0908729d5167398c17a11bdf2e45c6078e92fe48b,current,Static reference reachable from main scene; dynamic references require separate verification.,See source-specific notices,Historical owner CC0 statement retained; imported metadata and scoped notices recorded separately.,No scoped local notice found; see docs/credits.md and preserved source-pack notices.
scenes/race/race.tscn,scenes,scenes,108882,0bd8a287b51f8da2f822149b4ca04af497bec7aab2edd08b22ef5566ad2b02a2,current,Static reference reachable from main scene; dynamic references require separate verification.,See source-specific notices,Historical owner CC0 statement retained; imported metadata and scoped notices recorded separately.,No scoped local notice found; see docs/credits.md and preserved source-pack notices.
scenes/vehicles/arcade_car.tscn,scenes,scenes,14067,43fe35c84c2fc2a719e1d6e38b4b02a7cb3c0ce2a4001e6050adf390954b6ed5,current,Static reference reachable from main scene; dynamic references require separate verification.,See source-specific notices,Historical owner CC0 statement retained; imported metadata and scoped notices recorded separately.,No scoped local notice found; see docs/credits.md and preserved source-pack notices.
scenes/vehicles/buggy_2.tscn,scenes,scenes,14101,d4295974d0d854c0aa450926c7114dcf2d54b0617ac27dad13716642bad4205a,current,Static reference reachable from main scene; dynamic references require separate verification.,See source-specific notices,Historical owner CC0 statement retained; imported metadata and scoped notices recorded separately.,No scoped local notice found; see docs/credits.md and preserved source-pack notices.
scenes/vehicles/buggy_3.tscn,scenes,scenes,14101,00e4bfc07beeba3f3b7280a33a3fb210accf0be4e394310ae4aa65ab07640493,current,Static reference reachable from main scene; dynamic references require separate verification.,See source-specific notices,Historical owner CC0 statement retained; imported metadata and scoped notices recorded separately.,No scoped local notice found; see docs/credits.md and preserved source-pack notices.
scenes/vehicles/buggy_4.tscn,scenes,scenes,14117,9ce34504b77b50d70f13beccfe44dc6178e49b40ce88f7e571f71a1f95c06615,current,Static reference reachable from main scene; dynamic references require separate verification.,See source-specific notices,Historical owner CC0 statement retained; imported metadata and scoped notices recorded separately.,No scoped local notice found; see docs/credits.md and preserved source-pack notices.
scenes/vehicles/buggy_definition.tres,other,scenes,336,f2a8cb317f9002aeaac6f733df6c3922fdd85eb7f0560a9d4fa517a74f775d94,current,Static reference reachable from main scene; dynamic references require separate verification.,See source-specific notices,Historical owner CC0 statement retained; imported metadata and scoped notices recorded separately.,No scoped local notice found; see docs/credits.md and preserved source-pack notices.
scenes/vehicles/drift_car_definition.tres,other,scenes,628,245d130aec0013921da98b4bebfed205964b04b707bfa7282a68088d32c22ff9,defer,"Imported demo, support resource or legacy file; no new production use established.",See source-specific notices,Historical owner CC0 statement retained; imported metadata and scoped notices recorded separately.,No scoped local notice found; see docs/credits.md and preserved source-pack notices.
scenes/vehicles/monster_truck_definition.tres,other,scenes,635,ca676917f02c38b43c3c69ce22250f3ec8b476ea468e834ed5463b0cf8f16e1f,defer,"Imported demo, support resource or legacy file; no new production use established.",See source-specific notices,Historical owner CC0 statement retained; imported metadata and scoped notices recorded separately.,No scoped local notice found; see docs/credits.md and preserved source-pack notices.
scenes/vehicles/racing_car_definition.tres,other,scenes,630,283af0f3c74805f3f739c0d0eaad5da72305b6243cffa41f76a38c5a3b4b3085,defer,"Imported demo, support resource or legacy file; no new production use established.",See source-specific notices,Historical owner CC0 statement retained; imported metadata and scoped notices recorded separately.,No scoped local notice found; see docs/credits.md and preserved source-pack notices.
scenes/vehicles/speedboat_definition.tres,other,scenes,475,f0dfd43a6343d3f3705c9743943bd1a934c3545a65e0f94a8264e49f95c4d45f,defer,"Imported demo, support resource or legacy file; no new production use established.",See source-specific notices,Historical owner CC0 statement retained; imported metadata and scoped notices recorded separately.,No scoped local notice found; see docs/credits.md and preserved source-pack notices.
scripts/app.gd,other,scripts,842,ce1edc8d3abdabba0bb56782fe51f0c8b771c41f5d2ac0fc963bd957ea26df95,current,Static reference reachable from main scene; dynamic references require separate verification.,See source-specific notices,Historical owner CC0 statement retained; imported metadata and scoped notices recorded separately.,No scoped local notice found; see docs/credits.md and preserved source-pack notices.
scripts/profile_store.gd,other,scripts,16950,603d46d6407dfccefeb3ff73be8086b153a3bc12b1c4eeef9d78d9da731f0fd3,current,Static reference reachable from main scene; dynamic references require separate verification.,See source-specific notices,Historical owner CC0 statement retained; imported metadata and scoped notices recorded separately.,No scoped local notice found; see docs/credits.md and preserved source-pack notices.
scripts/profiles/character_catalog.gd,other,scripts,1700,4fce0d4d5d5ca342177193baba0c181da665843fcdbe555fc11a804efb327fef,current,Static reference reachable from main scene; dynamic references require separate verification.,See source-specific notices,Historical owner CC0 statement retained; imported metadata and scoped notices recorded separately.,No scoped local notice found; see docs/credits.md and preserved source-pack notices.
scripts/profiles/driver_stats_page.gd,other,scripts,2986,3deb0388ee00501967ef04ac9ea00f16cb591223c42ee243647aaa7250fca248,current,Static reference reachable from main scene; dynamic references require separate verification.,See source-specific notices,Historical owner CC0 statement retained; imported metadata and scoped notices recorded separately.,No scoped local notice found; see docs/credits.md and preserved source-pack notices.
scripts/profiles/gamepad_name_keyboard.gd,other,scripts,3268,9b32739686ec8e16f3823c620935b3265a2a95400dd52c65f216d3b58cc79444,current,Static reference reachable from main scene; dynamic references require separate verification.,See source-specific notices,Historical owner CC0 statement retained; imported metadata and scoped notices recorded separately.,No scoped local notice found; see docs/credits.md and preserved source-pack notices.
scripts/profiles/machine_settings.gd,other,scripts,832,fbcf2846fcecf2075577c01204ee259c3067f2066bfb00eb67006afe624205b0,current,Static reference reachable from main scene; dynamic references require separate verification.,See source-specific notices,Historical owner CC0 statement retained; imported metadata and scoped notices recorded separately.,No scoped local notice found; see docs/credits.md and preserved source-pack notices.
scripts/profiles/profile_directory.gd,other,scripts,8061,d628a3145b931716bb3a24d3cc40fa7336b865ac5a7fbdcb358e063b4d837f55,current,Static reference reachable from main scene; dynamic references require separate verification.,See source-specific notices,Historical owner CC0 statement retained; imported metadata and scoped notices recorded separately.,No scoped local notice found; see docs/credits.md and preserved source-pack notices.
scripts/profiles/profile_menu.gd,other,scripts,7391,79487be6a9d0606d6010c26d67f4154f868225a265ea860a039b75d57fd407ad,current,Static reference reachable from main scene; dynamic references require separate verification.,See source-specific notices,Historical owner CC0 statement retained; imported metadata and scoped notices recorded separately.,No scoped local notice found; see docs/credits.md and preserved source-pack notices.
scripts/race/arcade_menu_flow.gd,other,scripts,19592,673b31fee4947ac3120415730f19ee58bfc1da3e6085be8d21505b3dc26b09f3,current,Static reference reachable from main scene; dynamic references require separate verification.,See source-specific notices,Historical owner CC0 statement retained; imported metadata and scoped notices recorded separately.,No scoped local notice found; see docs/credits.md and preserved source-pack notices.
scripts/race/arcade_podium.gd,other,scripts,2497,3adae57f20f5dbf371c5792a6377f6c18f105b479da8f131684d0fcbf042b1df,current,Static reference reachable from main scene; dynamic references require separate verification.,See source-specific notices,Historical owner CC0 statement retained; imported metadata and scoped notices recorded separately.,No scoped local notice found; see docs/credits.md and preserved source-pack notices.
scripts/race/arcade_presentation.gd,other,scripts,18296,8c18029eb8be9e0212a6ba17370303853ecb61dedc3c90a087e6348b83577805,current,Static reference reachable from main scene; dynamic references require separate verification.,See source-specific notices,Historical owner CC0 statement retained; imported metadata and scoped notices recorded separately.,No scoped local notice found; see docs/credits.md and preserved source-pack notices.
scripts/race/asset_credits.gd,other,scripts,6282,1ae0f82130e6641659612c28ea6024253026102a7a47de3dae0deb0dcdf254f3,current,Static reference reachable from main scene; dynamic references require separate verification.,See source-specific notices,Historical owner CC0 statement retained; imported metadata and scoped notices recorded separately.,No scoped local notice found; see docs/credits.md and preserved source-pack notices.
scripts/race/challenge_controller.gd,other,scripts,3789,0d49c521edf38b503ad8c1e66d4904c4f4c637b2bc5b2ddc21c255e4e1146054,current,Static reference reachable from main scene; dynamic references require separate verification.,See source-specific notices,Historical owner CC0 statement retained; imported metadata and scoped notices recorded separately.,No scoped local notice found; see docs/credits.md and preserved source-pack notices.
scripts/race/challenge_roadmap.gd,other,scripts,4722,e05e4b723cff2a30f6b6776e926552b8427dd3c953cfc651382696ce00d56d24,current,Static reference reachable from main scene; dynamic references require separate verification.,See source-specific notices,Historical owner CC0 statement retained; imported metadata and scoped notices recorded separately.,No scoped local notice found; see docs/credits.md and preserved source-pack notices.
scripts/race/challenge_rules.gd,other,scripts,3941,d2d78018b7189a7854a8b4591c9cbc8a919a27e48d40ad8d369b917e38794010,current,Static reference reachable from main scene; dynamic references require separate verification.,See source-specific notices,Historical owner CC0 statement retained; imported metadata and scoped notices recorded separately.,No scoped local notice found; see docs/credits.md and preserved source-pack notices.
scripts/race/controls_setup.gd,other,scripts,8928,22384783dbddf60523037ec4e456237a4468013148c7602155d36e3b228578b5,current,Static reference reachable from main scene; dynamic references require separate verification.,See source-specific notices,Historical owner CC0 statement retained; imported metadata and scoped notices recorded separately.,No scoped local notice found; see docs/credits.md and preserved source-pack notices.
scripts/race/course_soundtrack.gd,other,scripts,1208,c0ea07e27f645ed6ec558597548aaf3bf25b34bf87fbed258f165168cbd173c4,current,Static reference reachable from main scene; dynamic references require separate verification.,See source-specific notices,Historical owner CC0 statement retained; imported metadata and scoped notices recorded separately.,No scoped local notice found; see docs/credits.md and preserved source-pack notices.
scripts/race/cup_rules.gd,other,scripts,2717,ba4c744d0287e4ab7d9dccdeba63172e481cb5382f113b15a1a6434fe42d62f4,current,Static reference reachable from main scene; dynamic references require separate verification.,See source-specific notices,Historical owner CC0 statement retained; imported metadata and scoped notices recorded separately.,No scoped local notice found; see docs/credits.md and preserved source-pack notices.
scripts/race/developer_menu.gd,other,scripts,12884,9f99a7cb04b1ca2d3f421aad61463d1750ea4c859b1c5a1aa0f7ee9b7cfecdb4,current,Static reference reachable from main scene; dynamic references require separate verification.,See source-specific notices,Historical owner CC0 statement retained; imported metadata and scoped notices recorded separately.,No scoped local notice found; see docs/credits.md and preserved source-pack notices.
scripts/race/drift_controller.gd,other,scripts,4238,81947d1f8cc87bab1acca3f1d77e7cbab6b57b96562bbfac46238f126d8da908,current,Static reference reachable from main scene; dynamic references require separate verification.,See source-specific notices,Historical owner CC0 statement retained; imported metadata and scoped notices recorded separately.,No scoped local notice found; see docs/credits.md and preserved source-pack notices.
scripts/race/drift_rules.gd,other,scripts,2789,c50fd6f8be0d52c416450b4e01bd794030bb721fca94eb7a193ba6a49caad622,current,Static reference reachable from main scene; dynamic references require separate verification.,See source-specific notices,Historical owner CC0 statement retained; imported metadata and scoped notices recorded separately.,No scoped local notice found; see docs/credits.md and preserved source-pack notices.
scripts/race/elimination_rules.gd,other,scripts,1898,c6d4d682f23a5a983255f53db078b358242d68287af9f688432f7e31180e9963,current,Static reference reachable from main scene; dynamic references require separate verification.,See source-specific notices,Historical owner CC0 statement retained; imported metadata and scoped notices recorded separately.,No scoped local notice found; see docs/credits.md and preserved source-pack notices.
scripts/race/game_brand.gd,other,scripts,814,48424f1654795404aa5721f154ca65911a5e3417ea5783f817233b614a21b7fc,current,Static reference reachable from main scene; dynamic references require separate verification.,See source-specific notices,Historical owner CC0 statement retained; imported metadata and scoped notices recorded separately.,No scoped local notice found; see docs/credits.md and preserved source-pack notices.
scripts/race/menu_course_flyover.gd,other,scripts,1864,76d64e54b455cb7af497cf71b7e2532110a0bbf23eac4b695a4da9f77f6a48ec,current,Static reference reachable from main scene; dynamic references require separate verification.,See source-specific notices,Historical owner CC0 statement retained; imported metadata and scoped notices recorded separately.,No scoped local notice found; see docs/credits.md and preserved source-pack notices.
scripts/race/menu_navigation.gd,other,scripts,4396,3e4496df9152a834e6272c171001684e642cf6eddeb21e604faf64e3adf87c0a,current,Static reference reachable from main scene; dynamic references require separate verification.,See source-specific notices,Historical owner CC0 statement retained; imported metadata and scoped notices recorded separately.,No scoped local notice found; see docs/credits.md and preserved source-pack notices.
scripts/race/menu_vehicle_rotation.gd,other,scripts,1685,23ab77326ce34d761c9a5d182f9645b47f66b2b5860113722047644fdc3b0ec2,current,Static reference reachable from main scene; dynamic references require separate verification.,See source-specific notices,Historical owner CC0 statement retained; imported metadata and scoped notices recorded separately.,No scoped local notice found; see docs/credits.md and preserved source-pack notices.
scripts/race/opening_sequence.gd,other,scripts,11433,7783c1176acf0a4cc517d9d97218d2a0db3659e0af2a5949fab2b50d6dec8b45,current,Static reference reachable from main scene; dynamic references require separate verification.,See source-specific notices,Historical owner CC0 statement retained; imported metadata and scoped notices recorded separately.,No scoped local notice found; see docs/credits.md and preserved source-pack notices.
scripts/race/owner_benchmark.gd,other,scripts,4183,71aa6581484df518e87b633e3c394fb1efe04bbcbab6784ad6e08a518e5477ca,current,Static reference reachable from main scene; dynamic references require separate verification.,See source-specific notices,Historical owner CC0 statement retained; imported metadata and scoped notices recorded separately.,No scoped local notice found; see docs/credits.md and preserved source-pack notices.
scripts/race/owner_benchmark_rules.gd,other,scripts,2357,a09a2dfd2d1bf4eb059ce91143d201a9ac1598c02dffec16453abbdd87f379d0,current,Static reference reachable from main scene; dynamic references require separate verification.,See source-specific notices,Historical owner CC0 statement retained; imported metadata and scoped notices recorded separately.,No scoped local notice found; see docs/credits.md and preserved source-pack notices.
scripts/race/player_stats_menu.gd,other,scripts,8295,6e5c63f4bfe97e27718328a86c3e8ad038d894dea34830de267f54cd35e000ea,current,Static reference reachable from main scene; dynamic references require separate verification.,See source-specific notices,Historical owner CC0 statement retained; imported metadata and scoped notices recorded separately.,No scoped local notice found; see docs/credits.md and preserved source-pack notices.
scripts/race/race_camera.gd,other,scripts,8409,e21c31cbcc61b16dc07f0745d9bd441def37f56a570b2ccedb36010b6dec9ab5,current,Static reference reachable from main scene; dynamic references require separate verification.,See source-specific notices,Historical owner CC0 statement retained; imported metadata and scoped notices recorded separately.,No scoped local notice found; see docs/credits.md and preserved source-pack notices.
scripts/race/race_feedback.gd,other,scripts,5590,29a6a37bbfe5d2168906a93e9bce016658d10c44fa408b9d441aed381c3ffea9,current,Static reference reachable from main scene; dynamic references require separate verification.,See source-specific notices,Historical owner CC0 statement retained; imported metadata and scoped notices recorded separately.,No scoped local notice found; see docs/credits.md and preserved source-pack notices.
scripts/race/race_garage.gd,other,scripts,14551,de3f28001f127c1d4ee45030fad585d6d015d91ad67e6d22254fc841ca48db55,current,Static reference reachable from main scene; dynamic references require separate verification.,See source-specific notices,Historical owner CC0 statement retained; imported metadata and scoped notices recorded separately.,No scoped local notice found; see docs/credits.md and preserved source-pack notices.
scripts/race/race_lighting.gd,other,scripts,8378,435347e9f4971e660af5f0630c6ea5f4ff2727bcaa1b177df312b188431017d3,current,Static reference reachable from main scene; dynamic references require separate verification.,See source-specific notices,Historical owner CC0 statement retained; imported metadata and scoped notices recorded separately.,No scoped local notice found; see docs/credits.md and preserved source-pack notices.
scripts/race/race_minimap.gd,other,scripts,2707,c0d5338c208f3b72132f2215b423e41845d39f80a189a44ec0e0d96063fbff22,current,Static reference reachable from main scene; dynamic references require separate verification.,See source-specific notices,Historical owner CC0 statement retained; imported metadata and scoped notices recorded separately.,No scoped local notice found; see docs/credits.md and preserved source-pack notices.
scripts/race/race_presentation.gd,other,scripts,45052,29a4bd679ebf6bb22a4a5318896b2115bdebbd2763b5f604372f87ddce8bd93d,current,Static reference reachable from main scene; dynamic references require separate verification.,See source-specific notices,Historical owner CC0 statement retained; imported metadata and scoped notices recorded separately.,No scoped local notice found; see docs/credits.md and preserved source-pack notices.
scripts/race/race_progress.gd,other,scripts,6993,9f9ce141c2cef362417d2e8996b4bae2547d90d2a703f139ccb3714a31c49041,current,Static reference reachable from main scene; dynamic references require separate verification.,See source-specific notices,Historical owner CC0 statement retained; imported metadata and scoped notices recorded separately.,No scoped local notice found; see docs/credits.md and preserved source-pack notices.
scripts/race/race_recovery.gd,other,scripts,2464,132343c785c268310b75632d23b465e4ed2952854c9b953a71fcd6c053cfb91a,current,Static reference reachable from main scene; dynamic references require separate verification.,See source-specific notices,Historical owner CC0 statement retained; imported metadata and scoped notices recorded separately.,No scoped local notice found; see docs/credits.md and preserved source-pack notices.
scripts/race/race_session.gd,other,scripts,5799,09a9e7c5d4de0ac3df875a3c2a5d21e68a2cbfec23708cacc5a1e80dbb097a3c,current,Static reference reachable from main scene; dynamic references require separate verification.,See source-specific notices,Historical owner CC0 statement retained; imported metadata and scoped notices recorded separately.,No scoped local notice found; see docs/credits.md and preserved source-pack notices.
scripts/race/racer_identity.gd,other,scripts,1947,ab28e61209f3e7217562cedf8c3d85e9e846ecd1aacfa9f48313c105df19374e,current,Static reference reachable from main scene; dynamic references require separate verification.,See source-specific notices,Historical owner CC0 statement retained; imported metadata and scoped notices recorded separately.,No scoped local notice found; see docs/credits.md and preserved source-pack notices.
scripts/race/setup_menu.gd,other,scripts,10002,be3eb6dca6c1872799b026e2d0d54889fc9bbde5441598ad3b76d75b1bac3a74,current,Static reference reachable from main scene; dynamic references require separate verification.,See source-specific notices,Historical owner CC0 statement retained; imported metadata and scoped notices recorded separately.,No scoped local notice found; see docs/credits.md and preserved source-pack notices.
scripts/race/start_lights.gd,other,scripts,1136,3697d393962df1cf6a1e90f6eb017dd5d865caf2727abda3ceeb8c25e18ae65a,current,Static reference reachable from main scene; dynamic references require separate verification.,See source-specific notices,Historical owner CC0 statement retained; imported metadata and scoped notices recorded separately.,No scoped local notice found; see docs/credits.md and preserved source-pack notices.
scripts/race/time_attack_rules.gd,other,scripts,822,6f7b581d99959fa6c4ead6dece8b2a48845f33dc0118758fe076bde99e9c452c,current,Static reference reachable from main scene; dynamic references require separate verification.,See source-specific notices,Historical owner CC0 statement retained; imported metadata and scoped notices recorded separately.,No scoped local notice found; see docs/credits.md and preserved source-pack notices.
scripts/race/time_trial.gd,other,scripts,13635,a11018cc37ce05434092c4c5d09c8e8eea1afec74c2d7eae7fec2c9d7edfc9b9,current,Static reference reachable from main scene; dynamic references require separate verification.,See source-specific notices,Historical owner CC0 statement retained; imported metadata and scoped notices recorded separately.,No scoped local notice found; see docs/credits.md and preserved source-pack notices.
scripts/race/tournament_controller.gd,other,scripts,5409,5058a1822de1b3583420501170b63489f63b7842878ca689f8f1ead381b857ba,current,Static reference reachable from main scene; dynamic references require separate verification.,See source-specific notices,Historical owner CC0 statement retained; imported metadata and scoped notices recorded separately.,No scoped local notice found; see docs/credits.md and preserved source-pack notices.
scripts/race/tournament_rules.gd,other,scripts,4099,4f79629b911de6a774ee9fd2189249fbbd39cd4bbc944835a3a0cf7b17516020,current,Static reference reachable from main scene; dynamic references require separate verification.,See source-specific notices,Historical owner CC0 statement retained; imported metadata and scoped notices recorded separately.,No scoped local notice found; see docs/credits.md and preserved source-pack notices.
scripts/race/victory_celebration.gd,other,scripts,3644,82a7de88c5f54baa2cf8f77e2c6157a9dac79800ce02b079b7a670462105029b,current,Static reference reachable from main scene; dynamic references require separate verification.,See source-specific notices,Historical owner CC0 statement retained; imported metadata and scoped notices recorded separately.,No scoped local notice found; see docs/credits.md and preserved source-pack notices.
scripts/tracks/align_toys_r_you.gd,other,scripts,2009,d89b218317680e9131f3a485eb95a634eb61129c982c3df135302b144baf43a4,retain,"Project course, runtime or authoring resource; static reachability alone cannot prove dynamic use.",See source-specific notices,Historical owner CC0 statement retained; imported metadata and scoped notices recorded separately.,No scoped local notice found; see docs/credits.md and preserved source-pack notices.
scripts/tracks/audit_tabletop.gd,other,scripts,973,17f19e973bb9e8ac51c97cb1090c98b34cdcdf2a38f565f44664ed9edd379697,retain,"Project course, runtime or authoring resource; static reachability alone cannot prove dynamic use.",See source-specific notices,Historical owner CC0 statement retained; imported metadata and scoped notices recorded separately.,No scoped local notice found; see docs/credits.md and preserved source-pack notices.
scripts/tracks/author_arcade_font.gd,other,scripts,4411,f1182220f9f893b72fa4a78b3d88a088952b1170a30c007818da776921cd41f9,retain,"Project course, runtime or authoring resource; static reachability alone cannot prove dynamic use.",See source-specific notices,Historical owner CC0 statement retained; imported metadata and scoped notices recorded separately.,No scoped local notice found; see docs/credits.md and preserved source-pack notices.
scripts/tracks/author_beach_buggies.gd,other,scripts,143,4db14b42d1efbb0c18834f02af4d1eb96b9adcbee31f7e96b1ed6e0dbc440c9e,retain,"Project course, runtime or authoring resource; static reachability alone cannot prove dynamic use.",See source-specific notices,Historical owner CC0 statement retained; imported metadata and scoped notices recorded separately.,No scoped local notice found; see docs/credits.md and preserved source-pack notices.
scripts/tracks/author_blackjack_course.gd,other,scripts,4304,d0a6faf54012cf9a38f0197014756e9338bc68b16a9ba465a3f563f84b61b670,retain,"Project course, runtime or authoring resource; static reachability alone cannot prove dynamic use.",See source-specific notices,Historical owner CC0 statement retained; imported metadata and scoped notices recorded separately.,No scoped local notice found; see docs/credits.md and preserved source-pack notices.
scripts/tracks/author_card_bridge.gd,other,scripts,6831,1efc9ec542e34addb70c30a365c993eda5070fda24c646166272cc3dde5a9a7f,retain,"Project course, runtime or authoring resource; static reachability alone cannot prove dynamic use.",See source-specific notices,Historical owner CC0 statement retained; imported metadata and scoped notices recorded separately.,No scoped local notice found; see docs/credits.md and preserved source-pack notices.
scripts/tracks/author_carpet.gd,other,scripts,2213,ff18f14a6455be088989a06956466ebcf852a49ceb3b8621642b42ddea06d30d,retain,"Project course, runtime or authoring resource; static reachability alone cannot prove dynamic use.",See source-specific notices,Historical owner CC0 statement retained; imported metadata and scoped notices recorded separately.,No scoped local notice found; see docs/credits.md and preserved source-pack notices.
scripts/tracks/author_countertop.gd,other,scripts,5565,11146536de09944dde283574cede9d52881c13e3e0555bdc90bce13a3340a3ff,current,Static reference reachable from main scene; dynamic references require separate verification.,See source-specific notices,Historical owner CC0 statement retained; imported metadata and scoped notices recorded separately.,No scoped local notice found; see docs/credits.md and preserved source-pack notices.
scripts/tracks/author_desk.gd,other,scripts,6872,2bad435c9a8cebedde7b4f9dd27d2782e0183336b4a80dff6c1e281ad4cb6cf3,current,Static reference reachable from main scene; dynamic references require separate verification.,See source-specific notices,Historical owner CC0 statement retained; imported metadata and scoped notices recorded separately.,No scoped local notice found; see docs/credits.md and preserved source-pack notices.
scripts/tracks/author_firefly_bbq.gd,other,scripts,141,ed93ba31e87f2917ad71ae83fb9a4ef5730e95f68b8696e7d41d47d2b41bd3ce,retain,"Project course, runtime or authoring resource; static reachability alone cannot prove dynamic use.",See source-specific notices,Historical owner CC0 statement retained; imported metadata and scoped notices recorded separately.,No scoped local notice found; see docs/credits.md and preserved source-pack notices.
scripts/tracks/author_intro_courses.gd,other,scripts,5339,e2cf6f928e5a0821622919c4c4d858d75a6fa19a4b00b967f59eb1e5fe9cfbea,current,Static reference reachable from main scene; dynamic references require separate verification.,See source-specific notices,Historical owner CC0 statement retained; imported metadata and scoped notices recorded separately.,No scoped local notice found; see docs/credits.md and preserved source-pack notices.
scripts/tracks/author_moonlight_junk_heap.gd,other,scripts,149,990980a390b1965677c13ae4ea2d410435d89edbb45a4891e5de7ffea7510708,retain,"Project course, runtime or authoring resource; static reachability alone cannot prove dynamic use.",See source-specific notices,Historical owner CC0 statement retained; imported metadata and scoped notices recorded separately.,No scoped local notice found; see docs/credits.md and preserved source-pack notices.
scripts/tracks/author_mount_rainier.gd,other,scripts,1863,14c65f3250a39bcc511c4be783be4bf03b32f6c96ab98c48530a6f220784c591,retain,"Project course, runtime or authoring resource; static reachability alone cannot prove dynamic use.",See source-specific notices,Historical owner CC0 statement retained; imported metadata and scoped notices recorded separately.,No scoped local notice found; see docs/credits.md and preserved source-pack notices.
scripts/tracks/author_nighttime_noodles.gd,other,scripts,147,475e6315961134ef521c460c85e8b20b7505e917f96833f0d3ef66dd2419214d,retain,"Project course, runtime or authoring resource; static reachability alone cannot prove dynamic use.",See source-specific notices,Historical owner CC0 statement retained; imported metadata and scoped notices recorded separately.,No scoped local notice found; see docs/credits.md and preserved source-pack notices.
scripts/tracks/author_plate_rim.gd,other,scripts,4427,f01f838128b9da8dae15ebaedbc4563c733e6a3dd549a3f53544e25e32dbd7fd,current,Static reference reachable from main scene; dynamic references require separate verification.,See source-specific notices,Historical owner CC0 statement retained; imported metadata and scoped notices recorded separately.,No scoped local notice found; see docs/credits.md and preserved source-pack notices.
scripts/tracks/author_roulette.gd,other,scripts,16492,f2490fc6b9dcc706ea2fdbfce5798c5e6af7eb9cf9e9d3be90cd1329120d9e6c,retain,"Project course, runtime or authoring resource; static reachability alone cannot prove dynamic use.",See source-specific notices,Historical owner CC0 statement retained; imported metadata and scoped notices recorded separately.,No scoped local notice found; see docs/credits.md and preserved source-pack notices.
scripts/tracks/author_rusty_nuts_workshop.gd,other,scripts,149,acc0e304cc05e40c8203976766714642d916e687bfc6e8505e21738febceb3b4,retain,"Project course, runtime or authoring resource; static reachability alone cannot prove dynamic use.",See source-specific notices,Historical owner CC0 statement retained; imported metadata and scoped notices recorded separately.,No scoped local notice found; see docs/credits.md and preserved source-pack notices.
scripts/tracks/author_tabletop.gd,other,scripts,6476,9c91a2e0816c0624bb73f5b8dcae924dab9abbc5f37054709043a53fd57c170f,retain,"Project course, runtime or authoring resource; static reachability alone cannot prove dynamic use.",See source-specific notices,Historical owner CC0 statement retained; imported metadata and scoped notices recorded separately.,No scoped local notice found; see docs/credits.md and preserved source-pack notices.
scripts/tracks/author_topspeed_oval.gd,other,scripts,143,36e79835fdfe82b9e9a81974f4f94fe8f69d89fe0c4f412af116413359ed14bc,retain,"Project course, runtime or authoring resource; static reachability alone cannot prove dynamic use.",See source-specific notices,Historical owner CC0 statement retained; imported metadata and scoped notices recorded separately.,No scoped local notice found; see docs/credits.md and preserved source-pack notices.
scripts/tracks/author_toybox.gd,other,scripts,5310,3a0f2dc6d23a2ca9d076ff87d89a213f3f5bde83e66461b431693ff223f15a3e,current,Static reference reachable from main scene; dynamic references require separate verification.,See source-specific notices,Historical owner CC0 statement retained; imported metadata and scoped notices recorded separately.,No scoped local notice found; see docs/credits.md and preserved source-pack notices.
scripts/tracks/author_toys_r_asleep.gd,other,scripts,139,9ecfec27a6dc406d0aec5bc62d9df4be44a098befb27de01c66b011ef3f4f318,retain,"Project course, runtime or authoring resource; static reachability alone cannot prove dynamic use.",See source-specific notices,Historical owner CC0 statement retained; imported metadata and scoped notices recorded separately.,No scoped local notice found; see docs/credits.md and preserved source-pack notices.
scripts/tracks/author_toys_r_you.gd,other,scripts,5777,efbf10d0ddfd8cd4222b90a12806498361b4a7f398405b060eccd22fb41d0c72,retain,"Project course, runtime or authoring resource; static reachability alone cannot prove dynamic use.",See source-specific notices,Historical owner CC0 statement retained; imported metadata and scoped notices recorded separately.,No scoped local notice found; see docs/credits.md and preserved source-pack notices.
scripts/tracks/bedroom_art.gd,other,scripts,4214,172be1d0d6933618eedb79dbed3117712e63e8673532253c1b6cff8d98bf6131,current,Static reference reachable from main scene; dynamic references require separate verification.,See source-specific notices,Historical owner CC0 statement retained; imported metadata and scoped notices recorded separately.,No scoped local notice found; see docs/credits.md and preserved source-pack notices.
scripts/tracks/bedroom_display.gd,other,scripts,1936,489c2f64bc33634ce1d0445f9b493a4614354862e15f62b475eb3a0d8b1ff4df,current,Static reference reachable from main scene; dynamic references require separate verification.,See source-specific notices,Historical owner CC0 statement retained; imported metadata and scoped notices recorded separately.,No scoped local notice found; see docs/credits.md and preserved source-pack notices.
scripts/tracks/blackjack_art.gd,other,scripts,19972,b11802a761aaba4a479e2f2be3a139d2d2a0557af9797f3625c0b690ed8d5a52,current,Static reference reachable from main scene; dynamic references require separate verification.,See source-specific notices,Historical owner CC0 statement retained; imported metadata and scoped notices recorded separately.,No scoped local notice found; see docs/credits.md and preserved source-pack notices.
scripts/tracks/blackjack_surface.gd,other,scripts,795,0f9d5e605d7483f6ada274077d27c8352d50a9985f169893ae087167ead11d0b,current,Static reference reachable from main scene; dynamic references require separate verification.,See source-specific notices,Historical owner CC0 statement retained; imported metadata and scoped notices recorded separately.,No scoped local notice found; see docs/credits.md and preserved source-pack notices.
scripts/tracks/content_catalog.gd,other,scripts,5287,798f1ed9a18ccf535b1be2030dea6d322f776136fa293e36abed5a83031fbe24,current,Static reference reachable from main scene; dynamic references require separate verification.,See source-specific notices,Historical owner CC0 statement retained; imported metadata and scoped notices recorded separately.,No scoped local notice found; see docs/credits.md and preserved source-pack notices.
scripts/tracks/course_capabilities.gd,other,scripts,2061,53a5d5d27ae67aa0a224569098d0738a64c70572e61e58b2652573e5a40d2445,current,Static reference reachable from main scene; dynamic references require separate verification.,See source-specific notices,Historical owner CC0 statement retained; imported metadata and scoped notices recorded separately.,No scoped local notice found; see docs/credits.md and preserved source-pack notices.
scripts/tracks/flat_course_art.gd,other,scripts,3323,7832b114323e16a7eeb1792be2e6073e2b2f04a4e263827aeac165542cb407b0,current,Static reference reachable from main scene; dynamic references require separate verification.,See source-specific notices,Historical owner CC0 statement retained; imported metadata and scoped notices recorded separately.,No scoped local notice found; see docs/credits.md and preserved source-pack notices.
scripts/tracks/imported_checkpoint_flags.gd,other,scripts,5453,53ef68c92c3d1bf525b2c8bade5f71114f2436d0d98c8918d1d6b2d742992730,current,Static reference reachable from main scene; dynamic references require separate verification.,See source-specific notices,Historical owner CC0 statement retained; imported metadata and scoped notices recorded separately.,No scoped local notice found; see docs/credits.md and preserved source-pack notices.
scripts/tracks/kitchen_art.gd,other,scripts,9165,e0db8d78882cd20ff244a496194b665f541dcad5113c9abdd240f331e8b01387,current,Static reference reachable from main scene; dynamic references require separate verification.,See source-specific notices,Historical owner CC0 statement retained; imported metadata and scoped notices recorded separately.,No scoped local notice found; see docs/credits.md and preserved source-pack notices.
scripts/tracks/route_debug_overlay.gd,other,scripts,2084,e33a1f2910f6bbf3c2af30c0ab3aa6bebead3d40daf9d55058f1d63f362a2bbb,current,Static reference reachable from main scene; dynamic references require separate verification.,See source-specific notices,Historical owner CC0 statement retained; imported metadata and scoped notices recorded separately.,No scoped local notice found; see docs/credits.md and preserved source-pack notices.
scripts/tracks/route_section.gd,other,scripts,2254,00a97241bb805c01335557c0c1f0bfea54a1f6d103e7c64f252b74a5b0265032,current,Static reference reachable from main scene; dynamic references require separate verification.,See source-specific notices,Historical owner CC0 statement retained; imported metadata and scoped notices recorded separately.,No scoped local notice found; see docs/credits.md and preserved source-pack notices.
scripts/tracks/scenery_coverage.gd,other,scripts,4129,74d9bb18f90e64852ccf086e05916d2afee46e433e2d88672b062178bdbbadb2,retain,"Project course, runtime or authoring resource; static reachability alone cannot prove dynamic use.",See source-specific notices,Historical owner CC0 statement retained; imported metadata and scoped notices recorded separately.,No scoped local notice found; see docs/credits.md and preserved source-pack notices.
scripts/tracks/selected_course.gd,other,scripts,12013,97f69c1fec22d1abcb2044af9d388971fe497e4223f7d5317740d9d32db83084,current,Static reference reachable from main scene; dynamic references require separate verification.,See source-specific notices,Historical owner CC0 statement retained; imported metadata and scoped notices recorded separately.,No scoped local notice found; see docs/credits.md and preserved source-pack notices.
scripts/tracks/surface_definition.gd,other,scripts,812,fd337c9ed6649fc105ad22926b43c91bb611efb4757e8afd213a271db04c5a16,current,Static reference reachable from main scene; dynamic references require separate verification.,See source-specific notices,Historical owner CC0 statement retained; imported metadata and scoped notices recorded separately.,No scoped local notice found; see docs/credits.md and preserved source-pack notices.
scripts/tracks/track_builder.gd,other,scripts,9084,79dc7eb0bd9638533aa5263f44fc84058977b8adc1614820d882d273081c8e90,current,Static reference reachable from main scene; dynamic references require separate verification.,See source-specific notices,Historical owner CC0 statement retained; imported metadata and scoped notices recorded separately.,No scoped local notice found; see docs/credits.md and preserved source-pack notices.
scripts/tracks/track_definition.gd,other,scripts,326,660fb6b26a5ebe42061ffc94f46c2d1d5baa3fa01b6065d7317825729bdda795,current,Static reference reachable from main scene; dynamic references require separate verification.,See source-specific notices,Historical owner CC0 statement retained; imported metadata and scoped notices recorded separately.,No scoped local notice found; see docs/credits.md and preserved source-pack notices.
scripts/tracks/track_entry.gd,other,scripts,532,b6058722ff88bab31907bb08b43ff3f21a0d48f2af4fba35a059699fbeb8caef,current,Static reference reachable from main scene; dynamic references require separate verification.,See source-specific notices,Historical owner CC0 statement retained; imported metadata and scoped notices recorded separately.,No scoped local notice found; see docs/credits.md and preserved source-pack notices.
scripts/tracks/track_validator.gd,other,scripts,7894,d3f464b3e395b5ad0be1a95118710e457224b9aed6217a476530917d95c23c90,current,Static reference reachable from main scene; dynamic references require separate verification.,See source-specific notices,Historical owner CC0 statement retained; imported metadata and scoped notices recorded separately.,No scoped local notice found; see docs/credits.md and preserved source-pack notices.
scripts/vehicles/ai_driver.gd,other,scripts,8588,c9a95f0a9460987135a9eef76d928a94ced6a1dde290e6bc8aebde354d25b819,current,Static reference reachable from main scene; dynamic references require separate verification.,See source-specific notices,Historical owner CC0 statement retained; imported metadata and scoped notices recorded separately.,No scoped local notice found; see docs/credits.md and preserved source-pack notices.
scripts/vehicles/arcade_car.gd,other,scripts,20753,124cf9b72d95212f9bea40eebd82b07e0c874879a814d26cf1725cee86d9bd40,current,Static reference reachable from main scene; dynamic references require separate verification.,See source-specific notices,Historical owner CC0 statement retained; imported metadata and scoped notices recorded separately.,No scoped local notice found; see docs/credits.md and preserved source-pack notices.
scripts/vehicles/buggy_prototype_motion.gd,other,scripts,3375,fb47c4e96b8a5dded3fb7cdea835a2bb92643989c9836e794c1ce1e0283fc0f8,retain,"Project course, runtime or authoring resource; static reachability alone cannot prove dynamic use.",See source-specific notices,Historical owner CC0 statement retained; imported metadata and scoped notices recorded separately.,No scoped local notice found; see docs/credits.md and preserved source-pack notices.
scripts/vehicles/buggy_visual.gd,other,scripts,3475,e94eb337771681cc40e1be6ce66fa717111bfaee86b6f635fb03c3c932ed7268,retain,"Project course, runtime or authoring resource; static reachability alone cannot prove dynamic use.",See source-specific notices,Historical owner CC0 statement retained; imported metadata and scoped notices recorded separately.,No scoped local notice found; see docs/credits.md and preserved source-pack notices.
scripts/vehicles/buggy_wheel_prototype.gd,other,scripts,1632,879e6dc370ccde7c4eb5f2cfb4598b359afe97f169aad2597541aba0658a7133,retain,"Project course, runtime or authoring resource; static reachability alone cannot prove dynamic use.",See source-specific notices,Historical owner CC0 statement retained; imported metadata and scoped notices recorded separately.,No scoped local notice found; see docs/credits.md and preserved source-pack notices.
scripts/vehicles/class_visual.gd,other,scripts,5974,85dfc290780e3727814081a9535e4f7369464d4b058fd479ff10e7ca16c378b5,current,Static reference reachable from main scene; dynamic references require separate verification.,See source-specific notices,Historical owner CC0 statement retained; imported metadata and scoped notices recorded separately.,No scoped local notice found; see docs/credits.md and preserved source-pack notices.
scripts/vehicles/developer_export.gd,other,scripts,7691,a19ceea613ed29b1ecdf902abf979ab441e687bf35371f2fb3c01257d7c808e1,current,Static reference reachable from main scene; dynamic references require separate verification.,See source-specific notices,Historical owner CC0 statement retained; imported metadata and scoped notices recorded separately.,No scoped local notice found; see docs/credits.md and preserved source-pack notices.
scripts/vehicles/developer_tuning.gd,other,scripts,10437,cee4d7dcd9e4ac1580ec77545067dca56a166ae21c687ec9470e12731931681b,current,Static reference reachable from main scene; dynamic references require separate verification.,See source-specific notices,Historical owner CC0 statement retained; imported metadata and scoped notices recorded separately.,No scoped local notice found; see docs/credits.md and preserved source-pack notices.
scripts/vehicles/imported_visual.gd,other,scripts,6688,a1fcead0d4b35f3890e17a43dffe0a2b7b904880b7d2a62fd2c65380d20a97fc,current,Static reference reachable from main scene; dynamic references require separate verification.,See source-specific notices,Historical owner CC0 statement retained; imported metadata and scoped notices recorded separately.,No scoped local notice found; see docs/credits.md and preserved source-pack notices.
scripts/vehicles/player_input.gd,other,scripts,798,a0d06770092a9880d2d2dba23393da6614c71854c74ec080db31173f717c107c,current,Static reference reachable from main scene; dynamic references require separate verification.,See source-specific notices,Historical owner CC0 statement retained; imported metadata and scoped notices recorded separately.,No scoped local notice found; see docs/credits.md and preserved source-pack notices.
scripts/vehicles/player_stats.gd,other,scripts,2987,ae6bbf98862085501588ac70afbd5e99b6d09e06ef2f8a12d1154ee39f41909d,current,Static reference reachable from main scene; dynamic references require separate verification.,See source-specific notices,Historical owner CC0 statement retained; imported metadata and scoped notices recorded separately.,No scoped local notice found; see docs/credits.md and preserved source-pack notices.
scripts/vehicles/tuning_defaults.gd,other,scripts,212,e8b0a56e6d308346beabf63ed4cf1c21c0fe41510c1c588c2d57791e3a836400,current,Static reference reachable from main scene; dynamic references require separate verification.,See source-specific notices,Historical owner CC0 statement retained; imported metadata and scoped notices recorded separately.,No scoped local notice found; see docs/credits.md and preserved source-pack notices.
scripts/vehicles/tyre_marks.gd,other,scripts,4032,61e4ef7792057c3a3a8a3147e39d841938104dd5a11770ebdd53eb7a4abda00e,current,Static reference reachable from main scene; dynamic references require separate verification.,See source-specific notices,Historical owner CC0 statement retained; imported metadata and scoped notices recorded separately.,No scoped local notice found; see docs/credits.md and preserved source-pack notices.
scripts/vehicles/vehicle_catalog.gd,other,scripts,480,66e822683106c42ab336cd811630b7b4da92c573b7850a5dc78effdacf8b62ab,current,Static reference reachable from main scene; dynamic references require separate verification.,See source-specific notices,Historical owner CC0 statement retained; imported metadata and scoped notices recorded separately.,No scoped local notice found; see docs/credits.md and preserved source-pack notices.
scripts/vehicles/vehicle_definition.gd,other,scripts,1397,ec5bbf13747942b70fc17218c4032257a7db527a745eab2bc6cb7d99a314d5a9,current,Static reference reachable from main scene; dynamic references require separate verification.,See source-specific notices,Historical owner CC0 statement retained; imported metadata and scoped notices recorded separately.,No scoped local notice found; see docs/credits.md and preserved source-pack notices.
scripts/vehicles/vehicle_effects.gd,other,scripts,10529,ada3dc4cd21b5dd666409adeb06731cc104657b4e06038663664f7606d8fb34e,current,Static reference reachable from main scene; dynamic references require separate verification.,See source-specific notices,Historical owner CC0 statement retained; imported metadata and scoped notices recorded separately.,No scoped local notice found; see docs/credits.md and preserved source-pack notices.
scripts/vehicles/vehicle_progression.gd,other,scripts,1380,ce90044a759f0f5602701dcfd4f9e869c6af93d4afd679784b9ad75c54bd24ab,current,Static reference reachable from main scene; dynamic references require separate verification.,See source-specific notices,Historical owner CC0 statement retained; imported metadata and scoped notices recorded separately.,No scoped local notice found; see docs/credits.md and preserved source-pack notices.
scripts/vehicles/vehicle_visual_motion.gd,other,scripts,3956,4a5b9bb9979361f1fc5b3e5fe0335ff89bdec8d9fc718606e41f25fac9f9f1a4,current,Static reference reachable from main scene; dynamic references require separate verification.,See source-specific notices,Historical owner CC0 statement retained; imported metadata and scoped notices recorded separately.,No scoped local notice found; see docs/credits.md and preserved source-pack notices.
showcase_3d.tscn,scenes,Root files (mixed provenance),131265,f1e0818c2f4f362c69764b572920fdd4487a313f76f130bfc4827ad827b474ee,current,Static reference reachable from main scene; dynamic references require separate verification.,See source-specific notices,Historical owner CC0 statement retained; imported metadata and scoped notices recorded separately.,No scoped local notice found; see docs/credits.md and preserved source-pack notices.
showcase_car.gd,other,Root files (mixed provenance),108,ba7abf25271f666fc901705ca31ca1640f4676de91799eed4f8984f8bf79a22d,defer,"Imported demo, support resource or legacy file; no new production use established.",See source-specific notices,Historical owner CC0 statement retained; imported metadata and scoped notices recorded separately.,No scoped local notice found; see docs/credits.md and preserved source-pack notices.
showcase_race.gd,other,Root files (mixed provenance),111,b843ded88d29ab80a1ee774d062697cca37312657b0125b851071877127129ef,defer,"Imported demo, support resource or legacy file; no new production use established.",See source-specific notices,Historical owner CC0 statement retained; imported metadata and scoped notices recorded separately.,No scoped local notice found; see docs/credits.md and preserved source-pack notices.
showcase_track.gd,other,Root files (mixed provenance),14698,98e7d6a9f72a64ec933bbf3218636d19f15997d4f67dbf87166b58aa66f4bb10,current,Static reference reachable from main scene; dynamic references require separate verification.,See source-specific notices,Historical owner CC0 statement retained; imported metadata and scoped notices recorded separately.,No scoped local notice found; see docs/credits.md and preserved source-pack notices.
skids.gd,other,Root files (mixed provenance),1011,017781536929fbe489b57f26d95b55f58240439a92577d2572f7b4b8c76940f7,current,Static reference reachable from main scene; dynamic references require separate verification.,See source-specific notices,Historical owner CC0 statement retained; imported metadata and scoped notices recorded separately.,No scoped local notice found; see docs/credits.md and preserved source-pack notices.
splash-screen.png,images,Root files (mixed provenance),47206,e9c77b962ee6da4f4b0ae709f1db0cc95c47f1f9a0d37dad6b8124f75cf77148,defer,"Imported demo, support resource or legacy file; no new production use established.",See source-specific notices,Historical owner CC0 statement retained; imported metadata and scoped notices recorded separately.,No scoped local notice found; see docs/credits.md and preserved source-pack notices.
tabletop-setup.json,other,Root files (mixed provenance),192942,af3e9f09304e5dd7913a18b00df3a30df3b35a8b359eac09b74cc090bc374ca5,defer,"Imported demo, support resource or legacy file; no new production use established.",See source-specific notices,Historical owner CC0 statement retained; imported metadata and scoped notices recorded separately.,No scoped local notice found; see docs/credits.md and preserved source-pack notices.
track_catalog.gd,other,Root files (mixed provenance),3010,e4a182d7a3e4dca5774852e5a702e9a421d2cd79f821bb680ef18cc90ed9b119,current,Static reference reachable from main scene; dynamic references require separate verification.,See source-specific notices,Historical owner CC0 statement retained; imported metadata and scoped notices recorded separately.,No scoped local notice found; see docs/credits.md and preserved source-pack notices.
tracks/AUTHORING.md,other,tracks,2960,d8f9d168c1e0a4d759c87b52b2d96b5a919b762df8f09a64308d9242f2ae28da,retain,"Project course, runtime or authoring resource; static reachability alone cannot prove dynamic use.",See source-specific notices,Historical owner CC0 statement retained; imported metadata and scoped notices recorded separately.,No scoped local notice found; see docs/credits.md and preserved source-pack notices.
tracks/bazaar/definition.tres,other,tracks,124503,40bae8599e969bdc213483b7f3662ff7c1241fff9ba7cc5b48b2c6163d2da7dc,current,Static reference reachable from main scene; dynamic references require separate verification.,See source-specific notices,Historical owner CC0 statement retained; imported metadata and scoped notices recorded separately.,No scoped local notice found; see docs/credits.md and preserved source-pack notices.
tracks/bazaar/entry.tres,other,tracks,889,e593f30ef706b967262a4337030572498f80c270bf69622e90b96575b88b3ff8,current,Static reference reachable from main scene; dynamic references require separate verification.,See source-specific notices,Historical owner CC0 statement retained; imported metadata and scoped notices recorded separately.,No scoped local notice found; see docs/credits.md and preserved source-pack notices.
tracks/bazaar/measured_route.json,other,tracks,313399,8af3a13009ea9ab35f2acb525c6078c25321f2ab9ab604fbde1d3523718e84b3,retain,"Project course, runtime or authoring resource; static reachability alone cannot prove dynamic use.",See source-specific notices,Historical owner CC0 statement retained; imported metadata and scoped notices recorded separately.,No scoped local notice found; see docs/credits.md and preserved source-pack notices.
tracks/bazaar/measurement_manifest.json,other,tracks,6374,541438f3f1bf0cb693b693efedd76db3da5dd38e01fe60effe2af10accc6dc81,retain,"Project course, runtime or authoring resource; static reachability alone cannot prove dynamic use.",See source-specific notices,Historical owner CC0 statement retained; imported metadata and scoped notices recorded separately.,No scoped local notice found; see docs/credits.md and preserved source-pack notices.
tracks/bazaar/preview.res,other,tracks,256466,c05d973cffc4104fceda3b29e6adcad32448bd6e50cb6fc9c04ea093a1fe838d,current,Static reference reachable from main scene; dynamic references require separate verification.,See source-specific notices,Historical owner CC0 statement retained; imported metadata and scoped notices recorded separately.,No scoped local notice found; see docs/credits.md and preserved source-pack notices.
tracks/bazaar/road_boundaries.json,other,tracks,10703,58c371de584afac2deb92abaf8400e86d7136fccfdd7c6e8ee6d1d861b02140a,retain,"Project course, runtime or authoring resource; static reachability alone cannot prove dynamic use.",See source-specific notices,Historical owner CC0 statement retained; imported metadata and scoped notices recorded separately.,No scoped local notice found; see docs/credits.md and preserved source-pack notices.
tracks/beach_buggies/definition.tres,other,tracks,239408,654e5844b3d7466bd4eabd20b7d2836ec1e795305176936de35b85bb747e87f7,retain,"Project course, runtime or authoring resource; static reachability alone cannot prove dynamic use.",See source-specific notices,Historical owner CC0 statement retained; imported metadata and scoped notices recorded separately.,No scoped local notice found; see docs/credits.md and preserved source-pack notices.
tracks/beach_buggies/entry.tres,other,tracks,943,e1052f331b8aa64e598f1a3f8dff3b67356667c6c997617fc2361e67296bf407,retain,"Project course, runtime or authoring resource; static reachability alone cannot prove dynamic use.",See source-specific notices,Historical owner CC0 statement retained; imported metadata and scoped notices recorded separately.,No scoped local notice found; see docs/credits.md and preserved source-pack notices.
tracks/beach_buggies/measured_route.json,other,tracks,435163,ea97da491c661f46ea2d0faaf225d2fd868049b39b85f8001640fe30a8a03866,retain,"Project course, runtime or authoring resource; static reachability alone cannot prove dynamic use.",See source-specific notices,Historical owner CC0 statement retained; imported metadata and scoped notices recorded separately.,No scoped local notice found; see docs/credits.md and preserved source-pack notices.
tracks/beach_buggies/measurement_manifest.json,other,tracks,5655,ab7dd15bf5c9e014689e6068bf6d3b7bd2f3a22891bcb48daba1d12e954f8f8e,retain,"Project course, runtime or authoring resource; static reachability alone cannot prove dynamic use.",See source-specific notices,Historical owner CC0 statement retained; imported metadata and scoped notices recorded separately.,No scoped local notice found; see docs/credits.md and preserved source-pack notices.
tracks/beach_buggies/preview.res,other,tracks,256466,5e9a65ae65400f16b86cd3a8b0da2f3a7cc20de5afd0edfa9bbd18d7a1b886ad,retain,"Project course, runtime or authoring resource; static reachability alone cannot prove dynamic use.",See source-specific notices,Historical owner CC0 statement retained; imported metadata and scoped notices recorded separately.,No scoped local notice found; see docs/credits.md and preserved source-pack notices.
tracks/catalog.json,other,tracks,518,ae15203414f82eb8db7b2d31e4ae8f7568e150b421ff57ffbf3dd7629dfb3d18,current,Static reference reachable from main scene; dynamic references require separate verification.,See source-specific notices,Historical owner CC0 statement retained; imported metadata and scoped notices recorded separately.,No scoped local notice found; see docs/credits.md and preserved source-pack notices.
tracks/firefly_bbq/definition.tres,other,tracks,219674,8b9ecf3d105b274f5a677cb34dfb0f6bdebe7ee2232e8ad1ca8fa62cd4e4ff7f,current,Static reference reachable from main scene; dynamic references require separate verification.,See source-specific notices,Historical owner CC0 statement retained; imported metadata and scoped notices recorded separately.,No scoped local notice found; see docs/credits.md and preserved source-pack notices.
tracks/firefly_bbq/entry.tres,other,tracks,889,60d32937b85f97634cb4f8d068c9f28412c980795ae5ea374ef078040fcfe8ad,current,Static reference reachable from main scene; dynamic references require separate verification.,See source-specific notices,Historical owner CC0 statement retained; imported metadata and scoped notices recorded separately.,No scoped local notice found; see docs/credits.md and preserved source-pack notices.
tracks/firefly_bbq/measured_route.json,other,tracks,384068,9e819c69be8e3bce30fc8669c8ece97fb13fea43fdbc920794e833d7c105fd3c,retain,"Project course, runtime or authoring resource; static reachability alone cannot prove dynamic use.",See source-specific notices,Historical owner CC0 statement retained; imported metadata and scoped notices recorded separately.,No scoped local notice found; see docs/credits.md and preserved source-pack notices.
tracks/firefly_bbq/measurement_manifest.json,other,tracks,16286,2ab255af52f5b7a45f8b656e94277353e59fdb48618f4bb044542c6f297b6aed,retain,"Project course, runtime or authoring resource; static reachability alone cannot prove dynamic use.",See source-specific notices,Historical owner CC0 statement retained; imported metadata and scoped notices recorded separately.,No scoped local notice found; see docs/credits.md and preserved source-pack notices.
tracks/firefly_bbq/preview.res,other,tracks,256466,4ce4151f78a7c109b596cc6d9320ddc7eb78581e530fbd7a1e9b1ac8175177ee,current,Static reference reachable from main scene; dynamic references require separate verification.,See source-specific notices,Historical owner CC0 statement retained; imported metadata and scoped notices recorded separately.,No scoped local notice found; see docs/credits.md and preserved source-pack notices.
tracks/game_table/definition.tres,other,tracks,8872,5de8e789506edd5debc121dee6f9e3c53ab62bb8897997612c9ab90629b93889,current,Static reference reachable from main scene; dynamic references require separate verification.,See source-specific notices,Historical owner CC0 statement retained; imported metadata and scoped notices recorded separately.,No scoped local notice found; see docs/credits.md and preserved source-pack notices.
tracks/game_table/entry.tres,other,tracks,925,35c9a0d3b90346bdc903bc3d2bdb3eeb06c9e846042c94d6aaa9b001a9808b47,current,Static reference reachable from main scene; dynamic references require separate verification.,See source-specific notices,Historical owner CC0 statement retained; imported metadata and scoped notices recorded separately.,No scoped local notice found; see docs/credits.md and preserved source-pack notices.
tracks/game_table/preview.res,other,tracks,256466,dfaa4557b7069c313ffcd35d5c08788ddfe2233960d1f41b34256d5e5c913f6f,current,Static reference reachable from main scene; dynamic references require separate verification.,See source-specific notices,Historical owner CC0 statement retained; imported metadata and scoped notices recorded separately.,No scoped local notice found; see docs/credits.md and preserved source-pack notices.
tracks/GLB Tracks/033_racetrack.glb,models,tracks,1760440,9dcdddc2036f8435deaf7059953fe3ea4a4fd55836e1861d5babb00322fe8a9d,retain,"Project course, runtime or authoring resource; static reachability alone cannot prove dynamic use.",See source-specific notices,Historical owner CC0 statement retained; imported metadata and scoped notices recorded separately.,No scoped local notice found; see docs/credits.md and preserved source-pack notices.
tracks/GLB Tracks/033_racetrack_0.jpg,images,tracks,124937,f4d7b0ff624e29632a484f65999e703fb30d81a14a54d315d1c40c26b885b636,retain,"Project course, runtime or authoring resource; static reachability alone cannot prove dynamic use.",See source-specific notices,Historical owner CC0 statement retained; imported metadata and scoped notices recorded separately.,No scoped local notice found; see docs/credits.md and preserved source-pack notices.
tracks/GLB Tracks/033_racetrack_1.png,images,tracks,204646,c0639617f2bfd31412ef9ba59913ff2808764a66b934af34234e70a9a8bc8d5d,retain,"Project course, runtime or authoring resource; static reachability alone cannot prove dynamic use.",See source-specific notices,Historical owner CC0 statement retained; imported metadata and scoped notices recorded separately.,No scoped local notice found; see docs/credits.md and preserved source-pack notices.
tracks/GLB Tracks/033_racetrack_2.jpg,images,tracks,1093,683a6ea48b93d07d7674a39acade148d1b077a05a3468bd6454a8976acb29c27,retain,"Project course, runtime or authoring resource; static reachability alone cannot prove dynamic use.",See source-specific notices,Historical owner CC0 statement retained; imported metadata and scoped notices recorded separately.,No scoped local notice found; see docs/credits.md and preserved source-pack notices.
tracks/GLB Tracks/033_racetrack_3.jpg,images,tracks,52987,0fdd3f4c833f0fd430b9e70627a4b7500ce8adebd05cbf009f40c8190cefb1e9,retain,"Project course, runtime or authoring resource; static reachability alone cannot prove dynamic use.",See source-specific notices,Historical owner CC0 statement retained; imported metadata and scoped notices recorded separately.,No scoped local notice found; see docs/credits.md and preserved source-pack notices.
tracks/GLB Tracks/033_racetrack_4.jpg,images,tracks,92780,60cd6eb1cf258c99fb255c50615a181c6fb4ac4f2260e49217b7d5bf2b405a69,retain,"Project course, runtime or authoring resource; static reachability alone cannot prove dynamic use.",See source-specific notices,Historical owner CC0 statement retained; imported metadata and scoped notices recorded separately.,No scoped local notice found; see docs/credits.md and preserved source-pack notices.
tracks/GLB Tracks/033_racetrack_5.png,images,tracks,76688,11d261e2550c7d2ea0b78434d015855a86e228913f2500121900e2acbe063a2b,retain,"Project course, runtime or authoring resource; static reachability alone cannot prove dynamic use.",See source-specific notices,Historical owner CC0 statement retained; imported metadata and scoped notices recorded separately.,No scoped local notice found; see docs/credits.md and preserved source-pack notices.
tracks/GLB Tracks/033_racetrack_6.jpg,images,tracks,99811,cc0d4f8dfb4a2eb1540dd950e7cb54f17bb6ce139b20f93a5cbb9f810b68dbee,retain,"Project course, runtime or authoring resource; static reachability alone cannot prove dynamic use.",See source-specific notices,Historical owner CC0 statement retained; imported metadata and scoped notices recorded separately.,No scoped local notice found; see docs/credits.md and preserved source-pack notices.
tracks/GLB Tracks/3ds_wuhu_loop.glb,models,tracks,1804332,94aae048219c6ccf243eece3e0970ed446e89a4790c5ae0a0479346f37214868,retain,"Project course, runtime or authoring resource; static reachability alone cannot prove dynamic use.",See source-specific notices,Historical owner CC0 statement retained; imported metadata and scoped notices recorded separately.,No scoped local notice found; see docs/credits.md and preserved source-pack notices.
tracks/GLB Tracks/3ds_wuhu_loop_0.png,images,tracks,177,57cf31b9793e8f45165fff9f7f6863012388b1d4c2535495450df343c56e9d12,retain,"Project course, runtime or authoring resource; static reachability alone cannot prove dynamic use.",See source-specific notices,Historical owner CC0 statement retained; imported metadata and scoped notices recorded separately.,No scoped local notice found; see docs/credits.md and preserved source-pack notices.
tracks/GLB Tracks/3ds_wuhu_loop_1.png,images,tracks,256526,eb4e8fe5f5d8cc5b7c10a711cf0b78473dae2990dcdae176b340127162191089,retain,"Project course, runtime or authoring resource; static reachability alone cannot prove dynamic use.",See source-specific notices,Historical owner CC0 statement retained; imported metadata and scoped notices recorded separately.,No scoped local notice found; see docs/credits.md and preserved source-pack notices.
tracks/GLB Tracks/3ds_wuhu_loop_10.png,images,tracks,24228,e07db7d937f7c541be730f0683baa526dd36730ac70f4660565609fe6c4e3965,retain,"Project course, runtime or authoring resource; static reachability alone cannot prove dynamic use.",See source-specific notices,Historical owner CC0 statement retained; imported metadata and scoped notices recorded separately.,No scoped local notice found; see docs/credits.md and preserved source-pack notices.
tracks/GLB Tracks/3ds_wuhu_loop_11.png,images,tracks,1931,bec10ddd5c143698bece01d38d80e87a97b56be6da5e068b652a0be74603d687,retain,"Project course, runtime or authoring resource; static reachability alone cannot prove dynamic use.",See source-specific notices,Historical owner CC0 statement retained; imported metadata and scoped notices recorded separately.,No scoped local notice found; see docs/credits.md and preserved source-pack notices.
tracks/GLB Tracks/3ds_wuhu_loop_12.png,images,tracks,18309,586a94999d281836233dbd6f1eb7c5c57840cd8a4b99348241a234047aad652e,retain,"Project course, runtime or authoring resource; static reachability alone cannot prove dynamic use.",See source-specific notices,Historical owner CC0 statement retained; imported metadata and scoped notices recorded separately.,No scoped local notice found; see docs/credits.md and preserved source-pack notices.
tracks/GLB Tracks/3ds_wuhu_loop_13.png,images,tracks,2279,803cdd156a79a1cf27184a8f5e29a6cd334a92eb6b0c95672e7d451b31ab2392,retain,"Project course, runtime or authoring resource; static reachability alone cannot prove dynamic use.",See source-specific notices,Historical owner CC0 statement retained; imported metadata and scoped notices recorded separately.,No scoped local notice found; see docs/credits.md and preserved source-pack notices.
tracks/GLB Tracks/3ds_wuhu_loop_14.png,images,tracks,20566,78763509856c58aaff5364ebcac0fbe368725fca967a48e34c6fb12cf6baec9d,retain,"Project course, runtime or authoring resource; static reachability alone cannot prove dynamic use.",See source-specific notices,Historical owner CC0 statement retained; imported metadata and scoped notices recorded separately.,No scoped local notice found; see docs/credits.md and preserved source-pack notices.
tracks/GLB Tracks/3ds_wuhu_loop_15.png,images,tracks,144,1338c75f82d853c24181a1cd844257475011ee38122b697cdc4cc1e61c49d00d,retain,"Project course, runtime or authoring resource; static reachability alone cannot prove dynamic use.",See source-specific notices,Historical owner CC0 statement retained; imported metadata and scoped notices recorded separately.,No scoped local notice found; see docs/credits.md and preserved source-pack notices.
tracks/GLB Tracks/3ds_wuhu_loop_2.png,images,tracks,15038,2a46ac77680fa1d8cfa196696fd29ffebeb6b1a481339b9a9ff0dc4aae3e84cb,retain,"Project course, runtime or authoring resource; static reachability alone cannot prove dynamic use.",See source-specific notices,Historical owner CC0 statement retained; imported metadata and scoped notices recorded separately.,No scoped local notice found; see docs/credits.md and preserved source-pack notices.
tracks/GLB Tracks/3ds_wuhu_loop_3.png,images,tracks,26686,8a447f9f12a910c5de62f7c40b6e7ec4807e30e8226b94e53d195160d908ea83,retain,"Project course, runtime or authoring resource; static reachability alone cannot prove dynamic use.",See source-specific notices,Historical owner CC0 statement retained; imported metadata and scoped notices recorded separately.,No scoped local notice found; see docs/credits.md and preserved source-pack notices.
tracks/GLB Tracks/3ds_wuhu_loop_4.png,images,tracks,115264,e54a1fc6e363caca17ceec093930fd74703d2e5414929cc455e49e931972cc09,retain,"Project course, runtime or authoring resource; static reachability alone cannot prove dynamic use.",See source-specific notices,Historical owner CC0 statement retained; imported metadata and scoped notices recorded separately.,No scoped local notice found; see docs/credits.md and preserved source-pack notices.
tracks/GLB Tracks/3ds_wuhu_loop_5.png,images,tracks,154698,d2d2939f8c5699a7009f805164b0df0799e9f02095c5cba65357ad8979d1922a,retain,"Project course, runtime or authoring resource; static reachability alone cannot prove dynamic use.",See source-specific notices,Historical owner CC0 statement retained; imported metadata and scoped notices recorded separately.,No scoped local notice found; see docs/credits.md and preserved source-pack notices.
tracks/GLB Tracks/3ds_wuhu_loop_6.png,images,tracks,106292,2d2e081cb792fa9ba1200be8be53a817e78c50f9a0d6c13cc4805d70b1edabda,retain,"Project course, runtime or authoring resource; static reachability alone cannot prove dynamic use.",See source-specific notices,Historical owner CC0 statement retained; imported metadata and scoped notices recorded separately.,No scoped local notice found; see docs/credits.md and preserved source-pack notices.
tracks/GLB Tracks/3ds_wuhu_loop_7.png,images,tracks,23176,81639442e811f4cc47f5dd332e32fd54a8a8e99778afd866185b98980ccc4d3e,retain,"Project course, runtime or authoring resource; static reachability alone cannot prove dynamic use.",See source-specific notices,Historical owner CC0 statement retained; imported metadata and scoped notices recorded separately.,No scoped local notice found; see docs/credits.md and preserved source-pack notices.
tracks/GLB Tracks/3ds_wuhu_loop_8.png,images,tracks,11585,315d6c1c5a2e223f9eb66a9ee7872cc5134c3a74da67cb264b17feffddfd8109,retain,"Project course, runtime or authoring resource; static reachability alone cannot prove dynamic use.",See source-specific notices,Historical owner CC0 statement retained; imported metadata and scoped notices recorded separately.,No scoped local notice found; see docs/credits.md and preserved source-pack notices.
tracks/GLB Tracks/3ds_wuhu_loop_9.png,images,tracks,170,aaebc9cd0d0be2abed8a69bf5e4d0477376d7065af081a05f45ddc47b9b28b18,retain,"Project course, runtime or authoring resource; static reachability alone cannot prove dynamic use.",See source-specific notices,Historical owner CC0 statement retained; imported metadata and scoped notices recorded separately.,No scoped local notice found; see docs/credits.md and preserved source-pack notices.
tracks/GLB Tracks/asphalt_injection_-_chamonixalps.glb,models,tracks,45033544,fcfb3b77c08c79bee8350c0eb92508f07a5525d5c1a004c90adc35818838ac18,retain,"Project course, runtime or authoring resource; static reachability alone cannot prove dynamic use.",See source-specific notices,Historical owner CC0 statement retained; imported metadata and scoped notices recorded separately.,No scoped local notice found; see docs/credits.md and preserved source-pack notices.
tracks/GLB Tracks/asphalt_injection_-_chamonixalps_0.png,images,tracks,572990,0b74a117f9d09f708ee5dd548fdadc4ca77f4351e3a71de0a9b245afd0697fe7,retain,"Project course, runtime or authoring resource; static reachability alone cannot prove dynamic use.",See source-specific notices,Historical owner CC0 statement retained; imported metadata and scoped notices recorded separately.,No scoped local notice found; see docs/credits.md and preserved source-pack notices.
tracks/GLB Tracks/asphalt_injection_-_chamonixalps_1.png,images,tracks,2112108,65c255169c73a5f9788f307e3d19c83dfafed653c23607a8ebd0ea696200d701,retain,"Project course, runtime or authoring resource; static reachability alone cannot prove dynamic use.",See source-specific notices,Historical owner CC0 statement retained; imported metadata and scoped notices recorded separately.,No scoped local notice found; see docs/credits.md and preserved source-pack notices.
tracks/GLB Tracks/asphalt_injection_-_chamonixalps_10.png,images,tracks,241195,0774ecb269b874006db07b7c43e1fd7b191ff62b62b7fd9fdd91935e9c0bf3a9,retain,"Project course, runtime or authoring resource; static reachability alone cannot prove dynamic use.",See source-specific notices,Historical owner CC0 statement retained; imported metadata and scoped notices recorded separately.,No scoped local notice found; see docs/credits.md and preserved source-pack notices.
tracks/GLB Tracks/asphalt_injection_-_chamonixalps_11.png,images,tracks,28608,583ef99d08f18c98da7af349aa0cfe37b55ed49af5724802867ccca7b56eae20,retain,"Project course, runtime or authoring resource; static reachability alone cannot prove dynamic use.",See source-specific notices,Historical owner CC0 statement retained; imported metadata and scoped notices recorded separately.,No scoped local notice found; see docs/credits.md and preserved source-pack notices.
tracks/GLB Tracks/asphalt_injection_-_chamonixalps_12.png,images,tracks,2087008,594d18018b916377053537ff43daad950e111a9ccf036ab713236c9d04b318cd,retain,"Project course, runtime or authoring resource; static reachability alone cannot prove dynamic use.",See source-specific notices,Historical owner CC0 statement retained; imported metadata and scoped notices recorded separately.,No scoped local notice found; see docs/credits.md and preserved source-pack notices.
tracks/GLB Tracks/asphalt_injection_-_chamonixalps_13.png,images,tracks,7465861,32f9126fd58db5092219e64aa9e17de7174877ecfda37bd42e032a35a5efda5b,retain,"Project course, runtime or authoring resource; static reachability alone cannot prove dynamic use.",See source-specific notices,Historical owner CC0 statement retained; imported metadata and scoped notices recorded separately.,No scoped local notice found; see docs/credits.md and preserved source-pack notices.
tracks/GLB Tracks/asphalt_injection_-_chamonixalps_14.png,images,tracks,2079844,f9241f7ace3b6421bfbcb86d66864907f090157425966d0eac580a83a6f63573,retain,"Project course, runtime or authoring resource; static reachability alone cannot prove dynamic use.",See source-specific notices,Historical owner CC0 statement retained; imported metadata and scoped notices recorded separately.,No scoped local notice found; see docs/credits.md and preserved source-pack notices.
tracks/GLB Tracks/asphalt_injection_-_chamonixalps_15.png,images,tracks,2132591,14c4037b51992dd3d56b230e4ab8d4283537e8176bd95bbf1be5dafb46c70b14,retain,"Project course, runtime or authoring resource; static reachability alone cannot prove dynamic use.",See source-specific notices,Historical owner CC0 statement retained; imported metadata and scoped notices recorded separately.,No scoped local notice found; see docs/credits.md and preserved source-pack notices.
tracks/GLB Tracks/asphalt_injection_-_chamonixalps_16.png,images,tracks,2144532,eef152a199a8e930c22df6fe54625dafdecf486b9e9c3b3fb4280eeadd918a7b,retain,"Project course, runtime or authoring resource; static reachability alone cannot prove dynamic use.",See source-specific notices,Historical owner CC0 statement retained; imported metadata and scoped notices recorded separately.,No scoped local notice found; see docs/credits.md and preserved source-pack notices.
tracks/GLB Tracks/asphalt_injection_-_chamonixalps_2.png,images,tracks,595418,7afc31889ff55710cad0a71bbde7042cac1f7fe48f448952ebe689bdfc3d8604,retain,"Project course, runtime or authoring resource; static reachability alone cannot prove dynamic use.",See source-specific notices,Historical owner CC0 statement retained; imported metadata and scoped notices recorded separately.,No scoped local notice found; see docs/credits.md and preserved source-pack notices.
tracks/GLB Tracks/asphalt_injection_-_chamonixalps_3.png,images,tracks,374706,e4f1a234ea263522012a97a1edc27ae44ed230bad737e8e8438390478c1868e4,retain,"Project course, runtime or authoring resource; static reachability alone cannot prove dynamic use.",See source-specific notices,Historical owner CC0 statement retained; imported metadata and scoped notices recorded separately.,No scoped local notice found; see docs/credits.md and preserved source-pack notices.
tracks/GLB Tracks/asphalt_injection_-_chamonixalps_4.png,images,tracks,431660,9bf1b1fa4c8b8d81dd5b5ddf2a9ef163354f411aae99b1ec59acf6bda87accef,retain,"Project course, runtime or authoring resource; static reachability alone cannot prove dynamic use.",See source-specific notices,Historical owner CC0 statement retained; imported metadata and scoped notices recorded separately.,No scoped local notice found; see docs/credits.md and preserved source-pack notices.
tracks/GLB Tracks/asphalt_injection_-_chamonixalps_5.png,images,tracks,2236870,e5a6ae1254ddc7b9f3ca3c889a20affdb55b713dfdc063db613fd9f8e07198e6,retain,"Project course, runtime or authoring resource; static reachability alone cannot prove dynamic use.",See source-specific notices,Historical owner CC0 statement retained; imported metadata and scoped notices recorded separately.,No scoped local notice found; see docs/credits.md and preserved source-pack notices.
tracks/GLB Tracks/asphalt_injection_-_chamonixalps_6.png,images,tracks,2004601,d8fb4c0544da4cafc16027f5684d005a82f521654e94f58e8704fae79ec71549,retain,"Project course, runtime or authoring resource; static reachability alone cannot prove dynamic use.",See source-specific notices,Historical owner CC0 statement retained; imported metadata and scoped notices recorded separately.,No scoped local notice found; see docs/credits.md and preserved source-pack notices.
tracks/GLB Tracks/asphalt_injection_-_chamonixalps_7.png,images,tracks,1957278,ca8e007a750069b3ad0233dfd6b8e18b780a558b966b45d91f21010bf765f6fa,retain,"Project course, runtime or authoring resource; static reachability alone cannot prove dynamic use.",See source-specific notices,Historical owner CC0 statement retained; imported metadata and scoped notices recorded separately.,No scoped local notice found; see docs/credits.md and preserved source-pack notices.
tracks/GLB Tracks/asphalt_injection_-_chamonixalps_8.png,images,tracks,6157056,9ce0e94ecef315a6eee368eb74fb794c811c5412054097f9092008e5e591e8c3,retain,"Project course, runtime or authoring resource; static reachability alone cannot prove dynamic use.",See source-specific notices,Historical owner CC0 statement retained; imported metadata and scoped notices recorded separately.,No scoped local notice found; see docs/credits.md and preserved source-pack notices.
tracks/GLB Tracks/asphalt_injection_-_chamonixalps_9.png,images,tracks,134165,3ea6b7e252b49260f0c8623e3f19c82db6f44663378cb2a45d5040925eebfa9a,retain,"Project course, runtime or authoring resource; static reachability alone cannot prove dynamic use.",See source-specific notices,Historical owner CC0 statement retained; imported metadata and scoped notices recorded separately.,No scoped local notice found; see docs/credits.md and preserved source-pack notices.
tracks/GLB Tracks/asphalt_injection_-_shanghai.glb,models,tracks,41276692,7cf81af3950b70705ac6ca55757b5a98e86cb24dad5887e058a8707ed786aedc,retain,"Project course, runtime or authoring resource; static reachability alone cannot prove dynamic use.",See source-specific notices,Historical owner CC0 statement retained; imported metadata and scoped notices recorded separately.,No scoped local notice found; see docs/credits.md and preserved source-pack notices.
tracks/GLB Tracks/asphalt_injection_-_shanghai_0.png,images,tracks,1567095,57e6b96d5937e66ccf0dc1557a599d59852519de86560da4cea0ae257d590db2,retain,"Project course, runtime or authoring resource; static reachability alone cannot prove dynamic use.",See source-specific notices,Historical owner CC0 statement retained; imported metadata and scoped notices recorded separately.,No scoped local notice found; see docs/credits.md and preserved source-pack notices.
tracks/GLB Tracks/asphalt_injection_-_shanghai_1.png,images,tracks,28608,583ef99d08f18c98da7af349aa0cfe37b55ed49af5724802867ccca7b56eae20,retain,"Project course, runtime or authoring resource; static reachability alone cannot prove dynamic use.",See source-specific notices,Historical owner CC0 statement retained; imported metadata and scoped notices recorded separately.,No scoped local notice found; see docs/credits.md and preserved source-pack notices.
tracks/GLB Tracks/asphalt_injection_-_shanghai_10.png,images,tracks,7812763,236c69e404b1991b0a2e32aa96263bb0e126b51d0f730396479b208578808d16,retain,"Project course, runtime or authoring resource; static reachability alone cannot prove dynamic use.",See source-specific notices,Historical owner CC0 statement retained; imported metadata and scoped notices recorded separately.,No scoped local notice found; see docs/credits.md and preserved source-pack notices.
tracks/GLB Tracks/asphalt_injection_-_shanghai_11.png,images,tracks,385855,6f03572075ccb338dad67ddef523d41cc95e9a4ee9cf2e0ea6135a08d9839446,retain,"Project course, runtime or authoring resource; static reachability alone cannot prove dynamic use.",See source-specific notices,Historical owner CC0 statement retained; imported metadata and scoped notices recorded separately.,No scoped local notice found; see docs/credits.md and preserved source-pack notices.
tracks/GLB Tracks/asphalt_injection_-_shanghai_12.png,images,tracks,2263749,55516ae8ac82f0627afd7edc8a6c01cdd180947ad581d27fdecb2b2371aca00f,retain,"Project course, runtime or authoring resource; static reachability alone cannot prove dynamic use.",See source-specific notices,Historical owner CC0 statement retained; imported metadata and scoped notices recorded separately.,No scoped local notice found; see docs/credits.md and preserved source-pack notices.
tracks/GLB Tracks/asphalt_injection_-_shanghai_13.png,images,tracks,241195,0774ecb269b874006db07b7c43e1fd7b191ff62b62b7fd9fdd91935e9c0bf3a9,retain,"Project course, runtime or authoring resource; static reachability alone cannot prove dynamic use.",See source-specific notices,Historical owner CC0 statement retained; imported metadata and scoped notices recorded separately.,No scoped local notice found; see docs/credits.md and preserved source-pack notices.
tracks/GLB Tracks/asphalt_injection_-_shanghai_14.png,images,tracks,555216,4f6aea51ec2bbcc81c3bbc0d1347313976c2a643d20edbb701d93b51a52f9e24,retain,"Project course, runtime or authoring resource; static reachability alone cannot prove dynamic use.",See source-specific notices,Historical owner CC0 statement retained; imported metadata and scoped notices recorded separately.,No scoped local notice found; see docs/credits.md and preserved source-pack notices.
tracks/GLB Tracks/asphalt_injection_-_shanghai_2.png,images,tracks,1704914,2986106b2c17154dd1b0ed8c32c66770912c9d38b2cba60313ebc19646179ddf,retain,"Project course, runtime or authoring resource; static reachability alone cannot prove dynamic use.",See source-specific notices,Historical owner CC0 statement retained; imported metadata and scoped notices recorded separately.,No scoped local notice found; see docs/credits.md and preserved source-pack notices.
tracks/GLB Tracks/asphalt_injection_-_shanghai_3.png,images,tracks,1827084,88c0e4a92c2a63cc6f4a0884f064924304fceb8d29d67e015cbc9e10af91e881,retain,"Project course, runtime or authoring resource; static reachability alone cannot prove dynamic use.",See source-specific notices,Historical owner CC0 statement retained; imported metadata and scoped notices recorded separately.,No scoped local notice found; see docs/credits.md and preserved source-pack notices.
tracks/GLB Tracks/asphalt_injection_-_shanghai_4.png,images,tracks,1644444,6c91f0cd23d2f99220f4d595052fc35a61247983b13c23fa07700a4e3ff5366b,retain,"Project course, runtime or authoring resource; static reachability alone cannot prove dynamic use.",See source-specific notices,Historical owner CC0 statement retained; imported metadata and scoped notices recorded separately.,No scoped local notice found; see docs/credits.md and preserved source-pack notices.
tracks/GLB Tracks/asphalt_injection_-_shanghai_5.png,images,tracks,116571,dd9b5fa9d1dc15117b56a850daf6ddbe599678442de8bd10706514b72337745e,retain,"Project course, runtime or authoring resource; static reachability alone cannot prove dynamic use.",See source-specific notices,Historical owner CC0 statement retained; imported metadata and scoped notices recorded separately.,No scoped local notice found; see docs/credits.md and preserved source-pack notices.
tracks/GLB Tracks/asphalt_injection_-_shanghai_6.png,images,tracks,108736,0a75e6cf326f2a7d95cdea13a9538f38afa827e59f84e0b9b40b85014dce15f9,retain,"Project course, runtime or authoring resource; static reachability alone cannot prove dynamic use.",See source-specific notices,Historical owner CC0 statement retained; imported metadata and scoped notices recorded separately.,No scoped local notice found; see docs/credits.md and preserved source-pack notices.
tracks/GLB Tracks/asphalt_injection_-_shanghai_7.png,images,tracks,1602113,601b0a922b68917bf21c1a7ed73e1d65175bc5645408823c8fa204bb5b3065bf,retain,"Project course, runtime or authoring resource; static reachability alone cannot prove dynamic use.",See source-specific notices,Historical owner CC0 statement retained; imported metadata and scoped notices recorded separately.,No scoped local notice found; see docs/credits.md and preserved source-pack notices.
tracks/GLB Tracks/asphalt_injection_-_shanghai_8.png,images,tracks,93132,db8ea2aaa9fa69531d436121357ea197f930dbfe0537972714dfd778aae42e4f,retain,"Project course, runtime or authoring resource; static reachability alone cannot prove dynamic use.",See source-specific notices,Historical owner CC0 statement retained; imported metadata and scoped notices recorded separately.,No scoped local notice found; see docs/credits.md and preserved source-pack notices.
tracks/GLB Tracks/asphalt_injection_-_shanghai_9.png,images,tracks,470080,965b76e2ac129fc5a139b17f8b00f3116edbba5f364bb189dd46daa4aa6b4249,retain,"Project course, runtime or authoring resource; static reachability alone cannot prove dynamic use.",See source-specific notices,Historical owner CC0 statement retained; imported metadata and scoped notices recorded separately.,No scoped local notice found; see docs/credits.md and preserved source-pack notices.
tracks/GLB Tracks/bazaar_track.glb,models,tracks,13087924,994bdf86f683867086dd2f92f1696c926c73ad6a2205284903538e9f9b81757d,retain,"Project course, runtime or authoring resource; static reachability alone cannot prove dynamic use.",See source-specific notices,Historical owner CC0 statement retained; imported metadata and scoped notices recorded separately.,No scoped local notice found; see docs/credits.md and preserved source-pack notices.
tracks/GLB Tracks/bazaar_track_0.png,images,tracks,3042463,488b9b2b9aa7ab8dd6e6bb3f507a3a3d17e600339dde921872e2c69df3962c39,retain,"Project course, runtime or authoring resource; static reachability alone cannot prove dynamic use.",See source-specific notices,Historical owner CC0 statement retained; imported metadata and scoped notices recorded separately.,No scoped local notice found; see docs/credits.md and preserved source-pack notices.
tracks/GLB Tracks/bazaar_track_1.png,images,tracks,4126510,09d747ac9babd5606b27e2d9a937adc5f09da770ddc682ee9c3802f8d03e788e,retain,"Project course, runtime or authoring resource; static reachability alone cannot prove dynamic use.",See source-specific notices,Historical owner CC0 statement retained; imported metadata and scoped notices recorded separately.,No scoped local notice found; see docs/credits.md and preserved source-pack notices.
tracks/GLB Tracks/bazaar_track_2.png,images,tracks,4998842,4feb5ccb8ee20c8cb2ad737d1ea014eda858aad4b34beb0d6ddf6b38cb2b4559,retain,"Project course, runtime or authoring resource; static reachability alone cannot prove dynamic use.",See source-specific notices,Historical owner CC0 statement retained; imported metadata and scoped notices recorded separately.,No scoped local notice found; see docs/credits.md and preserved source-pack notices.
tracks/GLB Tracks/blitzway_gp_main_course.glb,models,tracks,12889436,b2e96810763f1f7151ae35ea5728011dde61fc977b114a1fc4d879af83d928aa,retain,"Project course, runtime or authoring resource; static reachability alone cannot prove dynamic use.",See source-specific notices,Historical owner CC0 statement retained; imported metadata and scoped notices recorded separately.,No scoped local notice found; see docs/credits.md and preserved source-pack notices.
tracks/GLB Tracks/blitzway_gp_main_course_0.png,images,tracks,374027,89db69c3ff195618a228edfd676d05e17a05686f2ef38607130339aa86a21be6,retain,"Project course, runtime or authoring resource; static reachability alone cannot prove dynamic use.",See source-specific notices,Historical owner CC0 statement retained; imported metadata and scoped notices recorded separately.,No scoped local notice found; see docs/credits.md and preserved source-pack notices.
tracks/GLB Tracks/blitzway_gp_main_course_1.png,images,tracks,305111,a799c4e85459fa090d55270e12465fa9759199fe9cdfeec037c3532687ab872e,retain,"Project course, runtime or authoring resource; static reachability alone cannot prove dynamic use.",See source-specific notices,Historical owner CC0 statement retained; imported metadata and scoped notices recorded separately.,No scoped local notice found; see docs/credits.md and preserved source-pack notices.
tracks/GLB Tracks/blitzway_gp_main_course_10.png,images,tracks,193239,e8ca2e833c730cf699d05e43491e766c82cd3df1dff79fe7391b063f4df43650,retain,"Project course, runtime or authoring resource; static reachability alone cannot prove dynamic use.",See source-specific notices,Historical owner CC0 statement retained; imported metadata and scoped notices recorded separately.,No scoped local notice found; see docs/credits.md and preserved source-pack notices.
tracks/GLB Tracks/blitzway_gp_main_course_11.png,images,tracks,203456,1b1ee09fe43a735ff44a1d70dfa0494d2d6c9a07d5028941a8144de9b689b8e2,retain,"Project course, runtime or authoring resource; static reachability alone cannot prove dynamic use.",See source-specific notices,Historical owner CC0 statement retained; imported metadata and scoped notices recorded separately.,No scoped local notice found; see docs/credits.md and preserved source-pack notices.
tracks/GLB Tracks/blitzway_gp_main_course_12.png,images,tracks,150393,bac47c06c6b1c6befa6560a1f6801f268e83314c70c49823a506b8b5371e0da2,retain,"Project course, runtime or authoring resource; static reachability alone cannot prove dynamic use.",See source-specific notices,Historical owner CC0 statement retained; imported metadata and scoped notices recorded separately.,No scoped local notice found; see docs/credits.md and preserved source-pack notices.
tracks/GLB Tracks/blitzway_gp_main_course_13.png,images,tracks,559930,b68efe8cf7fd00f7e8f65df041adf2f5b6c5e2aa82e846179d37ef34279d21ef,retain,"Project course, runtime or authoring resource; static reachability alone cannot prove dynamic use.",See source-specific notices,Historical owner CC0 statement retained; imported metadata and scoped notices recorded separately.,No scoped local notice found; see docs/credits.md and preserved source-pack notices.
tracks/GLB Tracks/blitzway_gp_main_course_2.png,images,tracks,233,052c295aade2986a228d896171e67734320e00520dbbdec6821502198ddac983,retain,"Project course, runtime or authoring resource; static reachability alone cannot prove dynamic use.",See source-specific notices,Historical owner CC0 statement retained; imported metadata and scoped notices recorded separately.,No scoped local notice found; see docs/credits.md and preserved source-pack notices.
tracks/GLB Tracks/blitzway_gp_main_course_3.png,images,tracks,334095,cba12005d30834ca1d9a826087061ffa4d74604a22dbd94edfcab0189b80b4c4,retain,"Project course, runtime or authoring resource; static reachability alone cannot prove dynamic use.",See source-specific notices,Historical owner CC0 statement retained; imported metadata and scoped notices recorded separately.,No scoped local notice found; see docs/credits.md and preserved source-pack notices.
tracks/GLB Tracks/blitzway_gp_main_course_4.png,images,tracks,128773,fbfe4c00bd78e8cb1d3aa19279e52310d682f0897c26a302c40799c73b5a7055,retain,"Project course, runtime or authoring resource; static reachability alone cannot prove dynamic use.",See source-specific notices,Historical owner CC0 statement retained; imported metadata and scoped notices recorded separately.,No scoped local notice found; see docs/credits.md and preserved source-pack notices.
tracks/GLB Tracks/blitzway_gp_main_course_5.png,images,tracks,252837,2a62ce3845dc9f34443f1e298fb3cf0f2fdec00cc8a92bfd0f2078c16c45bdbf,retain,"Project course, runtime or authoring resource; static reachability alone cannot prove dynamic use.",See source-specific notices,Historical owner CC0 statement retained; imported metadata and scoped notices recorded separately.,No scoped local notice found; see docs/credits.md and preserved source-pack notices.
tracks/GLB Tracks/blitzway_gp_main_course_6.png,images,tracks,1632227,33744088c2e4ea3b2e720906ec2ddb1164229de7327a2605f05dfb5a0ac7a531,retain,"Project course, runtime or authoring resource; static reachability alone cannot prove dynamic use.",See source-specific notices,Historical owner CC0 statement retained; imported metadata and scoped notices recorded separately.,No scoped local notice found; see docs/credits.md and preserved source-pack notices.
tracks/GLB Tracks/blitzway_gp_main_course_7.png,images,tracks,2726758,d40b63432050c49ce182542f73dc9dcb22f641cf3d4796f41b2d02d2118de517,retain,"Project course, runtime or authoring resource; static reachability alone cannot prove dynamic use.",See source-specific notices,Historical owner CC0 statement retained; imported metadata and scoped notices recorded separately.,No scoped local notice found; see docs/credits.md and preserved source-pack notices.
tracks/GLB Tracks/blitzway_gp_main_course_8.png,images,tracks,137400,c9ddfd9e84518fd53d8961bf1c45b0095129e3824e046cd902b6af1edbd3bd15,retain,"Project course, runtime or authoring resource; static reachability alone cannot prove dynamic use.",See source-specific notices,Historical owner CC0 statement retained; imported metadata and scoped notices recorded separately.,No scoped local notice found; see docs/credits.md and preserved source-pack notices.
tracks/GLB Tracks/blitzway_gp_main_course_9.png,images,tracks,199,69f55fcaaf6ca4daeef88dd428b25a363623ebbbb9b82e00dcb0bf2f0a17efc5,retain,"Project course, runtime or authoring resource; static reachability alone cannot prove dynamic use.",See source-specific notices,Historical owner CC0 statement retained; imported metadata and scoped notices recorded separately.,No scoped local notice found; see docs/credits.md and preserved source-pack notices.
tracks/GLB Tracks/cartoon_race_track_-_oval.glb,models,tracks,179023468,7a52b2dbddd4a802c484e5df7f24e5cb17843f4b8f03726ef2185afb627cebc7,retain,"Project course, runtime or authoring resource; static reachability alone cannot prove dynamic use.",See source-specific notices,Historical owner CC0 statement retained; imported metadata and scoped notices recorded separately.,No scoped local notice found; see docs/credits.md and preserved source-pack notices.
tracks/GLB Tracks/cartoon_race_track_-_oval_0.png,images,tracks,11029020,ee748280e5251b16e168e77e6861737874638c3b720ee6030d628f1dfc92b465,retain,"Project course, runtime or authoring resource; static reachability alone cannot prove dynamic use.",See source-specific notices,Historical owner CC0 statement retained; imported metadata and scoped notices recorded separately.,No scoped local notice found; see docs/credits.md and preserved source-pack notices.
tracks/GLB Tracks/cartoon_race_track_-_oval_1.png,images,tracks,30359,6244c28dd63965a407e9bc5de4cbf29490b6acbfff0e8eda01580a8b0fad2026,retain,"Project course, runtime or authoring resource; static reachability alone cannot prove dynamic use.",See source-specific notices,Historical owner CC0 statement retained; imported metadata and scoped notices recorded separately.,No scoped local notice found; see docs/credits.md and preserved source-pack notices.
tracks/GLB Tracks/cartoon_race_track_-_oval_10.png,images,tracks,445635,0d7ddd803018ef1bbf0c54e6c7e9a2b58b5a7e107f1b002352eb7e67727c69ef,retain,"Project course, runtime or authoring resource; static reachability alone cannot prove dynamic use.",See source-specific notices,Historical owner CC0 statement retained; imported metadata and scoped notices recorded separately.,No scoped local notice found; see docs/credits.md and preserved source-pack notices.
tracks/GLB Tracks/cartoon_race_track_-_oval_11.png,images,tracks,3859071,48e0af4b1bb9e02b89f31c3f4a681e805928110a291100af90358cc515224280,retain,"Project course, runtime or authoring resource; static reachability alone cannot prove dynamic use.",See source-specific notices,Historical owner CC0 statement retained; imported metadata and scoped notices recorded separately.,No scoped local notice found; see docs/credits.md and preserved source-pack notices.
tracks/GLB Tracks/cartoon_race_track_-_oval_12.png,images,tracks,455441,19fa184e15d9c2086085e930d265179b3f9b3b4ec74952e9069a2106345d974e,retain,"Project course, runtime or authoring resource; static reachability alone cannot prove dynamic use.",See source-specific notices,Historical owner CC0 statement retained; imported metadata and scoped notices recorded separately.,No scoped local notice found; see docs/credits.md and preserved source-pack notices.
tracks/GLB Tracks/cartoon_race_track_-_oval_13.png,images,tracks,20479,efa0b79ceac94da54aaab2d2aa3a67efc8f87af142c4c958ca14edb2f81768d3,retain,"Project course, runtime or authoring resource; static reachability alone cannot prove dynamic use.",See source-specific notices,Historical owner CC0 statement retained; imported metadata and scoped notices recorded separately.,No scoped local notice found; see docs/credits.md and preserved source-pack notices.
tracks/GLB Tracks/cartoon_race_track_-_oval_14.png,images,tracks,227897,5c5ec94721eb073fef7d3f841a919dfbb856d2a535c1ec8801296134cf567f72,retain,"Project course, runtime or authoring resource; static reachability alone cannot prove dynamic use.",See source-specific notices,Historical owner CC0 statement retained; imported metadata and scoped notices recorded separately.,No scoped local notice found; see docs/credits.md and preserved source-pack notices.
tracks/GLB Tracks/cartoon_race_track_-_oval_2.png,images,tracks,9715854,73634424a89e16e799d671a7f3f6043547350e659568ed34f1981aea019404e5,retain,"Project course, runtime or authoring resource; static reachability alone cannot prove dynamic use.",See source-specific notices,Historical owner CC0 statement retained; imported metadata and scoped notices recorded separately.,No scoped local notice found; see docs/credits.md and preserved source-pack notices.
tracks/GLB Tracks/cartoon_race_track_-_oval_3.jpg,images,tracks,26013016,32695275ab46679f05e230776c8f52a191a68f5ca6e8e8cacceaf934950d46f7,retain,"Project course, runtime or authoring resource; static reachability alone cannot prove dynamic use.",See source-specific notices,Historical owner CC0 statement retained; imported metadata and scoped notices recorded separately.,No scoped local notice found; see docs/credits.md and preserved source-pack notices.
tracks/GLB Tracks/cartoon_race_track_-_oval_4.png,images,tracks,48354,91568d223edd5af1fa6464413b0e9b63babece1afab6f0f04679c534eb3419f5,retain,"Project course, runtime or authoring resource; static reachability alone cannot prove dynamic use.",See source-specific notices,Historical owner CC0 statement retained; imported metadata and scoped notices recorded separately.,No scoped local notice found; see docs/credits.md and preserved source-pack notices.
tracks/GLB Tracks/cartoon_race_track_-_oval_5.png,images,tracks,418155,802fd11df786261fcecceb846c7de4cb744e9e5d11667a2eb21fbd7f6e3b751e,retain,"Project course, runtime or authoring resource; static reachability alone cannot prove dynamic use.",See source-specific notices,Historical owner CC0 statement retained; imported metadata and scoped notices recorded separately.,No scoped local notice found; see docs/credits.md and preserved source-pack notices.
tracks/GLB Tracks/cartoon_race_track_-_oval_6.png,images,tracks,43714,0a019637075619911e7dd05dc1951ae5621d32d3c20416a2694165be87457f59,retain,"Project course, runtime or authoring resource; static reachability alone cannot prove dynamic use.",See source-specific notices,Historical owner CC0 statement retained; imported metadata and scoped notices recorded separately.,No scoped local notice found; see docs/credits.md and preserved source-pack notices.
tracks/GLB Tracks/cartoon_race_track_-_oval_7.png,images,tracks,15557,d86e65dde0d6d5544983dce2368f56b4b1c5b9d518085c5617759685c2234d94,retain,"Project course, runtime or authoring resource; static reachability alone cannot prove dynamic use.",See source-specific notices,Historical owner CC0 statement retained; imported metadata and scoped notices recorded separately.,No scoped local notice found; see docs/credits.md and preserved source-pack notices.
tracks/GLB Tracks/cartoon_race_track_-_oval_8.png,images,tracks,474894,85721b0fdaa5ae2f26cab0bd0f0cb4f86c91ba1febb46a5c5e3bf324aaba43a8,retain,"Project course, runtime or authoring resource; static reachability alone cannot prove dynamic use.",See source-specific notices,Historical owner CC0 statement retained; imported metadata and scoped notices recorded separately.,No scoped local notice found; see docs/credits.md and preserved source-pack notices.
tracks/GLB Tracks/cartoon_race_track_-_oval_9.png,images,tracks,998719,b0efacdfa118b9bd9053b9999138ce5ee9add1d9dfa7c111a5aad08222810c6f,retain,"Project course, runtime or authoring resource; static reachability alone cannot prove dynamic use.",See source-specific notices,Historical owner CC0 statement retained; imported metadata and scoped notices recorded separately.,No scoped local notice found; see docs/credits.md and preserved source-pack notices.
tracks/GLB Tracks/chicken-gun-fruzer-city.glb,models,tracks,25473272,1dd0bff54622a60f0155e9bf491bb75b184472ba635354ba401735f9de46436f,retain,"Project course, runtime or authoring resource; static reachability alone cannot prove dynamic use.",See source-specific notices,Historical owner CC0 statement retained; imported metadata and scoped notices recorded separately.,No scoped local notice found; see docs/credits.md and preserved source-pack notices.
tracks/GLB Tracks/chicken-gun-fruzer-city_0.png,images,tracks,11208,1ae3a131c375cc6cb2dd832ae02640234cc745377f168a00679e45c67a1dee8b,retain,"Project course, runtime or authoring resource; static reachability alone cannot prove dynamic use.",See source-specific notices,Historical owner CC0 statement retained; imported metadata and scoped notices recorded separately.,No scoped local notice found; see docs/credits.md and preserved source-pack notices.
tracks/GLB Tracks/chicken-gun-fruzer-city_1.png,images,tracks,108928,90a91aa7889453963804480ed7300d09e70ceee79c0feb56de1ff549c543362b,retain,"Project course, runtime or authoring resource; static reachability alone cannot prove dynamic use.",See source-specific notices,Historical owner CC0 statement retained; imported metadata and scoped notices recorded separately.,No scoped local notice found; see docs/credits.md and preserved source-pack notices.
tracks/GLB Tracks/chicken-gun-fruzer-city_2.png,images,tracks,70209,b67c08f8082745929b6197323bccb0fc6510300d77688a1b629ec1496a0b6f3c,retain,"Project course, runtime or authoring resource; static reachability alone cannot prove dynamic use.",See source-specific notices,Historical owner CC0 statement retained; imported metadata and scoped notices recorded separately.,No scoped local notice found; see docs/credits.md and preserved source-pack notices.
tracks/GLB Tracks/chicken-gun-fruzer-city_3.png,images,tracks,26616,2e2e404f9aaf01f2f9012e67669a1231038f3f701ee9558c4df8a101b270ce6a,retain,"Project course, runtime or authoring resource; static reachability alone cannot prove dynamic use.",See source-specific notices,Historical owner CC0 statement retained; imported metadata and scoped notices recorded separately.,No scoped local notice found; see docs/credits.md and preserved source-pack notices.
tracks/GLB Tracks/chicken-gun-fruzer-city_4.png,images,tracks,42668,b907407f38bc5e77c9071f88866498f2a464cd9da6ae16b6248a551c0a4dca7a,retain,"Project course, runtime or authoring resource; static reachability alone cannot prove dynamic use.",See source-specific notices,Historical owner CC0 statement retained; imported metadata and scoped notices recorded separately.,No scoped local notice found; see docs/credits.md and preserved source-pack notices.
tracks/GLB Tracks/chicken-gun-fruzer-city_5.png,images,tracks,1130,bd0559467bce39656bddddf73c6f2f1818739d0fa00ac8f76cc1c20748678bb1,retain,"Project course, runtime or authoring resource; static reachability alone cannot prove dynamic use.",See source-specific notices,Historical owner CC0 statement retained; imported metadata and scoped notices recorded separately.,No scoped local notice found; see docs/credits.md and preserved source-pack notices.
tracks/GLB Tracks/chicken-gun-fruzer-city_6.png,images,tracks,81910,8fd83c3f0334495da5bfc2404bc8d0004e67f7c151a3ea88b3d61dfa9ac96e2b,retain,"Project course, runtime or authoring resource; static reachability alone cannot prove dynamic use.",See source-specific notices,Historical owner CC0 statement retained; imported metadata and scoped notices recorded separately.,No scoped local notice found; see docs/credits.md and preserved source-pack notices.
tracks/GLB Tracks/chicken-gun-fruzer-city_7.png,images,tracks,60171,be7bbc2d8f8e8e09a6f58b5e733e5f43c733d3d3abe7b786d8dbee55e6fe1ef9,retain,"Project course, runtime or authoring resource; static reachability alone cannot prove dynamic use.",See source-specific notices,Historical owner CC0 statement retained; imported metadata and scoped notices recorded separately.,No scoped local notice found; see docs/credits.md and preserved source-pack notices.
tracks/GLB Tracks/chicken_gun_fruzer_-_encampment.glb,models,tracks,32179576,c3a1dafc451129e624e29e489879bc04a1b4637500849c497cf63f67c8c896d8,retain,"Project course, runtime or authoring resource; static reachability alone cannot prove dynamic use.",See source-specific notices,Historical owner CC0 statement retained; imported metadata and scoped notices recorded separately.,No scoped local notice found; see docs/credits.md and preserved source-pack notices.
tracks/GLB Tracks/chicken_gun_fruzer_-_encampment_0.png,images,tracks,45219,b16e32e1d079494ed465afb050be73cd85c2b76951f51e9d44b611fde4e39874,retain,"Project course, runtime or authoring resource; static reachability alone cannot prove dynamic use.",See source-specific notices,Historical owner CC0 statement retained; imported metadata and scoped notices recorded separately.,No scoped local notice found; see docs/credits.md and preserved source-pack notices.
tracks/GLB Tracks/chicken_gun_fruzer_-_encampment_1.png,images,tracks,36321,615e190ce57f4703efad33a67a385a42d3a175269559602f7f43f204248a0bcf,retain,"Project course, runtime or authoring resource; static reachability alone cannot prove dynamic use.",See source-specific notices,Historical owner CC0 statement retained; imported metadata and scoped notices recorded separately.,No scoped local notice found; see docs/credits.md and preserved source-pack notices.
tracks/GLB Tracks/chicken_gun_fruzer_-_encampment_10.png,images,tracks,321683,211de61418b495872762b1c2df758179ba58b2e56a1d3666219d435efb5a23f4,retain,"Project course, runtime or authoring resource; static reachability alone cannot prove dynamic use.",See source-specific notices,Historical owner CC0 statement retained; imported metadata and scoped notices recorded separately.,No scoped local notice found; see docs/credits.md and preserved source-pack notices.
tracks/GLB Tracks/chicken_gun_fruzer_-_encampment_100.png,images,tracks,5801599,94f47f6c78b391429c6cb39d5ae1ce471cd6db8c93c6482f2c11fdf5e1267c9c,retain,"Project course, runtime or authoring resource; static reachability alone cannot prove dynamic use.",See source-specific notices,Historical owner CC0 statement retained; imported metadata and scoped notices recorded separately.,No scoped local notice found; see docs/credits.md and preserved source-pack notices.
tracks/GLB Tracks/chicken_gun_fruzer_-_encampment_11.png,images,tracks,18392,3da501db5e701a07767b39f2bd6d59201826590782021405088a0386e8a06d1c,retain,"Project course, runtime or authoring resource; static reachability alone cannot prove dynamic use.",See source-specific notices,Historical owner CC0 statement retained; imported metadata and scoped notices recorded separately.,No scoped local notice found; see docs/credits.md and preserved source-pack notices.
tracks/GLB Tracks/chicken_gun_fruzer_-_encampment_12.png,images,tracks,23485,dc6314c6c88a9269c7a8f672323438606b5fd74966d19e03b411020f55418636,retain,"Project course, runtime or authoring resource; static reachability alone cannot prove dynamic use.",See source-specific notices,Historical owner CC0 statement retained; imported metadata and scoped notices recorded separately.,No scoped local notice found; see docs/credits.md and preserved source-pack notices.
tracks/GLB Tracks/chicken_gun_fruzer_-_encampment_13.png,images,tracks,516271,1d0a06dfddbebd17cb2f87ae727e71d44e776dc3cf62ad0b4d4a0acbf596120b,retain,"Project course, runtime or authoring resource; static reachability alone cannot prove dynamic use.",See source-specific notices,Historical owner CC0 statement retained; imported metadata and scoped notices recorded separately.,No scoped local notice found; see docs/credits.md and preserved source-pack notices.
tracks/GLB Tracks/chicken_gun_fruzer_-_encampment_14.png,images,tracks,16804,47633bf90a0804991b7e584be179afed843dd2cf2febb19c8df02007b9879d56,retain,"Project course, runtime or authoring resource; static reachability alone cannot prove dynamic use.",See source-specific notices,Historical owner CC0 statement retained; imported metadata and scoped notices recorded separately.,No scoped local notice found; see docs/credits.md and preserved source-pack notices.
tracks/GLB Tracks/chicken_gun_fruzer_-_encampment_15.png,images,tracks,73476,c5f30f42e6eb1e6df0534cc3cb5f59fa485e7e63b9dd50db9dbecce017b3ff2f,retain,"Project course, runtime or authoring resource; static reachability alone cannot prove dynamic use.",See source-specific notices,Historical owner CC0 statement retained; imported metadata and scoped notices recorded separately.,No scoped local notice found; see docs/credits.md and preserved source-pack notices.
tracks/GLB Tracks/chicken_gun_fruzer_-_encampment_16.png,images,tracks,63734,eb893490fd7c3dc258884bed5832671121c1b3fb3041ad6e4599d464d0e90261,retain,"Project course, runtime or authoring resource; static reachability alone cannot prove dynamic use.",See source-specific notices,Historical owner CC0 statement retained; imported metadata and scoped notices recorded separately.,No scoped local notice found; see docs/credits.md and preserved source-pack notices.
tracks/GLB Tracks/chicken_gun_fruzer_-_encampment_17.png,images,tracks,15143,1f8ff4858d3c05bb828634a2e40b0bab476a69beea475829be96472fd5cac845,retain,"Project course, runtime or authoring resource; static reachability alone cannot prove dynamic use.",See source-specific notices,Historical owner CC0 statement retained; imported metadata and scoped notices recorded separately.,No scoped local notice found; see docs/credits.md and preserved source-pack notices.
tracks/GLB Tracks/chicken_gun_fruzer_-_encampment_18.png,images,tracks,20117,68ff59d0b2097fd97f27b4a48fd51b838de0248f3fd8e49b077784fc208ece60,retain,"Project course, runtime or authoring resource; static reachability alone cannot prove dynamic use.",See source-specific notices,Historical owner CC0 statement retained; imported metadata and scoped notices recorded separately.,No scoped local notice found; see docs/credits.md and preserved source-pack notices.
tracks/GLB Tracks/chicken_gun_fruzer_-_encampment_19.png,images,tracks,3835,90277c1769a567004a672437d51a9759b6da6080a68b619a16ba0c7f1d6f0f23,retain,"Project course, runtime or authoring resource; static reachability alone cannot prove dynamic use.",See source-specific notices,Historical owner CC0 statement retained; imported metadata and scoped notices recorded separately.,No scoped local notice found; see docs/credits.md and preserved source-pack notices.
tracks/GLB Tracks/chicken_gun_fruzer_-_encampment_2.png,images,tracks,55590,128574d0952dcbf0259c043aa6ed32d4ccb3a813fc69ed0a64f45e617d26fb3b,retain,"Project course, runtime or authoring resource; static reachability alone cannot prove dynamic use.",See source-specific notices,Historical owner CC0 statement retained; imported metadata and scoped notices recorded separately.,No scoped local notice found; see docs/credits.md and preserved source-pack notices.
tracks/GLB Tracks/chicken_gun_fruzer_-_encampment_20.png,images,tracks,27278,b078a944f97e82a67120e5417079708ac7a04dd0d44f8a35c052feb0fc4d9cc8,retain,"Project course, runtime or authoring resource; static reachability alone cannot prove dynamic use.",See source-specific notices,Historical owner CC0 statement retained; imported metadata and scoped notices recorded separately.,No scoped local notice found; see docs/credits.md and preserved source-pack notices.
tracks/GLB Tracks/chicken_gun_fruzer_-_encampment_21.png,images,tracks,49798,2c5b7463fc524084c3728ce1bf41e11d698e279c28aee49febdff8474e976e3c,retain,"Project course, runtime or authoring resource; static reachability alone cannot prove dynamic use.",See source-specific notices,Historical owner CC0 statement retained; imported metadata and scoped notices recorded separately.,No scoped local notice found; see docs/credits.md and preserved source-pack notices.
tracks/GLB Tracks/chicken_gun_fruzer_-_encampment_22.png,images,tracks,54356,aa4f677ae502727a51d83ed03a6c086ab6bc46dffea76816bc82b74cc7a466fa,retain,"Project course, runtime or authoring resource; static reachability alone cannot prove dynamic use.",See source-specific notices,Historical owner CC0 statement retained; imported metadata and scoped notices recorded separately.,No scoped local notice found; see docs/credits.md and preserved source-pack notices.
tracks/GLB Tracks/chicken_gun_fruzer_-_encampment_23.png,images,tracks,25927,be769f01786c3f69599a11a7ef8f8120b22087bfcab5fa0b785da000d7f72e0a,retain,"Project course, runtime or authoring resource; static reachability alone cannot prove dynamic use.",See source-specific notices,Historical owner CC0 statement retained; imported metadata and scoped notices recorded separately.,No scoped local notice found; see docs/credits.md and preserved source-pack notices.
tracks/GLB Tracks/chicken_gun_fruzer_-_encampment_24.png,images,tracks,300201,f5be4e98c121365fb65e60578fc8b7d0716cd4aa10c8e3bf8e3999fcc1458a9e,retain,"Project course, runtime or authoring resource; static reachability alone cannot prove dynamic use.",See source-specific notices,Historical owner CC0 statement retained; imported metadata and scoped notices recorded separately.,No scoped local notice found; see docs/credits.md and preserved source-pack notices.
tracks/GLB Tracks/chicken_gun_fruzer_-_encampment_25.png,images,tracks,38166,a872f4120c0755e4e818dd1ed81674190dc4597ec5a64616390b09522d36e952,retain,"Project course, runtime or authoring resource; static reachability alone cannot prove dynamic use.",See source-specific notices,Historical owner CC0 statement retained; imported metadata and scoped notices recorded separately.,No scoped local notice found; see docs/credits.md and preserved source-pack notices.
tracks/GLB Tracks/chicken_gun_fruzer_-_encampment_26.png,images,tracks,367398,e3183338c942eb81bc842781d9e5006c8e98d9dbc992cfb2f43c71d291e490a8,retain,"Project course, runtime or authoring resource; static reachability alone cannot prove dynamic use.",See source-specific notices,Historical owner CC0 statement retained; imported metadata and scoped notices recorded separately.,No scoped local notice found; see docs/credits.md and preserved source-pack notices.
tracks/GLB Tracks/chicken_gun_fruzer_-_encampment_27.png,images,tracks,322819,8ff1c72be80ff59829173078234bbb9e9a9e3203201aabc6fae6b3c7080d084b,retain,"Project course, runtime or authoring resource; static reachability alone cannot prove dynamic use.",See source-specific notices,Historical owner CC0 statement retained; imported metadata and scoped notices recorded separately.,No scoped local notice found; see docs/credits.md and preserved source-pack notices.
tracks/GLB Tracks/chicken_gun_fruzer_-_encampment_28.png,images,tracks,44836,0d9ed8eef1490dde62a03e1d085249bbbc0a3c0320699ace184a63358cf0cdfd,retain,"Project course, runtime or authoring resource; static reachability alone cannot prove dynamic use.",See source-specific notices,Historical owner CC0 statement retained; imported metadata and scoped notices recorded separately.,No scoped local notice found; see docs/credits.md and preserved source-pack notices.
tracks/GLB Tracks/chicken_gun_fruzer_-_encampment_29.png,images,tracks,425069,5317a3dbcee22c022dfa4fd61e5ff48b0990d31ca6f7643e64f4b187bd8b3f5e,retain,"Project course, runtime or authoring resource; static reachability alone cannot prove dynamic use.",See source-specific notices,Historical owner CC0 statement retained; imported metadata and scoped notices recorded separately.,No scoped local notice found; see docs/credits.md and preserved source-pack notices.
tracks/GLB Tracks/chicken_gun_fruzer_-_encampment_3.png,images,tracks,48695,aec953e049d9e8dad122c7d8317fb5d46c8c863c63abd2860e784015ff138a00,retain,"Project course, runtime or authoring resource; static reachability alone cannot prove dynamic use.",See source-specific notices,Historical owner CC0 statement retained; imported metadata and scoped notices recorded separately.,No scoped local notice found; see docs/credits.md and preserved source-pack notices.
tracks/GLB Tracks/chicken_gun_fruzer_-_encampment_30.png,images,tracks,198419,e295d43d041a2b1771f38c41c7b0ec9be480152fa6011f2b2beb97a1d0dccbff,retain,"Project course, runtime or authoring resource; static reachability alone cannot prove dynamic use.",See source-specific notices,Historical owner CC0 statement retained; imported metadata and scoped notices recorded separately.,No scoped local notice found; see docs/credits.md and preserved source-pack notices.
tracks/GLB Tracks/chicken_gun_fruzer_-_encampment_31.png,images,tracks,201250,4aa0dc9552469dffc550997c524c925dfdec920b67a679f3be2b79bba6a91307,retain,"Project course, runtime or authoring resource; static reachability alone cannot prove dynamic use.",See source-specific notices,Historical owner CC0 statement retained; imported metadata and scoped notices recorded separately.,No scoped local notice found; see docs/credits.md and preserved source-pack notices.
tracks/GLB Tracks/chicken_gun_fruzer_-_encampment_32.png,images,tracks,276430,198e48143beb2b4ce80e5fdaff73f293fc517c56c16a5e6ebf3a5fca0b883bdf,retain,"Project course, runtime or authoring resource; static reachability alone cannot prove dynamic use.",See source-specific notices,Historical owner CC0 statement retained; imported metadata and scoped notices recorded separately.,No scoped local notice found; see docs/credits.md and preserved source-pack notices.
tracks/GLB Tracks/chicken_gun_fruzer_-_encampment_33.png,images,tracks,46642,22b98d0fafb75b9d9cb6478bfb258cc9eb01615577d85f747f1b4a3a59c67c80,retain,"Project course, runtime or authoring resource; static reachability alone cannot prove dynamic use.",See source-specific notices,Historical owner CC0 statement retained; imported metadata and scoped notices recorded separately.,No scoped local notice found; see docs/credits.md and preserved source-pack notices.
tracks/GLB Tracks/chicken_gun_fruzer_-_encampment_34.png,images,tracks,36950,1516550461708ddc311f122d7c748b3c4ee761fc609691979f699d15ff0efa7d,retain,"Project course, runtime or authoring resource; static reachability alone cannot prove dynamic use.",See source-specific notices,Historical owner CC0 statement retained; imported metadata and scoped notices recorded separately.,No scoped local notice found; see docs/credits.md and preserved source-pack notices.
tracks/GLB Tracks/chicken_gun_fruzer_-_encampment_35.png,images,tracks,46170,dd6576518e7793e0677db9a54ebaf4780812ab63ed0434c190e3fb5d514377c3,retain,"Project course, runtime or authoring resource; static reachability alone cannot prove dynamic use.",See source-specific notices,Historical owner CC0 statement retained; imported metadata and scoped notices recorded separately.,No scoped local notice found; see docs/credits.md and preserved source-pack notices.
tracks/GLB Tracks/chicken_gun_fruzer_-_encampment_36.png,images,tracks,92885,a274195984b1297c4f9e017b5960e8ea2b00883a144b94bee6d6adb1e4883741,retain,"Project course, runtime or authoring resource; static reachability alone cannot prove dynamic use.",See source-specific notices,Historical owner CC0 statement retained; imported metadata and scoped notices recorded separately.,No scoped local notice found; see docs/credits.md and preserved source-pack notices.
tracks/GLB Tracks/chicken_gun_fruzer_-_encampment_37.png,images,tracks,40218,c26223bdfcab0a1cea2c5909b8b30eb18ed74cfbf5a3634f968943e349710dfe,retain,"Project course, runtime or authoring resource; static reachability alone cannot prove dynamic use.",See source-specific notices,Historical owner CC0 statement retained; imported metadata and scoped notices recorded separately.,No scoped local notice found; see docs/credits.md and preserved source-pack notices.
tracks/GLB Tracks/chicken_gun_fruzer_-_encampment_38.png,images,tracks,48605,e05be4544df20101809441c5a147a47e9b5430a65ae19df7b9a286836a67629d,retain,"Project course, runtime or authoring resource; static reachability alone cannot prove dynamic use.",See source-specific notices,Historical owner CC0 statement retained; imported metadata and scoped notices recorded separately.,No scoped local notice found; see docs/credits.md and preserved source-pack notices.
tracks/GLB Tracks/chicken_gun_fruzer_-_encampment_39.png,images,tracks,870893,c0235d02e264db3fb757d2e6e2b59500b9a273ef756e68218ac5d4fdad4097c9,retain,"Project course, runtime or authoring resource; static reachability alone cannot prove dynamic use.",See source-specific notices,Historical owner CC0 statement retained; imported metadata and scoped notices recorded separately.,No scoped local notice found; see docs/credits.md and preserved source-pack notices.
tracks/GLB Tracks/chicken_gun_fruzer_-_encampment_4.png,images,tracks,58558,27a298c08c7b22891b2a62cc982af5e831c9b67f05729de93e0da12fb7c57aa9,retain,"Project course, runtime or authoring resource; static reachability alone cannot prove dynamic use.",See source-specific notices,Historical owner CC0 statement retained; imported metadata and scoped notices recorded separately.,No scoped local notice found; see docs/credits.md and preserved source-pack notices.
tracks/GLB Tracks/chicken_gun_fruzer_-_encampment_40.png,images,tracks,47433,82458c2bfce6eb192736b01de603bab9639d2ba31740ec4aab881e2ff15bfc83,retain,"Project course, runtime or authoring resource; static reachability alone cannot prove dynamic use.",See source-specific notices,Historical owner CC0 statement retained; imported metadata and scoped notices recorded separately.,No scoped local notice found; see docs/credits.md and preserved source-pack notices.
tracks/GLB Tracks/chicken_gun_fruzer_-_encampment_41.png,images,tracks,36441,6048e3e14c670668898f48d98d12ea270be15a5b9c59a75ba9753ea2634cb450,retain,"Project course, runtime or authoring resource; static reachability alone cannot prove dynamic use.",See source-specific notices,Historical owner CC0 statement retained; imported metadata and scoped notices recorded separately.,No scoped local notice found; see docs/credits.md and preserved source-pack notices.
tracks/GLB Tracks/chicken_gun_fruzer_-_encampment_42.png,images,tracks,53748,3e3c0de61c7a5ea233b122b89f74e0594c160ca5728e43ff036cc7c14f80bbd5,retain,"Project course, runtime or authoring resource; static reachability alone cannot prove dynamic use.",See source-specific notices,Historical owner CC0 statement retained; imported metadata and scoped notices recorded separately.,No scoped local notice found; see docs/credits.md and preserved source-pack notices.
tracks/GLB Tracks/chicken_gun_fruzer_-_encampment_43.png,images,tracks,47212,e90db17efc4018f8dc537a1efeebceeefe2e9f822305c44ff3db7d68006896c6,retain,"Project course, runtime or authoring resource; static reachability alone cannot prove dynamic use.",See source-specific notices,Historical owner CC0 statement retained; imported metadata and scoped notices recorded separately.,No scoped local notice found; see docs/credits.md and preserved source-pack notices.
tracks/GLB Tracks/chicken_gun_fruzer_-_encampment_44.png,images,tracks,157437,b7693935c331eae1b0c94ee293e8ae03643589d96c77046a6e6e156b2937bb10,retain,"Project course, runtime or authoring resource; static reachability alone cannot prove dynamic use.",See source-specific notices,Historical owner CC0 statement retained; imported metadata and scoped notices recorded separately.,No scoped local notice found; see docs/credits.md and preserved source-pack notices.
tracks/GLB Tracks/chicken_gun_fruzer_-_encampment_45.png,images,tracks,231083,9c025674a3ba5eaf58dc3464b041ab22970e8c194b653729a327b7e863c00f2b,retain,"Project course, runtime or authoring resource; static reachability alone cannot prove dynamic use.",See source-specific notices,Historical owner CC0 statement retained; imported metadata and scoped notices recorded separately.,No scoped local notice found; see docs/credits.md and preserved source-pack notices.
tracks/GLB Tracks/chicken_gun_fruzer_-_encampment_46.png,images,tracks,38704,5381e1daae3daf4d7aa1e995bc19d7ecec6d1155deb3ced01160d24d22206926,retain,"Project course, runtime or authoring resource; static reachability alone cannot prove dynamic use.",See source-specific notices,Historical owner CC0 statement retained; imported metadata and scoped notices recorded separately.,No scoped local notice found; see docs/credits.md and preserved source-pack notices.
tracks/GLB Tracks/chicken_gun_fruzer_-_encampment_47.png,images,tracks,30359,0f889e20b7fe1c4a5b88e527165acac07daf0860bc67243c803c7d82d1e00653,retain,"Project course, runtime or authoring resource; static reachability alone cannot prove dynamic use.",See source-specific notices,Historical owner CC0 statement retained; imported metadata and scoped notices recorded separately.,No scoped local notice found; see docs/credits.md and preserved source-pack notices.
tracks/GLB Tracks/chicken_gun_fruzer_-_encampment_48.png,images,tracks,60087,00683643df9765ea7889b611a2c12f91faf68d3fee7362653209acbab6e5723f,retain,"Project course, runtime or authoring resource; static reachability alone cannot prove dynamic use.",See source-specific notices,Historical owner CC0 statement retained; imported metadata and scoped notices recorded separately.,No scoped local notice found; see docs/credits.md and preserved source-pack notices.
tracks/GLB Tracks/chicken_gun_fruzer_-_encampment_49.png,images,tracks,70706,d194f24504cb777a612a1085a674d6fe4aff380120373450d9d9a7270ca5e85a,retain,"Project course, runtime or authoring resource; static reachability alone cannot prove dynamic use.",See source-specific notices,Historical owner CC0 statement retained; imported metadata and scoped notices recorded separately.,No scoped local notice found; see docs/credits.md and preserved source-pack notices.
tracks/GLB Tracks/chicken_gun_fruzer_-_encampment_5.png,images,tracks,28019,7d0f2049f37fd5317f30f9ee53febd15e6df2fca1fea9b1190b8d4347278593e,retain,"Project course, runtime or authoring resource; static reachability alone cannot prove dynamic use.",See source-specific notices,Historical owner CC0 statement retained; imported metadata and scoped notices recorded separately.,No scoped local notice found; see docs/credits.md and preserved source-pack notices.
tracks/GLB Tracks/chicken_gun_fruzer_-_encampment_50.png,images,tracks,72347,caa9e5bf4876638af8e0a09d9bd814900a17d7c5e3d8760e04b3dc9eb7fc1aac,retain,"Project course, runtime or authoring resource; static reachability alone cannot prove dynamic use.",See source-specific notices,Historical owner CC0 statement retained; imported metadata and scoped notices recorded separately.,No scoped local notice found; see docs/credits.md and preserved source-pack notices.
tracks/GLB Tracks/chicken_gun_fruzer_-_encampment_51.png,images,tracks,61517,b46d80c490043613ce6ec3cfc3b2925236cf0808d6252662b056e7f899066ee4,retain,"Project course, runtime or authoring resource; static reachability alone cannot prove dynamic use.",See source-specific notices,Historical owner CC0 statement retained; imported metadata and scoped notices recorded separately.,No scoped local notice found; see docs/credits.md and preserved source-pack notices.
tracks/GLB Tracks/chicken_gun_fruzer_-_encampment_52.png,images,tracks,52073,40f6dfb3a76565ab34ae71353dde93f616a584898905eb36c42dd23e68f49aab,retain,"Project course, runtime or authoring resource; static reachability alone cannot prove dynamic use.",See source-specific notices,Historical owner CC0 statement retained; imported metadata and scoped notices recorded separately.,No scoped local notice found; see docs/credits.md and preserved source-pack notices.
tracks/GLB Tracks/chicken_gun_fruzer_-_encampment_53.png,images,tracks,49177,df10310dc976e3a19f5ab2146ab0a222b96f249e86b42ff8c91a4badad8c73a3,retain,"Project course, runtime or authoring resource; static reachability alone cannot prove dynamic use.",See source-specific notices,Historical owner CC0 statement retained; imported metadata and scoped notices recorded separately.,No scoped local notice found; see docs/credits.md and preserved source-pack notices.
tracks/GLB Tracks/chicken_gun_fruzer_-_encampment_54.png,images,tracks,126978,e00f0e0c695321ebae8acd652a0d4ae02089f22b84003fb3beea7df9eefb09e5,retain,"Project course, runtime or authoring resource; static reachability alone cannot prove dynamic use.",See source-specific notices,Historical owner CC0 statement retained; imported metadata and scoped notices recorded separately.,No scoped local notice found; see docs/credits.md and preserved source-pack notices.
tracks/GLB Tracks/chicken_gun_fruzer_-_encampment_55.png,images,tracks,233191,66ffee9a4e615562de27ace3b2289b1e8a74b44bfbdbdc3459ee3630a82982a0,retain,"Project course, runtime or authoring resource; static reachability alone cannot prove dynamic use.",See source-specific notices,Historical owner CC0 statement retained; imported metadata and scoped notices recorded separately.,No scoped local notice found; see docs/credits.md and preserved source-pack notices.
tracks/GLB Tracks/chicken_gun_fruzer_-_encampment_56.png,images,tracks,121078,e8b175bd427992c89665adcbf577a0432659b779d7b99c634289ec0570340a0d,retain,"Project course, runtime or authoring resource; static reachability alone cannot prove dynamic use.",See source-specific notices,Historical owner CC0 statement retained; imported metadata and scoped notices recorded separately.,No scoped local notice found; see docs/credits.md and preserved source-pack notices.
tracks/GLB Tracks/chicken_gun_fruzer_-_encampment_57.png,images,tracks,202877,4cad78b118c37ac72332ad72e8c9fcc06df43709b70437bd3132e8f25801cf1f,retain,"Project course, runtime or authoring resource; static reachability alone cannot prove dynamic use.",See source-specific notices,Historical owner CC0 statement retained; imported metadata and scoped notices recorded separately.,No scoped local notice found; see docs/credits.md and preserved source-pack notices.
tracks/GLB Tracks/chicken_gun_fruzer_-_encampment_58.png,images,tracks,39635,13a4a5a1718bc8684342ddd11435de29c812ff340c0593884a2d551ea60590a7,retain,"Project course, runtime or authoring resource; static reachability alone cannot prove dynamic use.",See source-specific notices,Historical owner CC0 statement retained; imported metadata and scoped notices recorded separately.,No scoped local notice found; see docs/credits.md and preserved source-pack notices.
tracks/GLB Tracks/chicken_gun_fruzer_-_encampment_59.png,images,tracks,37918,2332d844fbeeffb4859d648c2e70902808aa2b75d0c0076509447e898fb15ed6,retain,"Project course, runtime or authoring resource; static reachability alone cannot prove dynamic use.",See source-specific notices,Historical owner CC0 statement retained; imported metadata and scoped notices recorded separately.,No scoped local notice found; see docs/credits.md and preserved source-pack notices.
tracks/GLB Tracks/chicken_gun_fruzer_-_encampment_6.png,images,tracks,21637,f677eae1aa8145caac7f8e188a33225e5c5deb88bc8836db3f64cc7b7da2f7ab,retain,"Project course, runtime or authoring resource; static reachability alone cannot prove dynamic use.",See source-specific notices,Historical owner CC0 statement retained; imported metadata and scoped notices recorded separately.,No scoped local notice found; see docs/credits.md and preserved source-pack notices.
tracks/GLB Tracks/chicken_gun_fruzer_-_encampment_60.png,images,tracks,114957,30685d62945835b4b4bf6e0fb254387fac8fd479fd10cb4a0c7a8b1dc65223ef,retain,"Project course, runtime or authoring resource; static reachability alone cannot prove dynamic use.",See source-specific notices,Historical owner CC0 statement retained; imported metadata and scoped notices recorded separately.,No scoped local notice found; see docs/credits.md and preserved source-pack notices.
tracks/GLB Tracks/chicken_gun_fruzer_-_encampment_61.png,images,tracks,253439,5977e80a34bed14a66bcee3f6c2233790b745e266e23751fa18950318005cbe7,retain,"Project course, runtime or authoring resource; static reachability alone cannot prove dynamic use.",See source-specific notices,Historical owner CC0 statement retained; imported metadata and scoped notices recorded separately.,No scoped local notice found; see docs/credits.md and preserved source-pack notices.
tracks/GLB Tracks/chicken_gun_fruzer_-_encampment_62.png,images,tracks,145951,5cc52cb4109fc4fdaef398d23d98527844c990411b7ef54039a47fa14cf4ee54,retain,"Project course, runtime or authoring resource; static reachability alone cannot prove dynamic use.",See source-specific notices,Historical owner CC0 statement retained; imported metadata and scoped notices recorded separately.,No scoped local notice found; see docs/credits.md and preserved source-pack notices.
tracks/GLB Tracks/chicken_gun_fruzer_-_encampment_63.png,images,tracks,136785,1262c2d3b317def7360879fcaec4691fba48d3b0249ea3312565e513de3f26da,retain,"Project course, runtime or authoring resource; static reachability alone cannot prove dynamic use.",See source-specific notices,Historical owner CC0 statement retained; imported metadata and scoped notices recorded separately.,No scoped local notice found; see docs/credits.md and preserved source-pack notices.
tracks/GLB Tracks/chicken_gun_fruzer_-_encampment_64.png,images,tracks,50350,6f1d09df5e0b24c9a41c58b40d694196ea7e6c9f93cad0337b61c6751bd464fc,retain,"Project course, runtime or authoring resource; static reachability alone cannot prove dynamic use.",See source-specific notices,Historical owner CC0 statement retained; imported metadata and scoped notices recorded separately.,No scoped local notice found; see docs/credits.md and preserved source-pack notices.
tracks/GLB Tracks/chicken_gun_fruzer_-_encampment_65.png,images,tracks,62547,ecb2822c756d9798b374b2a2b5d130068a0b8bbf6ab091f31205525812c65b27,retain,"Project course, runtime or authoring resource; static reachability alone cannot prove dynamic use.",See source-specific notices,Historical owner CC0 statement retained; imported metadata and scoped notices recorded separately.,No scoped local notice found; see docs/credits.md and preserved source-pack notices.
tracks/GLB Tracks/chicken_gun_fruzer_-_encampment_66.png,images,tracks,197955,12a0393cc265adaa34fa7d26b6baeb456502965b99bd562a599f8f63492ded36,retain,"Project course, runtime or authoring resource; static reachability alone cannot prove dynamic use.",See source-specific notices,Historical owner CC0 statement retained; imported metadata and scoped notices recorded separately.,No scoped local notice found; see docs/credits.md and preserved source-pack notices.
tracks/GLB Tracks/chicken_gun_fruzer_-_encampment_67.png,images,tracks,119945,090a3f520bc2646d5e0e6447509ac1005cdd2fdfe79ffb79571d749deb16c9b4,retain,"Project course, runtime or authoring resource; static reachability alone cannot prove dynamic use.",See source-specific notices,Historical owner CC0 statement retained; imported metadata and scoped notices recorded separately.,No scoped local notice found; see docs/credits.md and preserved source-pack notices.
tracks/GLB Tracks/chicken_gun_fruzer_-_encampment_68.png,images,tracks,226134,782c110aa288d653f998449ec46b1edd510659f8c5bf9ba8c32608f8999ada4b,retain,"Project course, runtime or authoring resource; static reachability alone cannot prove dynamic use.",See source-specific notices,Historical owner CC0 statement retained; imported metadata and scoped notices recorded separately.,No scoped local notice found; see docs/credits.md and preserved source-pack notices.
tracks/GLB Tracks/chicken_gun_fruzer_-_encampment_69.png,images,tracks,226134,782c110aa288d653f998449ec46b1edd510659f8c5bf9ba8c32608f8999ada4b,retain,"Project course, runtime or authoring resource; static reachability alone cannot prove dynamic use.",See source-specific notices,Historical owner CC0 statement retained; imported metadata and scoped notices recorded separately.,No scoped local notice found; see docs/credits.md and preserved source-pack notices.
tracks/GLB Tracks/chicken_gun_fruzer_-_encampment_7.png,images,tracks,9596,20acf43d572b2039aee0a6038b2e7eaf537551884eaeb60410c4fe64f67e4bf6,retain,"Project course, runtime or authoring resource; static reachability alone cannot prove dynamic use.",See source-specific notices,Historical owner CC0 statement retained; imported metadata and scoped notices recorded separately.,No scoped local notice found; see docs/credits.md and preserved source-pack notices.
tracks/GLB Tracks/chicken_gun_fruzer_-_encampment_70.png,images,tracks,164427,0c06b9fc2f85c254df99f459af340d828b7869c44c108c4b936282bb73fecc2e,retain,"Project course, runtime or authoring resource; static reachability alone cannot prove dynamic use.",See source-specific notices,Historical owner CC0 statement retained; imported metadata and scoped notices recorded separately.,No scoped local notice found; see docs/credits.md and preserved source-pack notices.
tracks/GLB Tracks/chicken_gun_fruzer_-_encampment_71.png,images,tracks,50175,248ba9dad9302f6d516112300e1febf32cc537bfa29c276c7dfb146ad2b38c62,retain,"Project course, runtime or authoring resource; static reachability alone cannot prove dynamic use.",See source-specific notices,Historical owner CC0 statement retained; imported metadata and scoped notices recorded separately.,No scoped local notice found; see docs/credits.md and preserved source-pack notices.
tracks/GLB Tracks/chicken_gun_fruzer_-_encampment_72.png,images,tracks,43815,24dd50e81ed2e345f2e44c2d04c9fa9c53d7cbc833816e7745422e9547504f62,retain,"Project course, runtime or authoring resource; static reachability alone cannot prove dynamic use.",See source-specific notices,Historical owner CC0 statement retained; imported metadata and scoped notices recorded separately.,No scoped local notice found; see docs/credits.md and preserved source-pack notices.
tracks/GLB Tracks/chicken_gun_fruzer_-_encampment_73.png,images,tracks,205537,661ef3333ae6fc837e62f6c674cfebd805203bbbe74a181e9185b8eea2b190ed,retain,"Project course, runtime or authoring resource; static reachability alone cannot prove dynamic use.",See source-specific notices,Historical owner CC0 statement retained; imported metadata and scoped notices recorded separately.,No scoped local notice found; see docs/credits.md and preserved source-pack notices.
tracks/GLB Tracks/chicken_gun_fruzer_-_encampment_74.png,images,tracks,222200,3a8a66e7cbc3a47b30f1ee0e08284f65f9f9aa77ce48bd703825de091b5d500e,retain,"Project course, runtime or authoring resource; static reachability alone cannot prove dynamic use.",See source-specific notices,Historical owner CC0 statement retained; imported metadata and scoped notices recorded separately.,No scoped local notice found; see docs/credits.md and preserved source-pack notices.
tracks/GLB Tracks/chicken_gun_fruzer_-_encampment_75.png,images,tracks,44585,34399b7ef5c045e18f3adcd77ec774ffb0d977a8cf6a7cdb8f2b0a34b51b4d97,retain,"Project course, runtime or authoring resource; static reachability alone cannot prove dynamic use.",See source-specific notices,Historical owner CC0 statement retained; imported metadata and scoped notices recorded separately.,No scoped local notice found; see docs/credits.md and preserved source-pack notices.
tracks/GLB Tracks/chicken_gun_fruzer_-_encampment_76.png,images,tracks,151430,aba8db77dc55b2041846fa86facaf3d785624659a066e21084f1389a1e9d0085,retain,"Project course, runtime or authoring resource; static reachability alone cannot prove dynamic use.",See source-specific notices,Historical owner CC0 statement retained; imported metadata and scoped notices recorded separately.,No scoped local notice found; see docs/credits.md and preserved source-pack notices.
tracks/GLB Tracks/chicken_gun_fruzer_-_encampment_77.png,images,tracks,45661,ee7deea5a02b416884673592f954f4c65462c5e377b0e257312a94c8b1d16a59,retain,"Project course, runtime or authoring resource; static reachability alone cannot prove dynamic use.",See source-specific notices,Historical owner CC0 statement retained; imported metadata and scoped notices recorded separately.,No scoped local notice found; see docs/credits.md and preserved source-pack notices.
tracks/GLB Tracks/chicken_gun_fruzer_-_encampment_78.png,images,tracks,42918,36c9d20be753ce94597c59e58c74ba7d611408bd7977a3d2abe219cafd06b24c,retain,"Project course, runtime or authoring resource; static reachability alone cannot prove dynamic use.",See source-specific notices,Historical owner CC0 statement retained; imported metadata and scoped notices recorded separately.,No scoped local notice found; see docs/credits.md and preserved source-pack notices.
tracks/GLB Tracks/chicken_gun_fruzer_-_encampment_79.png,images,tracks,130230,66c0238c1d1bf52b19ce427d25cca4912201b1f06b384bb679a36d464644fc54,retain,"Project course, runtime or authoring resource; static reachability alone cannot prove dynamic use.",See source-specific notices,Historical owner CC0 statement retained; imported metadata and scoped notices recorded separately.,No scoped local notice found; see docs/credits.md and preserved source-pack notices.
tracks/GLB Tracks/chicken_gun_fruzer_-_encampment_8.png,images,tracks,21359,5b7a06dea8585e3e305fe56037feaac1ba2340dc9690f55f571ced6bdfbe03af,retain,"Project course, runtime or authoring resource; static reachability alone cannot prove dynamic use.",See source-specific notices,Historical owner CC0 statement retained; imported metadata and scoped notices recorded separately.,No scoped local notice found; see docs/credits.md and preserved source-pack notices.
tracks/GLB Tracks/chicken_gun_fruzer_-_encampment_80.png,images,tracks,2038,261353db161ccc3c27cf69e8992c39453cd73046501eaf3a6d4f275e7662f5fe,retain,"Project course, runtime or authoring resource; static reachability alone cannot prove dynamic use.",See source-specific notices,Historical owner CC0 statement retained; imported metadata and scoped notices recorded separately.,No scoped local notice found; see docs/credits.md and preserved source-pack notices.
tracks/GLB Tracks/chicken_gun_fruzer_-_encampment_81.png,images,tracks,253439,5977e80a34bed14a66bcee3f6c2233790b745e266e23751fa18950318005cbe7,retain,"Project course, runtime or authoring resource; static reachability alone cannot prove dynamic use.",See source-specific notices,Historical owner CC0 statement retained; imported metadata and scoped notices recorded separately.,No scoped local notice found; see docs/credits.md and preserved source-pack notices.
tracks/GLB Tracks/chicken_gun_fruzer_-_encampment_82.png,images,tracks,109190,11091ae7b84f2c934c29975d807876bb2ad4b474a8c666f25d0383b1b81505fe,retain,"Project course, runtime or authoring resource; static reachability alone cannot prove dynamic use.",See source-specific notices,Historical owner CC0 statement retained; imported metadata and scoped notices recorded separately.,No scoped local notice found; see docs/credits.md and preserved source-pack notices.
tracks/GLB Tracks/chicken_gun_fruzer_-_encampment_83.png,images,tracks,206893,397194bbfc1a8459cc99250acadc86e5422b641264f5b42d7ee17688982553ee,retain,"Project course, runtime or authoring resource; static reachability alone cannot prove dynamic use.",See source-specific notices,Historical owner CC0 statement retained; imported metadata and scoped notices recorded separately.,No scoped local notice found; see docs/credits.md and preserved source-pack notices.
tracks/GLB Tracks/chicken_gun_fruzer_-_encampment_84.png,images,tracks,58811,be87a81d62560152949f150026166b5c2f172979cc077a5a4cf94766522f0818,retain,"Project course, runtime or authoring resource; static reachability alone cannot prove dynamic use.",See source-specific notices,Historical owner CC0 statement retained; imported metadata and scoped notices recorded separately.,No scoped local notice found; see docs/credits.md and preserved source-pack notices.
tracks/GLB Tracks/chicken_gun_fruzer_-_encampment_85.png,images,tracks,51591,39927165ccecfbf4f8b87d9fd887f5617d0cf2f9caa0fd30b322f7c59533b0d6,retain,"Project course, runtime or authoring resource; static reachability alone cannot prove dynamic use.",See source-specific notices,Historical owner CC0 statement retained; imported metadata and scoped notices recorded separately.,No scoped local notice found; see docs/credits.md and preserved source-pack notices.
tracks/GLB Tracks/chicken_gun_fruzer_-_encampment_86.png,images,tracks,35022,19a767ed76df31fab44128e2ae0b959e24dfc5f2de6db2e4657d8c164d84006e,retain,"Project course, runtime or authoring resource; static reachability alone cannot prove dynamic use.",See source-specific notices,Historical owner CC0 statement retained; imported metadata and scoped notices recorded separately.,No scoped local notice found; see docs/credits.md and preserved source-pack notices.
tracks/GLB Tracks/chicken_gun_fruzer_-_encampment_87.png,images,tracks,49551,9658263235ed958e11a7aa26ac8d00efc59808040157d9a2dddfe8e3f30c9793,retain,"Project course, runtime or authoring resource; static reachability alone cannot prove dynamic use.",See source-specific notices,Historical owner CC0 statement retained; imported metadata and scoped notices recorded separately.,No scoped local notice found; see docs/credits.md and preserved source-pack notices.
tracks/GLB Tracks/chicken_gun_fruzer_-_encampment_88.png,images,tracks,33237,a7a88bd8b829f84098cf0bb97410595b64e76a838485a354a8437f6f606d1d40,retain,"Project course, runtime or authoring resource; static reachability alone cannot prove dynamic use.",See source-specific notices,Historical owner CC0 statement retained; imported metadata and scoped notices recorded separately.,No scoped local notice found; see docs/credits.md and preserved source-pack notices.
tracks/GLB Tracks/chicken_gun_fruzer_-_encampment_89.png,images,tracks,45215,f13c8c0af8503242243b7683f392fa0163dfeac51a43c80a8189fb592dfe320a,retain,"Project course, runtime or authoring resource; static reachability alone cannot prove dynamic use.",See source-specific notices,Historical owner CC0 statement retained; imported metadata and scoped notices recorded separately.,No scoped local notice found; see docs/credits.md and preserved source-pack notices.
tracks/GLB Tracks/chicken_gun_fruzer_-_encampment_9.png,images,tracks,50140,39b5c95fcdebbcd963fc96e6854fc866810c45e33e26a0bc8895002b89638e86,retain,"Project course, runtime or authoring resource; static reachability alone cannot prove dynamic use.",See source-specific notices,Historical owner CC0 statement retained; imported metadata and scoped notices recorded separately.,No scoped local notice found; see docs/credits.md and preserved source-pack notices.
tracks/GLB Tracks/chicken_gun_fruzer_-_encampment_90.png,images,tracks,215197,63f17add3ea9aaf61587f1bd0801d768e75794eb6e4c412c4a4959c73d181bd1,retain,"Project course, runtime or authoring resource; static reachability alone cannot prove dynamic use.",See source-specific notices,Historical owner CC0 statement retained; imported metadata and scoped notices recorded separately.,No scoped local notice found; see docs/credits.md and preserved source-pack notices.
tracks/GLB Tracks/chicken_gun_fruzer_-_encampment_91.png,images,tracks,32429,574e88b46c4e1afe94211240b78b38b50880845defbfc0676081f43ac0ca8247,retain,"Project course, runtime or authoring resource; static reachability alone cannot prove dynamic use.",See source-specific notices,Historical owner CC0 statement retained; imported metadata and scoped notices recorded separately.,No scoped local notice found; see docs/credits.md and preserved source-pack notices.
tracks/GLB Tracks/chicken_gun_fruzer_-_encampment_92.png,images,tracks,31419,726651aee91caaff20b2b1755e0943a435af9876de7527fa065e185db20c290e,retain,"Project course, runtime or authoring resource; static reachability alone cannot prove dynamic use.",See source-specific notices,Historical owner CC0 statement retained; imported metadata and scoped notices recorded separately.,No scoped local notice found; see docs/credits.md and preserved source-pack notices.
tracks/GLB Tracks/chicken_gun_fruzer_-_encampment_93.png,images,tracks,29936,ad5aa1a04fbfe1800f32fd755ba1513e6fef9a7ee413d4da3704abd291a9b86b,retain,"Project course, runtime or authoring resource; static reachability alone cannot prove dynamic use.",See source-specific notices,Historical owner CC0 statement retained; imported metadata and scoped notices recorded separately.,No scoped local notice found; see docs/credits.md and preserved source-pack notices.
tracks/GLB Tracks/chicken_gun_fruzer_-_encampment_94.png,images,tracks,303484,a0428f2f3b63ae1de5efa41f3799b570d7d4cb10b9a5aa48098666e1b1e8a805,retain,"Project course, runtime or authoring resource; static reachability alone cannot prove dynamic use.",See source-specific notices,Historical owner CC0 statement retained; imported metadata and scoped notices recorded separately.,No scoped local notice found; see docs/credits.md and preserved source-pack notices.
tracks/GLB Tracks/chicken_gun_fruzer_-_encampment_95.png,images,tracks,86740,b846c24a4451bb47a4bb8feefc7aad91975203c43fcc8eeb9b798b09102045c4,retain,"Project course, runtime or authoring resource; static reachability alone cannot prove dynamic use.",See source-specific notices,Historical owner CC0 statement retained; imported metadata and scoped notices recorded separately.,No scoped local notice found; see docs/credits.md and preserved source-pack notices.
tracks/GLB Tracks/chicken_gun_fruzer_-_encampment_96.png,images,tracks,153322,191fd2a6c89de2fefacf4daca15c6e7f7beed12eaca68fb0a14aef51365ea934,retain,"Project course, runtime or authoring resource; static reachability alone cannot prove dynamic use.",See source-specific notices,Historical owner CC0 statement retained; imported metadata and scoped notices recorded separately.,No scoped local notice found; see docs/credits.md and preserved source-pack notices.
tracks/GLB Tracks/chicken_gun_fruzer_-_encampment_97.png,images,tracks,105369,b3dc9c398494c306a6cde55bc5bd92dabc36fd0cf1e763e561757de93e5c6450,retain,"Project course, runtime or authoring resource; static reachability alone cannot prove dynamic use.",See source-specific notices,Historical owner CC0 statement retained; imported metadata and scoped notices recorded separately.,No scoped local notice found; see docs/credits.md and preserved source-pack notices.
tracks/GLB Tracks/chicken_gun_fruzer_-_encampment_98.png,images,tracks,26735,ebb5b923f27fa1de94aae789d07732f14995b0133aa2b312381ea32969718e20,retain,"Project course, runtime or authoring resource; static reachability alone cannot prove dynamic use.",See source-specific notices,Historical owner CC0 statement retained; imported metadata and scoped notices recorded separately.,No scoped local notice found; see docs/credits.md and preserved source-pack notices.
tracks/GLB Tracks/chicken_gun_fruzer_-_encampment_99.png,images,tracks,77086,a7609cc6eaa4f8624a6d61c91aceac9d27678455d9e16b5c42f9b849def758f1,retain,"Project course, runtime or authoring resource; static reachability alone cannot prove dynamic use.",See source-specific notices,Historical owner CC0 statement retained; imported metadata and scoped notices recorded separately.,No scoped local notice found; see docs/credits.md and preserved source-pack notices.
tracks/GLB Tracks/chicken_gun_fruzer_cyberpunk.glb,models,tracks,44252548,f2efffc1cd27a1aea7188761fe1d941f48e60f744ba426331c714186fc062d54,retain,"Project course, runtime or authoring resource; static reachability alone cannot prove dynamic use.",See source-specific notices,Historical owner CC0 statement retained; imported metadata and scoped notices recorded separately.,No scoped local notice found; see docs/credits.md and preserved source-pack notices.
tracks/GLB Tracks/chicken_gun_fruzer_cyberpunk_0.png,images,tracks,17723,221a4607e436171fc3dab9bf153860fdbbd53fa91139df38809f0191b4e73e1b,retain,"Project course, runtime or authoring resource; static reachability alone cannot prove dynamic use.",See source-specific notices,Historical owner CC0 statement retained; imported metadata and scoped notices recorded separately.,No scoped local notice found; see docs/credits.md and preserved source-pack notices.
tracks/GLB Tracks/chicken_gun_fruzer_cyberpunk_1.png,images,tracks,850,75a318167a9ebf9843b0e39952267dd499cb0f89a11fdfa16c852dc199b72b33,retain,"Project course, runtime or authoring resource; static reachability alone cannot prove dynamic use.",See source-specific notices,Historical owner CC0 statement retained; imported metadata and scoped notices recorded separately.,No scoped local notice found; see docs/credits.md and preserved source-pack notices.
tracks/GLB Tracks/chicken_gun_fruzer_cyberpunk_2.png,images,tracks,52697,328619ed7d8adf435e4162889a751295c6d8ff8de7f63da0a620fc7afd2ef915,retain,"Project course, runtime or authoring resource; static reachability alone cannot prove dynamic use.",See source-specific notices,Historical owner CC0 statement retained; imported metadata and scoped notices recorded separately.,No scoped local notice found; see docs/credits.md and preserved source-pack notices.
tracks/GLB Tracks/chicken_gun_fruzer_cyberpunk_3.png,images,tracks,1261,292de4067cf5a7c6888b4af1b84823f190024d216cf593272e2e70f18bafdd76,retain,"Project course, runtime or authoring resource; static reachability alone cannot prove dynamic use.",See source-specific notices,Historical owner CC0 statement retained; imported metadata and scoped notices recorded separately.,No scoped local notice found; see docs/credits.md and preserved source-pack notices.
tracks/GLB Tracks/chicken_gun_fruzer_cyberpunk_4.png,images,tracks,2335,2421b462ac1c2317a3d81cc32cfe034fccf25bd17c9c5a7a9b6db39c964a953f,retain,"Project course, runtime or authoring resource; static reachability alone cannot prove dynamic use.",See source-specific notices,Historical owner CC0 statement retained; imported metadata and scoped notices recorded separately.,No scoped local notice found; see docs/credits.md and preserved source-pack notices.
tracks/GLB Tracks/chicken_gun_fruzer_cyberpunk_5.png,images,tracks,271192,b2da2182c05863dc1b878e461fbd64d7c0e1112a0bfd3b358664ef17ecd14822,retain,"Project course, runtime or authoring resource; static reachability alone cannot prove dynamic use.",See source-specific notices,Historical owner CC0 statement retained; imported metadata and scoped notices recorded separately.,No scoped local notice found; see docs/credits.md and preserved source-pack notices.
tracks/GLB Tracks/chicken_gun_fruzer_cyberpunk_6.png,images,tracks,270381,7e860ae85860ae6d1d6fea0e27fcc4c7ebd154d0d835f4b290731b28094adeea,retain,"Project course, runtime or authoring resource; static reachability alone cannot prove dynamic use.",See source-specific notices,Historical owner CC0 statement retained; imported metadata and scoped notices recorded separately.,No scoped local notice found; see docs/credits.md and preserved source-pack notices.
tracks/GLB Tracks/chicken_gun_fruzer_cyberpunk_7.png,images,tracks,3957,819fbee9a453fe996e6b5849b3ee89234f8b6391887a2d642b33da3bf24d3fb4,retain,"Project course, runtime or authoring resource; static reachability alone cannot prove dynamic use.",See source-specific notices,Historical owner CC0 statement retained; imported metadata and scoped notices recorded separately.,No scoped local notice found; see docs/credits.md and preserved source-pack notices.
tracks/GLB Tracks/chicken_gun_fruzer_cyberpunk_8.png,images,tracks,31894,8eb60240e452c6abc230453b0522e4d04aaed330ac1e19ca236aad42429fc4bc,retain,"Project course, runtime or authoring resource; static reachability alone cannot prove dynamic use.",See source-specific notices,Historical owner CC0 statement retained; imported metadata and scoped notices recorded separately.,No scoped local notice found; see docs/credits.md and preserved source-pack notices.
tracks/GLB Tracks/chicken_gun_fruzer_cyberpunk_9.png,images,tracks,25423,077f560df5f203a896f7090158c9ca843bec33fcc1061551f83fe345dfc43b1e,retain,"Project course, runtime or authoring resource; static reachability alone cannot prove dynamic use.",See source-specific notices,Historical owner CC0 statement retained; imported metadata and scoped notices recorded separately.,No scoped local notice found; see docs/credits.md and preserved source-pack notices.
tracks/GLB Tracks/chiostro_ex_convento_di_civitaretenga_laquila.glb,models,tracks,20767432,d20616b273c5cb1e484eaa5a5b804bc1488b204bc56a5b4a707e4d749819cc51,retain,"Project course, runtime or authoring resource; static reachability alone cannot prove dynamic use.",See source-specific notices,Historical owner CC0 statement retained; imported metadata and scoped notices recorded separately.,No scoped local notice found; see docs/credits.md and preserved source-pack notices.
tracks/GLB Tracks/chiostro_ex_convento_di_civitaretenga_laquila_0.jpg,images,tracks,7620410,f3c566fb2869d71239445b30effd2b36ffd9048158a3a6edecca79949a41ea74,retain,"Project course, runtime or authoring resource; static reachability alone cannot prove dynamic use.",See source-specific notices,Historical owner CC0 statement retained; imported metadata and scoped notices recorded separately.,No scoped local notice found; see docs/credits.md and preserved source-pack notices.
tracks/GLB Tracks/circuit_de_spa-francorchamps_1939_layout.glb,models,tracks,70948212,97205dfe1198807c9afe04f3f7a8101af85a21159c34b0879db097cf6bb5d83a,retain,"Project course, runtime or authoring resource; static reachability alone cannot prove dynamic use.",See source-specific notices,Historical owner CC0 statement retained; imported metadata and scoped notices recorded separately.,No scoped local notice found; see docs/credits.md and preserved source-pack notices.
tracks/GLB Tracks/circuit_de_spa-francorchamps_1939_layout_0.png,images,tracks,89262,12a75929d0fe24a8938e4474a0ce8b96bb8ede1206cdb1960aaf20e4ceda421f,retain,"Project course, runtime or authoring resource; static reachability alone cannot prove dynamic use.",See source-specific notices,Historical owner CC0 statement retained; imported metadata and scoped notices recorded separately.,No scoped local notice found; see docs/credits.md and preserved source-pack notices.
tracks/GLB Tracks/circuit_de_spa-francorchamps_1939_layout_1.png,images,tracks,3267823,52eff5b16b8af2a4e90d0c7dec6705fd4b4f97166bb321c9976aa9a2781da594,retain,"Project course, runtime or authoring resource; static reachability alone cannot prove dynamic use.",See source-specific notices,Historical owner CC0 statement retained; imported metadata and scoped notices recorded separately.,No scoped local notice found; see docs/credits.md and preserved source-pack notices.
tracks/GLB Tracks/circuit_de_spa-francorchamps_1939_layout_10.png,images,tracks,520612,435f7e769306b697bf64b71ff0d69fdd37d5bc922eb32c8f71242cd35cdc49a4,retain,"Project course, runtime or authoring resource; static reachability alone cannot prove dynamic use.",See source-specific notices,Historical owner CC0 statement retained; imported metadata and scoped notices recorded separately.,No scoped local notice found; see docs/credits.md and preserved source-pack notices.
tracks/GLB Tracks/circuit_de_spa-francorchamps_1939_layout_11.png,images,tracks,570247,ddfa266f0875defd50898f6e2a07c82dc58d159d4ab9880a8d854cdfb82e5676,retain,"Project course, runtime or authoring resource; static reachability alone cannot prove dynamic use.",See source-specific notices,Historical owner CC0 statement retained; imported metadata and scoped notices recorded separately.,No scoped local notice found; see docs/credits.md and preserved source-pack notices.
tracks/GLB Tracks/circuit_de_spa-francorchamps_1939_layout_12.png,images,tracks,345530,2fd7f49a0149c02e0b1f409729f5a2b2d2aa1c989fe08552ffeb2ec04e5e175b,retain,"Project course, runtime or authoring resource; static reachability alone cannot prove dynamic use.",See source-specific notices,Historical owner CC0 statement retained; imported metadata and scoped notices recorded separately.,No scoped local notice found; see docs/credits.md and preserved source-pack notices.
tracks/GLB Tracks/circuit_de_spa-francorchamps_1939_layout_13.png,images,tracks,226039,25a069ed195c3667929fdf023aea149e1130fb3dacdf4f3dd92456c054c14d45,retain,"Project course, runtime or authoring resource; static reachability alone cannot prove dynamic use.",See source-specific notices,Historical owner CC0 statement retained; imported metadata and scoped notices recorded separately.,No scoped local notice found; see docs/credits.md and preserved source-pack notices.
tracks/GLB Tracks/circuit_de_spa-francorchamps_1939_layout_14.png,images,tracks,610525,2101134db43ad7f16c8562c7787e88a56a02e188427824ea5495154e0d27c428,retain,"Project course, runtime or authoring resource; static reachability alone cannot prove dynamic use.",See source-specific notices,Historical owner CC0 statement retained; imported metadata and scoped notices recorded separately.,No scoped local notice found; see docs/credits.md and preserved source-pack notices.
tracks/GLB Tracks/circuit_de_spa-francorchamps_1939_layout_15.png,images,tracks,48046,85e83734234060b3709c6fe902ab9574893b85f02f887c4aeb273c7754e4e114,retain,"Project course, runtime or authoring resource; static reachability alone cannot prove dynamic use.",See source-specific notices,Historical owner CC0 statement retained; imported metadata and scoped notices recorded separately.,No scoped local notice found; see docs/credits.md and preserved source-pack notices.
tracks/GLB Tracks/circuit_de_spa-francorchamps_1939_layout_16.png,images,tracks,386275,68ceefaf6f091e3a0950203807c0b3abd3b915741fcb4263e1633e2d84739451,retain,"Project course, runtime or authoring resource; static reachability alone cannot prove dynamic use.",See source-specific notices,Historical owner CC0 statement retained; imported metadata and scoped notices recorded separately.,No scoped local notice found; see docs/credits.md and preserved source-pack notices.
tracks/GLB Tracks/circuit_de_spa-francorchamps_1939_layout_17.png,images,tracks,254777,e3bfcef9e8666ac70e100d0b502fdc5f3af5ba86c13f6293b21684142d34c1a2,retain,"Project course, runtime or authoring resource; static reachability alone cannot prove dynamic use.",See source-specific notices,Historical owner CC0 statement retained; imported metadata and scoped notices recorded separately.,No scoped local notice found; see docs/credits.md and preserved source-pack notices.
tracks/GLB Tracks/circuit_de_spa-francorchamps_1939_layout_18.png,images,tracks,495368,72abf1e008fd5dcdca424f8ed204d325130883e39de8ef27f833941130c9b6a2,retain,"Project course, runtime or authoring resource; static reachability alone cannot prove dynamic use.",See source-specific notices,Historical owner CC0 statement retained; imported metadata and scoped notices recorded separately.,No scoped local notice found; see docs/credits.md and preserved source-pack notices.
tracks/GLB Tracks/circuit_de_spa-francorchamps_1939_layout_19.png,images,tracks,369365,9ca7af6a0e0d7a36ff21c5ce76573338d7db7abb4b3391cc470850acb500e2e6,retain,"Project course, runtime or authoring resource; static reachability alone cannot prove dynamic use.",See source-specific notices,Historical owner CC0 statement retained; imported metadata and scoped notices recorded separately.,No scoped local notice found; see docs/credits.md and preserved source-pack notices.
tracks/GLB Tracks/circuit_de_spa-francorchamps_1939_layout_2.png,images,tracks,479216,10095f45d1158b2f886c719700619cfabfc1792d7ddb2a945136175058218e5a,retain,"Project course, runtime or authoring resource; static reachability alone cannot prove dynamic use.",See source-specific notices,Historical owner CC0 statement retained; imported metadata and scoped notices recorded separately.,No scoped local notice found; see docs/credits.md and preserved source-pack notices.
tracks/GLB Tracks/circuit_de_spa-francorchamps_1939_layout_20.png,images,tracks,400507,ce11d28beb3ee62f7dc4cfdc7fd82e70eb105fd20aae2da7fb31c15e045873fa,retain,"Project course, runtime or authoring resource; static reachability alone cannot prove dynamic use.",See source-specific notices,Historical owner CC0 statement retained; imported metadata and scoped notices recorded separately.,No scoped local notice found; see docs/credits.md and preserved source-pack notices.
tracks/GLB Tracks/circuit_de_spa-francorchamps_1939_layout_21.png,images,tracks,449994,f453aeace799c07fe1b7f026fb01a2a7b5b4bad318e4d562eb79b4abb90c4bc9,retain,"Project course, runtime or authoring resource; static reachability alone cannot prove dynamic use.",See source-specific notices,Historical owner CC0 statement retained; imported metadata and scoped notices recorded separately.,No scoped local notice found; see docs/credits.md and preserved source-pack notices.
tracks/GLB Tracks/circuit_de_spa-francorchamps_1939_layout_22.png,images,tracks,318640,421caa33f91b6eb42dbad3a443113feb7837a38b3ee03efaaaacf77782623ec7,retain,"Project course, runtime or authoring resource; static reachability alone cannot prove dynamic use.",See source-specific notices,Historical owner CC0 statement retained; imported metadata and scoped notices recorded separately.,No scoped local notice found; see docs/credits.md and preserved source-pack notices.
tracks/GLB Tracks/circuit_de_spa-francorchamps_1939_layout_23.png,images,tracks,31393,3f8981a6cc893e2d56bdcb355bd13e951615b7cae0b0f271d70a12fe213656af,retain,"Project course, runtime or authoring resource; static reachability alone cannot prove dynamic use.",See source-specific notices,Historical owner CC0 statement retained; imported metadata and scoped notices recorded separately.,No scoped local notice found; see docs/credits.md and preserved source-pack notices.
tracks/GLB Tracks/circuit_de_spa-francorchamps_1939_layout_24.png,images,tracks,22788,d54fcc364570fd340e79038c83c9856761ecffa2f0d52599d7a2ec6db926fc49,retain,"Project course, runtime or authoring resource; static reachability alone cannot prove dynamic use.",See source-specific notices,Historical owner CC0 statement retained; imported metadata and scoped notices recorded separately.,No scoped local notice found; see docs/credits.md and preserved source-pack notices.
tracks/GLB Tracks/circuit_de_spa-francorchamps_1939_layout_25.png,images,tracks,320018,a470f1b2c8cdda9b96a7a46c79f34f50d01023f9815519260b60352e841724b5,retain,"Project course, runtime or authoring resource; static reachability alone cannot prove dynamic use.",See source-specific notices,Historical owner CC0 statement retained; imported metadata and scoped notices recorded separately.,No scoped local notice found; see docs/credits.md and preserved source-pack notices.
tracks/GLB Tracks/circuit_de_spa-francorchamps_1939_layout_26.png,images,tracks,211640,a844fa33e1db798de326a76b6fa9d3742ea31978aace37ee78e1a3ea7996236b,retain,"Project course, runtime or authoring resource; static reachability alone cannot prove dynamic use.",See source-specific notices,Historical owner CC0 statement retained; imported metadata and scoped notices recorded separately.,No scoped local notice found; see docs/credits.md and preserved source-pack notices.
tracks/GLB Tracks/circuit_de_spa-francorchamps_1939_layout_27.png,images,tracks,55983,0b17c4759ad982dd80647d94c4ff100c4da1cc9a1c9d44afcf871bcbbdae8817,retain,"Project course, runtime or authoring resource; static reachability alone cannot prove dynamic use.",See source-specific notices,Historical owner CC0 statement retained; imported metadata and scoped notices recorded separately.,No scoped local notice found; see docs/credits.md and preserved source-pack notices.
tracks/GLB Tracks/circuit_de_spa-francorchamps_1939_layout_28.png,images,tracks,179294,90614cd5dce9180f6f450ecd16a77efa2a73ec04d10d6e2062be7a9fd1b2ab98,retain,"Project course, runtime or authoring resource; static reachability alone cannot prove dynamic use.",See source-specific notices,Historical owner CC0 statement retained; imported metadata and scoped notices recorded separately.,No scoped local notice found; see docs/credits.md and preserved source-pack notices.
tracks/GLB Tracks/circuit_de_spa-francorchamps_1939_layout_29.png,images,tracks,123028,705d3e95f0ab14ad344243a76acd53f1382bbdd707a5ed40917ba287b6a35338,retain,"Project course, runtime or authoring resource; static reachability alone cannot prove dynamic use.",See source-specific notices,Historical owner CC0 statement retained; imported metadata and scoped notices recorded separately.,No scoped local notice found; see docs/credits.md and preserved source-pack notices.
tracks/GLB Tracks/circuit_de_spa-francorchamps_1939_layout_3.png,images,tracks,519566,f38b5479fb2074acbc5e8e50a1476b401904a0e82424e216dbb40c4acfa72e3b,retain,"Project course, runtime or authoring resource; static reachability alone cannot prove dynamic use.",See source-specific notices,Historical owner CC0 statement retained; imported metadata and scoped notices recorded separately.,No scoped local notice found; see docs/credits.md and preserved source-pack notices.
tracks/GLB Tracks/circuit_de_spa-francorchamps_1939_layout_30.png,images,tracks,210326,0bdfb814162786e6449697b34c1d8601cc10355f4eaa31247d051afe53b23f11,retain,"Project course, runtime or authoring resource; static reachability alone cannot prove dynamic use.",See source-specific notices,Historical owner CC0 statement retained; imported metadata and scoped notices recorded separately.,No scoped local notice found; see docs/credits.md and preserved source-pack notices.
tracks/GLB Tracks/circuit_de_spa-francorchamps_1939_layout_31.png,images,tracks,394204,76a667172206aa115c26bf59cb038537adfb507b6aad6189ffe7acb8fa3c8852,retain,"Project course, runtime or authoring resource; static reachability alone cannot prove dynamic use.",See source-specific notices,Historical owner CC0 statement retained; imported metadata and scoped notices recorded separately.,No scoped local notice found; see docs/credits.md and preserved source-pack notices.
tracks/GLB Tracks/circuit_de_spa-francorchamps_1939_layout_32.png,images,tracks,389324,b5f9616c30462a9ee117d34a439746c7d187982f6727e0d92363eebdb113160f,retain,"Project course, runtime or authoring resource; static reachability alone cannot prove dynamic use.",See source-specific notices,Historical owner CC0 statement retained; imported metadata and scoped notices recorded separately.,No scoped local notice found; see docs/credits.md and preserved source-pack notices.
tracks/GLB Tracks/circuit_de_spa-francorchamps_1939_layout_33.png,images,tracks,305760,7e3f7c6790bdb9ef7d58310ebc5adcfd707860c4a7452bdfd8980016a80efd76,retain,"Project course, runtime or authoring resource; static reachability alone cannot prove dynamic use.",See source-specific notices,Historical owner CC0 statement retained; imported metadata and scoped notices recorded separately.,No scoped local notice found; see docs/credits.md and preserved source-pack notices.
tracks/GLB Tracks/circuit_de_spa-francorchamps_1939_layout_34.png,images,tracks,318896,c4b7ee799364e66791baa8f822301ae4260ca3cd9b99b1946a985ff9b7a2a89e,retain,"Project course, runtime or authoring resource; static reachability alone cannot prove dynamic use.",See source-specific notices,Historical owner CC0 statement retained; imported metadata and scoped notices recorded separately.,No scoped local notice found; see docs/credits.md and preserved source-pack notices.
tracks/GLB Tracks/circuit_de_spa-francorchamps_1939_layout_35.png,images,tracks,164992,a722bc3246f337805e499516db312bed650f70103d97b4c00b7f22ce6f3afe41,retain,"Project course, runtime or authoring resource; static reachability alone cannot prove dynamic use.",See source-specific notices,Historical owner CC0 statement retained; imported metadata and scoped notices recorded separately.,No scoped local notice found; see docs/credits.md and preserved source-pack notices.
tracks/GLB Tracks/circuit_de_spa-francorchamps_1939_layout_36.png,images,tracks,446770,095eca635c6935a4c3b5206c9a4c3bcdc112a69efa6998da7a6d342e618d321c,retain,"Project course, runtime or authoring resource; static reachability alone cannot prove dynamic use.",See source-specific notices,Historical owner CC0 statement retained; imported metadata and scoped notices recorded separately.,No scoped local notice found; see docs/credits.md and preserved source-pack notices.
tracks/GLB Tracks/circuit_de_spa-francorchamps_1939_layout_37.png,images,tracks,294218,8756e88b7ab89360a587db99c95802d1c102dc246a884e3935c8940ccd83d3ff,retain,"Project course, runtime or authoring resource; static reachability alone cannot prove dynamic use.",See source-specific notices,Historical owner CC0 statement retained; imported metadata and scoped notices recorded separately.,No scoped local notice found; see docs/credits.md and preserved source-pack notices.
tracks/GLB Tracks/circuit_de_spa-francorchamps_1939_layout_38.png,images,tracks,95371,bd38560d7131ca55a12999acd2d556ab4c3584d06588a9dbc2534fe285aeb2a2,retain,"Project course, runtime or authoring resource; static reachability alone cannot prove dynamic use.",See source-specific notices,Historical owner CC0 statement retained; imported metadata and scoped notices recorded separately.,No scoped local notice found; see docs/credits.md and preserved source-pack notices.
tracks/GLB Tracks/circuit_de_spa-francorchamps_1939_layout_39.png,images,tracks,250237,cbbf0b961086bd48866c8aba54298498ce27b5b9d27e0a8f293290b39eb37fee,retain,"Project course, runtime or authoring resource; static reachability alone cannot prove dynamic use.",See source-specific notices,Historical owner CC0 statement retained; imported metadata and scoped notices recorded separately.,No scoped local notice found; see docs/credits.md and preserved source-pack notices.
tracks/GLB Tracks/circuit_de_spa-francorchamps_1939_layout_4.png,images,tracks,7622634,4d3ba3b048cbc3979144fa0f1a18be21db31f4beb0d5d095da111234d885cc24,retain,"Project course, runtime or authoring resource; static reachability alone cannot prove dynamic use.",See source-specific notices,Historical owner CC0 statement retained; imported metadata and scoped notices recorded separately.,No scoped local notice found; see docs/credits.md and preserved source-pack notices.
tracks/GLB Tracks/circuit_de_spa-francorchamps_1939_layout_40.png,images,tracks,18117,3c732e5504356eeb4346a0b465328be03bedaf693ebef5e7b35436e7b77baf3b,retain,"Project course, runtime or authoring resource; static reachability alone cannot prove dynamic use.",See source-specific notices,Historical owner CC0 statement retained; imported metadata and scoped notices recorded separately.,No scoped local notice found; see docs/credits.md and preserved source-pack notices.
tracks/GLB Tracks/circuit_de_spa-francorchamps_1939_layout_41.png,images,tracks,212767,dc40d75fa0e5fadb6fa530a00ca6191c87a77cd0b879938e4499c9d26a882474,retain,"Project course, runtime or authoring resource; static reachability alone cannot prove dynamic use.",See source-specific notices,Historical owner CC0 statement retained; imported metadata and scoped notices recorded separately.,No scoped local notice found; see docs/credits.md and preserved source-pack notices.
tracks/GLB Tracks/circuit_de_spa-francorchamps_1939_layout_42.png,images,tracks,264130,8944b0c098166bdc7580a4c82547b319b71219073bf791a4ad91f708bc7840d7,retain,"Project course, runtime or authoring resource; static reachability alone cannot prove dynamic use.",See source-specific notices,Historical owner CC0 statement retained; imported metadata and scoped notices recorded separately.,No scoped local notice found; see docs/credits.md and preserved source-pack notices.
tracks/GLB Tracks/circuit_de_spa-francorchamps_1939_layout_43.png,images,tracks,352601,36327528315b5dd0eada55efe6118a6708ca8d49ab05bf3892f23bec82a894ac,retain,"Project course, runtime or authoring resource; static reachability alone cannot prove dynamic use.",See source-specific notices,Historical owner CC0 statement retained; imported metadata and scoped notices recorded separately.,No scoped local notice found; see docs/credits.md and preserved source-pack notices.
tracks/GLB Tracks/circuit_de_spa-francorchamps_1939_layout_44.png,images,tracks,55281,f00ba9000b3c508972a4d9ed03247edb288559beb37715a72f8b2a231631eaa7,retain,"Project course, runtime or authoring resource; static reachability alone cannot prove dynamic use.",See source-specific notices,Historical owner CC0 statement retained; imported metadata and scoped notices recorded separately.,No scoped local notice found; see docs/credits.md and preserved source-pack notices.
tracks/GLB Tracks/circuit_de_spa-francorchamps_1939_layout_45.png,images,tracks,83318,f6f89fe20ce81f7e1135f3e298bbe0aa3c14afc96a7a55ea36ed6f809dcdfcbb,retain,"Project course, runtime or authoring resource; static reachability alone cannot prove dynamic use.",See source-specific notices,Historical owner CC0 statement retained; imported metadata and scoped notices recorded separately.,No scoped local notice found; see docs/credits.md and preserved source-pack notices.
tracks/GLB Tracks/circuit_de_spa-francorchamps_1939_layout_46.png,images,tracks,327192,50c71db6a6da43b8b0bd98046769a072be55b3d02d8e51654a0641ff9881beb7,retain,"Project course, runtime or authoring resource; static reachability alone cannot prove dynamic use.",See source-specific notices,Historical owner CC0 statement retained; imported metadata and scoped notices recorded separately.,No scoped local notice found; see docs/credits.md and preserved source-pack notices.
tracks/GLB Tracks/circuit_de_spa-francorchamps_1939_layout_47.png,images,tracks,23495,22e2d71fae6bab39bf19173549b935e040ab35bc5cc8e5cb3fc691bcca844fea,retain,"Project course, runtime or authoring resource; static reachability alone cannot prove dynamic use.",See source-specific notices,Historical owner CC0 statement retained; imported metadata and scoped notices recorded separately.,No scoped local notice found; see docs/credits.md and preserved source-pack notices.
tracks/GLB Tracks/circuit_de_spa-francorchamps_1939_layout_48.png,images,tracks,91022,3098dfe7f87e27a8acbd123e14f2d8054a9a1a1052fb780eef1fd03888f657fd,retain,"Project course, runtime or authoring resource; static reachability alone cannot prove dynamic use.",See source-specific notices,Historical owner CC0 statement retained; imported metadata and scoped notices recorded separately.,No scoped local notice found; see docs/credits.md and preserved source-pack notices.
tracks/GLB Tracks/circuit_de_spa-francorchamps_1939_layout_49.png,images,tracks,25725,5a1fa47d0b7d4643df95756dfec0f9c51ea9cc8a8bce66dcab350de0159becc4,retain,"Project course, runtime or authoring resource; static reachability alone cannot prove dynamic use.",See source-specific notices,Historical owner CC0 statement retained; imported metadata and scoped notices recorded separately.,No scoped local notice found; see docs/credits.md and preserved source-pack notices.
tracks/GLB Tracks/circuit_de_spa-francorchamps_1939_layout_5.png,images,tracks,447251,8f9b719eb4a26e61b07b19011f47a7eb86d5f6b7e8b47eefe436974e84a15f2d,retain,"Project course, runtime or authoring resource; static reachability alone cannot prove dynamic use.",See source-specific notices,Historical owner CC0 statement retained; imported metadata and scoped notices recorded separately.,No scoped local notice found; see docs/credits.md and preserved source-pack notices.
tracks/GLB Tracks/circuit_de_spa-francorchamps_1939_layout_50.png,images,tracks,130926,f9d37f240eab6fca1e48c94949eaeac3056cc4bf3cc75b4d35c0ac254502fa62,retain,"Project course, runtime or authoring resource; static reachability alone cannot prove dynamic use.",See source-specific notices,Historical owner CC0 statement retained; imported metadata and scoped notices recorded separately.,No scoped local notice found; see docs/credits.md and preserved source-pack notices.
tracks/GLB Tracks/circuit_de_spa-francorchamps_1939_layout_51.png,images,tracks,155965,592afc3626717b996cea709688d2c0f1b6355cdd6512d71168ff8879174158c0,retain,"Project course, runtime or authoring resource; static reachability alone cannot prove dynamic use.",See source-specific notices,Historical owner CC0 statement retained; imported metadata and scoped notices recorded separately.,No scoped local notice found; see docs/credits.md and preserved source-pack notices.
tracks/GLB Tracks/circuit_de_spa-francorchamps_1939_layout_52.png,images,tracks,73924,e790ebbcb18e99de9a1e4138260cf41fbe7f5b48fc9702e6d8eee7a791a783fc,retain,"Project course, runtime or authoring resource; static reachability alone cannot prove dynamic use.",See source-specific notices,Historical owner CC0 statement retained; imported metadata and scoped notices recorded separately.,No scoped local notice found; see docs/credits.md and preserved source-pack notices.
tracks/GLB Tracks/circuit_de_spa-francorchamps_1939_layout_53.png,images,tracks,315012,680ca669c9e35edbd9eebbce9ec6183a34d59d545dbb6fb7bae7eb4da0a9e0f7,retain,"Project course, runtime or authoring resource; static reachability alone cannot prove dynamic use.",See source-specific notices,Historical owner CC0 statement retained; imported metadata and scoped notices recorded separately.,No scoped local notice found; see docs/credits.md and preserved source-pack notices.
tracks/GLB Tracks/circuit_de_spa-francorchamps_1939_layout_54.png,images,tracks,209289,f31b2014463096843f20a516ce490a4497cf41e77dc57d972d9a1279ebed347e,retain,"Project course, runtime or authoring resource; static reachability alone cannot prove dynamic use.",See source-specific notices,Historical owner CC0 statement retained; imported metadata and scoped notices recorded separately.,No scoped local notice found; see docs/credits.md and preserved source-pack notices.
tracks/GLB Tracks/circuit_de_spa-francorchamps_1939_layout_55.png,images,tracks,386866,428e6ed3fef54d9608a1cfc5849067bbbd90cb836d0002045265fd4efeff462f,retain,"Project course, runtime or authoring resource; static reachability alone cannot prove dynamic use.",See source-specific notices,Historical owner CC0 statement retained; imported metadata and scoped notices recorded separately.,No scoped local notice found; see docs/credits.md and preserved source-pack notices.
tracks/GLB Tracks/circuit_de_spa-francorchamps_1939_layout_56.png,images,tracks,228908,b7b8c20d70fe34e2491f209d0b67c1fc2b054c8f9e93aa16de833283e3d7892b,retain,"Project course, runtime or authoring resource; static reachability alone cannot prove dynamic use.",See source-specific notices,Historical owner CC0 statement retained; imported metadata and scoped notices recorded separately.,No scoped local notice found; see docs/credits.md and preserved source-pack notices.
tracks/GLB Tracks/circuit_de_spa-francorchamps_1939_layout_57.png,images,tracks,222238,e73f16d0a6638f62a079e9069e610b0e0ce1a7dd91da9f5a0a1ba56f63ca216b,retain,"Project course, runtime or authoring resource; static reachability alone cannot prove dynamic use.",See source-specific notices,Historical owner CC0 statement retained; imported metadata and scoped notices recorded separately.,No scoped local notice found; see docs/credits.md and preserved source-pack notices.
tracks/GLB Tracks/circuit_de_spa-francorchamps_1939_layout_58.png,images,tracks,223300,58c61d950258b65911fea1e51f0b302276fef435f989cca4198b1e21d3cfcae6,retain,"Project course, runtime or authoring resource; static reachability alone cannot prove dynamic use.",See source-specific notices,Historical owner CC0 statement retained; imported metadata and scoped notices recorded separately.,No scoped local notice found; see docs/credits.md and preserved source-pack notices.
tracks/GLB Tracks/circuit_de_spa-francorchamps_1939_layout_59.png,images,tracks,218959,c91550206c8ea08e40de3cc89a5ac3aeb4e352ea18800f23e4f1b608451afb22,retain,"Project course, runtime or authoring resource; static reachability alone cannot prove dynamic use.",See source-specific notices,Historical owner CC0 statement retained; imported metadata and scoped notices recorded separately.,No scoped local notice found; see docs/credits.md and preserved source-pack notices.
tracks/GLB Tracks/circuit_de_spa-francorchamps_1939_layout_6.png,images,tracks,506983,dd4ef259fdee5d9c1bd9d84527f9f9e3271e1f283cdc7c3079a5416158958f45,retain,"Project course, runtime or authoring resource; static reachability alone cannot prove dynamic use.",See source-specific notices,Historical owner CC0 statement retained; imported metadata and scoped notices recorded separately.,No scoped local notice found; see docs/credits.md and preserved source-pack notices.
tracks/GLB Tracks/circuit_de_spa-francorchamps_1939_layout_60.png,images,tracks,67175,c6251f1c4efa8816fc66a114cc999aefd775f8785de10f896c856182e6fabe30,retain,"Project course, runtime or authoring resource; static reachability alone cannot prove dynamic use.",See source-specific notices,Historical owner CC0 statement retained; imported metadata and scoped notices recorded separately.,No scoped local notice found; see docs/credits.md and preserved source-pack notices.
tracks/GLB Tracks/circuit_de_spa-francorchamps_1939_layout_61.png,images,tracks,72,da19be659d261a306aa0a582ca16908cc6b86585aa208255db0ce0e3878cc66e,retain,"Project course, runtime or authoring resource; static reachability alone cannot prove dynamic use.",See source-specific notices,Historical owner CC0 statement retained; imported metadata and scoped notices recorded separately.,No scoped local notice found; see docs/credits.md and preserved source-pack notices.
tracks/GLB Tracks/circuit_de_spa-francorchamps_1939_layout_62.png,images,tracks,576881,68a9dea9a966ebb7d200ee933d5a8720fc77fd08258d295fe9e5f012cd8eff1f,retain,"Project course, runtime or authoring resource; static reachability alone cannot prove dynamic use.",See source-specific notices,Historical owner CC0 statement retained; imported metadata and scoped notices recorded separately.,No scoped local notice found; see docs/credits.md and preserved source-pack notices.
tracks/GLB Tracks/circuit_de_spa-francorchamps_1939_layout_63.png,images,tracks,342706,171cd69da4ec3260915ee8286322ae9844fee130cab4289ef1e1034175daa927,retain,"Project course, runtime or authoring resource; static reachability alone cannot prove dynamic use.",See source-specific notices,Historical owner CC0 statement retained; imported metadata and scoped notices recorded separately.,No scoped local notice found; see docs/credits.md and preserved source-pack notices.
tracks/GLB Tracks/circuit_de_spa-francorchamps_1939_layout_64.png,images,tracks,135105,e9770c55f910f3650f62cef1b85fde7036804abec9e591159943b5454be416a8,retain,"Project course, runtime or authoring resource; static reachability alone cannot prove dynamic use.",See source-specific notices,Historical owner CC0 statement retained; imported metadata and scoped notices recorded separately.,No scoped local notice found; see docs/credits.md and preserved source-pack notices.
tracks/GLB Tracks/circuit_de_spa-francorchamps_1939_layout_65.png,images,tracks,129806,815a11f366a4fb1e9873f0f83e17fce12901129be6b802d4bf675228feba5492,retain,"Project course, runtime or authoring resource; static reachability alone cannot prove dynamic use.",See source-specific notices,Historical owner CC0 statement retained; imported metadata and scoped notices recorded separately.,No scoped local notice found; see docs/credits.md and preserved source-pack notices.
tracks/GLB Tracks/circuit_de_spa-francorchamps_1939_layout_66.png,images,tracks,572772,c625b00628b3a507f84b63e9ce85aeb1a9d37785c6a91b3e21aac8d664e302ac,retain,"Project course, runtime or authoring resource; static reachability alone cannot prove dynamic use.",See source-specific notices,Historical owner CC0 statement retained; imported metadata and scoped notices recorded separately.,No scoped local notice found; see docs/credits.md and preserved source-pack notices.
tracks/GLB Tracks/circuit_de_spa-francorchamps_1939_layout_67.png,images,tracks,658741,e4a92c076983d013efeedc623f4cc8aed5bd68852141757f9d15aad09d6115bd,retain,"Project course, runtime or authoring resource; static reachability alone cannot prove dynamic use.",See source-specific notices,Historical owner CC0 statement retained; imported metadata and scoped notices recorded separately.,No scoped local notice found; see docs/credits.md and preserved source-pack notices.
tracks/GLB Tracks/circuit_de_spa-francorchamps_1939_layout_68.png,images,tracks,105290,71f50f18d081d279ecac4fc67e8b3ae5c3e787b4411f14880290b68e03fe0b51,retain,"Project course, runtime or authoring resource; static reachability alone cannot prove dynamic use.",See source-specific notices,Historical owner CC0 statement retained; imported metadata and scoped notices recorded separately.,No scoped local notice found; see docs/credits.md and preserved source-pack notices.
tracks/GLB Tracks/circuit_de_spa-francorchamps_1939_layout_69.png,images,tracks,100334,0dc46c0a3121441ceb6092b154e2f3a1400ad54fc9ff1d83745cc5909dd3b472,retain,"Project course, runtime or authoring resource; static reachability alone cannot prove dynamic use.",See source-specific notices,Historical owner CC0 statement retained; imported metadata and scoped notices recorded separately.,No scoped local notice found; see docs/credits.md and preserved source-pack notices.
tracks/GLB Tracks/circuit_de_spa-francorchamps_1939_layout_7.png,images,tracks,78156,e9a15002e7a4b98d681632f1dbcdc91ce270434ba90e1603c2b1285c8d9d2be3,retain,"Project course, runtime or authoring resource; static reachability alone cannot prove dynamic use.",See source-specific notices,Historical owner CC0 statement retained; imported metadata and scoped notices recorded separately.,No scoped local notice found; see docs/credits.md and preserved source-pack notices.
tracks/GLB Tracks/circuit_de_spa-francorchamps_1939_layout_70.png,images,tracks,189697,ea8a342bf336ce092fdb70a8455b6629cbab5fa273d5c67763863b7e7ade874f,retain,"Project course, runtime or authoring resource; static reachability alone cannot prove dynamic use.",See source-specific notices,Historical owner CC0 statement retained; imported metadata and scoped notices recorded separately.,No scoped local notice found; see docs/credits.md and preserved source-pack notices.
tracks/GLB Tracks/circuit_de_spa-francorchamps_1939_layout_71.png,images,tracks,116187,56977eda60553b05991b43cae1bb9700932da0001f6c1f5544f0904d64ec5e9f,retain,"Project course, runtime or authoring resource; static reachability alone cannot prove dynamic use.",See source-specific notices,Historical owner CC0 statement retained; imported metadata and scoped notices recorded separately.,No scoped local notice found; see docs/credits.md and preserved source-pack notices.
tracks/GLB Tracks/circuit_de_spa-francorchamps_1939_layout_72.png,images,tracks,155497,6c1ca8a68de64171858721c96c267bbc4bf71e0f279d7ba7f868612073fac77a,retain,"Project course, runtime or authoring resource; static reachability alone cannot prove dynamic use.",See source-specific notices,Historical owner CC0 statement retained; imported metadata and scoped notices recorded separately.,No scoped local notice found; see docs/credits.md and preserved source-pack notices.
tracks/GLB Tracks/circuit_de_spa-francorchamps_1939_layout_73.png,images,tracks,147760,d3c4ee65d4036e012047aa8bb87fa960753ef94f41b5232e7f5298bada87d271,retain,"Project course, runtime or authoring resource; static reachability alone cannot prove dynamic use.",See source-specific notices,Historical owner CC0 statement retained; imported metadata and scoped notices recorded separately.,No scoped local notice found; see docs/credits.md and preserved source-pack notices.
tracks/GLB Tracks/circuit_de_spa-francorchamps_1939_layout_74.png,images,tracks,319079,487de4a5b35af0aab2f6c0a7221f138db285b4c90d600d5f308eee1008c0fe59,retain,"Project course, runtime or authoring resource; static reachability alone cannot prove dynamic use.",See source-specific notices,Historical owner CC0 statement retained; imported metadata and scoped notices recorded separately.,No scoped local notice found; see docs/credits.md and preserved source-pack notices.
tracks/GLB Tracks/circuit_de_spa-francorchamps_1939_layout_75.png,images,tracks,309137,29e04c45ee254b4c4c3f558490b469bdc74d93face89d9fa3da9606824557849,retain,"Project course, runtime or authoring resource; static reachability alone cannot prove dynamic use.",See source-specific notices,Historical owner CC0 statement retained; imported metadata and scoped notices recorded separately.,No scoped local notice found; see docs/credits.md and preserved source-pack notices.
tracks/GLB Tracks/circuit_de_spa-francorchamps_1939_layout_76.png,images,tracks,124925,a2d8db54604e95e0fa92c1cec6ccbfdd322308678fd8569d0193bdf81e18dca8,retain,"Project course, runtime or authoring resource; static reachability alone cannot prove dynamic use.",See source-specific notices,Historical owner CC0 statement retained; imported metadata and scoped notices recorded separately.,No scoped local notice found; see docs/credits.md and preserved source-pack notices.
tracks/GLB Tracks/circuit_de_spa-francorchamps_1939_layout_77.png,images,tracks,85056,500dc6831be93ea2979e33b0a315b3ff8c9f7d3f489a08284e493f624f65f5ed,retain,"Project course, runtime or authoring resource; static reachability alone cannot prove dynamic use.",See source-specific notices,Historical owner CC0 statement retained; imported metadata and scoped notices recorded separately.,No scoped local notice found; see docs/credits.md and preserved source-pack notices.
tracks/GLB Tracks/circuit_de_spa-francorchamps_1939_layout_78.png,images,tracks,312713,edb0caf62e8ee1056ca6bab442e21c520c9d2430ce6eeade4faba07d49c00faa,retain,"Project course, runtime or authoring resource; static reachability alone cannot prove dynamic use.",See source-specific notices,Historical owner CC0 statement retained; imported metadata and scoped notices recorded separately.,No scoped local notice found; see docs/credits.md and preserved source-pack notices.
tracks/GLB Tracks/circuit_de_spa-francorchamps_1939_layout_79.png,images,tracks,301545,8fe2749f76bd3390c7edcc889338d3876698bf372f5bf6ac34f2481971c88c48,retain,"Project course, runtime or authoring resource; static reachability alone cannot prove dynamic use.",See source-specific notices,Historical owner CC0 statement retained; imported metadata and scoped notices recorded separately.,No scoped local notice found; see docs/credits.md and preserved source-pack notices.
tracks/GLB Tracks/circuit_de_spa-francorchamps_1939_layout_8.png,images,tracks,86465,9a925164f54f1a51c7c375346e4a9c4934a486b7b6899ad96259e2338e59bb0c,retain,"Project course, runtime or authoring resource; static reachability alone cannot prove dynamic use.",See source-specific notices,Historical owner CC0 statement retained; imported metadata and scoped notices recorded separately.,No scoped local notice found; see docs/credits.md and preserved source-pack notices.
tracks/GLB Tracks/circuit_de_spa-francorchamps_1939_layout_80.png,images,tracks,303676,673d465ade82b14bb923fe93dd33cdce3be5852ecf4df4aabf884c65c15ada2d,retain,"Project course, runtime or authoring resource; static reachability alone cannot prove dynamic use.",See source-specific notices,Historical owner CC0 statement retained; imported metadata and scoped notices recorded separately.,No scoped local notice found; see docs/credits.md and preserved source-pack notices.
tracks/GLB Tracks/circuit_de_spa-francorchamps_1939_layout_81.png,images,tracks,256918,cf99aece7c4cf0b66a831775865769e0bd299ebf9b3eac41390f60a2aa9a378b,retain,"Project course, runtime or authoring resource; static reachability alone cannot prove dynamic use.",See source-specific notices,Historical owner CC0 statement retained; imported metadata and scoped notices recorded separately.,No scoped local notice found; see docs/credits.md and preserved source-pack notices.
tracks/GLB Tracks/circuit_de_spa-francorchamps_1939_layout_82.png,images,tracks,19054,b7f8537a89dabf16b781453f5201107b350d91eae088eddd789810785e5dfd2a,retain,"Project course, runtime or authoring resource; static reachability alone cannot prove dynamic use.",See source-specific notices,Historical owner CC0 statement retained; imported metadata and scoped notices recorded separately.,No scoped local notice found; see docs/credits.md and preserved source-pack notices.
tracks/GLB Tracks/circuit_de_spa-francorchamps_1939_layout_83.png,images,tracks,189113,ca5427648ddbb61f42f30e6b8b4ddf09204e9c7d7adc867380a1b3c2b257b690,retain,"Project course, runtime or authoring resource; static reachability alone cannot prove dynamic use.",See source-specific notices,Historical owner CC0 statement retained; imported metadata and scoped notices recorded separately.,No scoped local notice found; see docs/credits.md and preserved source-pack notices.
tracks/GLB Tracks/circuit_de_spa-francorchamps_1939_layout_84.png,images,tracks,182430,b63b81bd39c1d4ae3ad912ebb1eb09361913f4fbd92ee9f6c846097f82bc785c,retain,"Project course, runtime or authoring resource; static reachability alone cannot prove dynamic use.",See source-specific notices,Historical owner CC0 statement retained; imported metadata and scoped notices recorded separately.,No scoped local notice found; see docs/credits.md and preserved source-pack notices.
tracks/GLB Tracks/circuit_de_spa-francorchamps_1939_layout_85.png,images,tracks,275228,ba74e7fe65618ae480f72ed5306551ab09d55216cffb3fae5743daad13cb779d,retain,"Project course, runtime or authoring resource; static reachability alone cannot prove dynamic use.",See source-specific notices,Historical owner CC0 statement retained; imported metadata and scoped notices recorded separately.,No scoped local notice found; see docs/credits.md and preserved source-pack notices.
tracks/GLB Tracks/circuit_de_spa-francorchamps_1939_layout_86.png,images,tracks,27186,dbf514e8a08a2424652dc74325d502c9a451dbcf838e318cf3d6908d5c398bd8,retain,"Project course, runtime or authoring resource; static reachability alone cannot prove dynamic use.",See source-specific notices,Historical owner CC0 statement retained; imported metadata and scoped notices recorded separately.,No scoped local notice found; see docs/credits.md and preserved source-pack notices.
tracks/GLB Tracks/circuit_de_spa-francorchamps_1939_layout_9.png,images,tracks,472831,7997686177f9eadbd771e8c4dda6294ab38550ee37c6e1dbad74e586b1bb016b,retain,"Project course, runtime or authoring resource; static reachability alone cannot prove dynamic use.",See source-specific notices,Historical owner CC0 statement retained; imported metadata and scoped notices recorded separately.,No scoped local notice found; see docs/credits.md and preserved source-pack notices.
tracks/GLB Tracks/cnr_ds_-_death_rally.glb,models,tracks,553404,7a03dfe81a7894accf2f5c33929e9bebff1450c904efdcb7ca915a38ccd146c4,retain,"Project course, runtime or authoring resource; static reachability alone cannot prove dynamic use.",See source-specific notices,Historical owner CC0 statement retained; imported metadata and scoped notices recorded separately.,No scoped local notice found; see docs/credits.md and preserved source-pack notices.
tracks/GLB Tracks/cnr_ds_-_death_rally_0.png,images,tracks,786,422829b156fee9de39b16e16210739888a3894ea96e68be8a10836878f64a084,retain,"Project course, runtime or authoring resource; static reachability alone cannot prove dynamic use.",See source-specific notices,Historical owner CC0 statement retained; imported metadata and scoped notices recorded separately.,No scoped local notice found; see docs/credits.md and preserved source-pack notices.
tracks/GLB Tracks/cnr_ds_-_death_rally_1.png,images,tracks,4159,3f29ef5737f9d929a5c5740db02d4e8c7f78c8e69ce54486d2eab0af9daf9579,retain,"Project course, runtime or authoring resource; static reachability alone cannot prove dynamic use.",See source-specific notices,Historical owner CC0 statement retained; imported metadata and scoped notices recorded separately.,No scoped local notice found; see docs/credits.md and preserved source-pack notices.
tracks/GLB Tracks/cnr_ds_-_death_rally_10.png,images,tracks,546,da7c8eebf3cb2905f79e07ba78e45505b703ac143694df1b0ff18b3a4e5b6ff3,retain,"Project course, runtime or authoring resource; static reachability alone cannot prove dynamic use.",See source-specific notices,Historical owner CC0 statement retained; imported metadata and scoped notices recorded separately.,No scoped local notice found; see docs/credits.md and preserved source-pack notices.
tracks/GLB Tracks/cnr_ds_-_death_rally_11.png,images,tracks,317,ef7a0505d3079455359cf8eadc4d91a55b63988acc4ceff7173bcb35743beab5,retain,"Project course, runtime or authoring resource; static reachability alone cannot prove dynamic use.",See source-specific notices,Historical owner CC0 statement retained; imported metadata and scoped notices recorded separately.,No scoped local notice found; see docs/credits.md and preserved source-pack notices.
tracks/GLB Tracks/cnr_ds_-_death_rally_12.png,images,tracks,1156,56c31606c0b14086fcd1ffd0f0fcc848a9999684ee584f11706336c7baa8aa8d,retain,"Project course, runtime or authoring resource; static reachability alone cannot prove dynamic use.",See source-specific notices,Historical owner CC0 statement retained; imported metadata and scoped notices recorded separately.,No scoped local notice found; see docs/credits.md and preserved source-pack notices.
tracks/GLB Tracks/cnr_ds_-_death_rally_13.png,images,tracks,425,30efd6efd7b0239c0c4dc37e00821e0da1462ce728d1e2c7f8d2b35f2d9f369d,retain,"Project course, runtime or authoring resource; static reachability alone cannot prove dynamic use.",See source-specific notices,Historical owner CC0 statement retained; imported metadata and scoped notices recorded separately.,No scoped local notice found; see docs/credits.md and preserved source-pack notices.
tracks/GLB Tracks/cnr_ds_-_death_rally_14.png,images,tracks,1414,a644727a0140a46352a92786124445dd9b6a1b1f188e289fba707d6d2738d55a,retain,"Project course, runtime or authoring resource; static reachability alone cannot prove dynamic use.",See source-specific notices,Historical owner CC0 statement retained; imported metadata and scoped notices recorded separately.,No scoped local notice found; see docs/credits.md and preserved source-pack notices.
tracks/GLB Tracks/cnr_ds_-_death_rally_15.png,images,tracks,1722,447b1acd59746bf3b7e36c6e2a8431c35d6744f8472751a135eb4231db056f12,retain,"Project course, runtime or authoring resource; static reachability alone cannot prove dynamic use.",See source-specific notices,Historical owner CC0 statement retained; imported metadata and scoped notices recorded separately.,No scoped local notice found; see docs/credits.md and preserved source-pack notices.
tracks/GLB Tracks/cnr_ds_-_death_rally_16.png,images,tracks,198,e73d14b5a48f0b729a1306da1bd50c23a31d95baab8feead4e56a18096deda8b,retain,"Project course, runtime or authoring resource; static reachability alone cannot prove dynamic use.",See source-specific notices,Historical owner CC0 statement retained; imported metadata and scoped notices recorded separately.,No scoped local notice found; see docs/credits.md and preserved source-pack notices.
tracks/GLB Tracks/cnr_ds_-_death_rally_17.png,images,tracks,1767,849e55424fbbe2fbbdb7c752577c43363d21b5e73917f9b4daa7955239ad0cdc,retain,"Project course, runtime or authoring resource; static reachability alone cannot prove dynamic use.",See source-specific notices,Historical owner CC0 statement retained; imported metadata and scoped notices recorded separately.,No scoped local notice found; see docs/credits.md and preserved source-pack notices.
tracks/GLB Tracks/cnr_ds_-_death_rally_18.png,images,tracks,160,67f2dbe346f318a3d88b2927b297c73e3392677db9611e2f8c2aec1c0e494335,retain,"Project course, runtime or authoring resource; static reachability alone cannot prove dynamic use.",See source-specific notices,Historical owner CC0 statement retained; imported metadata and scoped notices recorded separately.,No scoped local notice found; see docs/credits.md and preserved source-pack notices.
tracks/GLB Tracks/cnr_ds_-_death_rally_2.png,images,tracks,2551,575e24235b90293e8f75d72b8c7e164998440e8e7d1c0ca16a84faa5a233cf08,retain,"Project course, runtime or authoring resource; static reachability alone cannot prove dynamic use.",See source-specific notices,Historical owner CC0 statement retained; imported metadata and scoped notices recorded separately.,No scoped local notice found; see docs/credits.md and preserved source-pack notices.
tracks/GLB Tracks/cnr_ds_-_death_rally_3.png,images,tracks,586,b6cd665dd186677e34f95669c1e09a49820e6163e87a3012cfe91913e64198aa,retain,"Project course, runtime or authoring resource; static reachability alone cannot prove dynamic use.",See source-specific notices,Historical owner CC0 statement retained; imported metadata and scoped notices recorded separately.,No scoped local notice found; see docs/credits.md and preserved source-pack notices.
tracks/GLB Tracks/cnr_ds_-_death_rally_4.png,images,tracks,5255,10fbfd130d31737d055c9c25930445362820d44278f8006de067bc5ee025239d,retain,"Project course, runtime or authoring resource; static reachability alone cannot prove dynamic use.",See source-specific notices,Historical owner CC0 statement retained; imported metadata and scoped notices recorded separately.,No scoped local notice found; see docs/credits.md and preserved source-pack notices.
tracks/GLB Tracks/cnr_ds_-_death_rally_5.png,images,tracks,540,de1a54cb7539071a30fe2fe391be31c1e5d8eaf8740c9a70a620b8e7694740fb,retain,"Project course, runtime or authoring resource; static reachability alone cannot prove dynamic use.",See source-specific notices,Historical owner CC0 statement retained; imported metadata and scoped notices recorded separately.,No scoped local notice found; see docs/credits.md and preserved source-pack notices.
tracks/GLB Tracks/cnr_ds_-_death_rally_6.png,images,tracks,401,a2a93ff6069dcd4da6b73a4012bf61ade893e5f8da92be455f11ee2a52357840,retain,"Project course, runtime or authoring resource; static reachability alone cannot prove dynamic use.",See source-specific notices,Historical owner CC0 statement retained; imported metadata and scoped notices recorded separately.,No scoped local notice found; see docs/credits.md and preserved source-pack notices.
tracks/GLB Tracks/cnr_ds_-_death_rally_7.png,images,tracks,2932,dbfe7ae822884b262106f3dfd9c2b385a0d1851b502340352cc450da58bfa8e2,retain,"Project course, runtime or authoring resource; static reachability alone cannot prove dynamic use.",See source-specific notices,Historical owner CC0 statement retained; imported metadata and scoped notices recorded separately.,No scoped local notice found; see docs/credits.md and preserved source-pack notices.
tracks/GLB Tracks/cnr_ds_-_death_rally_8.png,images,tracks,574,80853d71625231617fa0a88d0ae4f29a4bcecfa808c4ae98838518a3064f489d,retain,"Project course, runtime or authoring resource; static reachability alone cannot prove dynamic use.",See source-specific notices,Historical owner CC0 statement retained; imported metadata and scoped notices recorded separately.,No scoped local notice found; see docs/credits.md and preserved source-pack notices.
tracks/GLB Tracks/cnr_ds_-_death_rally_9.png,images,tracks,1462,304c49eb4cc44ad8f2367376d56b1d94464fdcaf35304239bca285382ef3b5f9,retain,"Project course, runtime or authoring resource; static reachability alone cannot prove dynamic use.",See source-specific notices,Historical owner CC0 statement retained; imported metadata and scoped notices recorded separately.,No scoped local notice found; see docs/credits.md and preserved source-pack notices.
tracks/GLB Tracks/free_fire_burmuda_map_the_circuit_3d_model.glb,models,tracks,16411320,016a8f9703ac5efe7a7c942013934da9e8f84f2e0baa6f4037daac8033a29084,retain,"Project course, runtime or authoring resource; static reachability alone cannot prove dynamic use.",See source-specific notices,Historical owner CC0 statement retained; imported metadata and scoped notices recorded separately.,No scoped local notice found; see docs/credits.md and preserved source-pack notices.
tracks/GLB Tracks/free_fire_burmuda_map_the_circuit_3d_model_0.png,images,tracks,1063245,a97b078069d985061551487817b299fa15ea493d59f9e14585aeefc3f48425e4,retain,"Project course, runtime or authoring resource; static reachability alone cannot prove dynamic use.",See source-specific notices,Historical owner CC0 statement retained; imported metadata and scoped notices recorded separately.,No scoped local notice found; see docs/credits.md and preserved source-pack notices.
tracks/GLB Tracks/free_fire_burmuda_map_the_circuit_3d_model_1.png,images,tracks,1190795,f7d38ef010244cf59f065b0316146aa4fb1dfd585c13b5bd2d23ce266b5f088b,retain,"Project course, runtime or authoring resource; static reachability alone cannot prove dynamic use.",See source-specific notices,Historical owner CC0 statement retained; imported metadata and scoped notices recorded separately.,No scoped local notice found; see docs/credits.md and preserved source-pack notices.
tracks/GLB Tracks/free_fire_burmuda_map_the_circuit_3d_model_10.png,images,tracks,653000,c7affa3a9a7a5514dabea82c34a7eac9c877bbb97445326335414f141eb2b79a,retain,"Project course, runtime or authoring resource; static reachability alone cannot prove dynamic use.",See source-specific notices,Historical owner CC0 statement retained; imported metadata and scoped notices recorded separately.,No scoped local notice found; see docs/credits.md and preserved source-pack notices.
tracks/GLB Tracks/free_fire_burmuda_map_the_circuit_3d_model_11.png,images,tracks,193929,3a58e62c325b73f46ddfa8aa309b574d35e153d05c3980cf268dfa90770cb8d2,retain,"Project course, runtime or authoring resource; static reachability alone cannot prove dynamic use.",See source-specific notices,Historical owner CC0 statement retained; imported metadata and scoped notices recorded separately.,No scoped local notice found; see docs/credits.md and preserved source-pack notices.
tracks/GLB Tracks/free_fire_burmuda_map_the_circuit_3d_model_12.png,images,tracks,119861,878515e1511f27b0642e98838647c60e59c04dad2424e7bc7f52114e51ddb971,retain,"Project course, runtime or authoring resource; static reachability alone cannot prove dynamic use.",See source-specific notices,Historical owner CC0 statement retained; imported metadata and scoped notices recorded separately.,No scoped local notice found; see docs/credits.md and preserved source-pack notices.
tracks/GLB Tracks/free_fire_burmuda_map_the_circuit_3d_model_2.png,images,tracks,368220,9485a99db06dfe2dd892d50652cacc2dea451673d26ebbcc67ab2adfccae18ad,retain,"Project course, runtime or authoring resource; static reachability alone cannot prove dynamic use.",See source-specific notices,Historical owner CC0 statement retained; imported metadata and scoped notices recorded separately.,No scoped local notice found; see docs/credits.md and preserved source-pack notices.
tracks/GLB Tracks/free_fire_burmuda_map_the_circuit_3d_model_3.png,images,tracks,478391,1445b3ee5b58c8d08c0efd95db6417b61540c4a97bac2f8d4246e1726c1b3ce0,retain,"Project course, runtime or authoring resource; static reachability alone cannot prove dynamic use.",See source-specific notices,Historical owner CC0 statement retained; imported metadata and scoped notices recorded separately.,No scoped local notice found; see docs/credits.md and preserved source-pack notices.
tracks/GLB Tracks/free_fire_burmuda_map_the_circuit_3d_model_4.png,images,tracks,633354,09ddcc0a8c36ced654960de10e5ec8da98917f216fdd23452d147c6577ca9f1e,retain,"Project course, runtime or authoring resource; static reachability alone cannot prove dynamic use.",See source-specific notices,Historical owner CC0 statement retained; imported metadata and scoped notices recorded separately.,No scoped local notice found; see docs/credits.md and preserved source-pack notices.
tracks/GLB Tracks/free_fire_burmuda_map_the_circuit_3d_model_5.png,images,tracks,496156,48ca8dcadcd98d3208b9bb861bf7f6bbde0995158a7d27290f07a6a0bf4de09b,retain,"Project course, runtime or authoring resource; static reachability alone cannot prove dynamic use.",See source-specific notices,Historical owner CC0 statement retained; imported metadata and scoped notices recorded separately.,No scoped local notice found; see docs/credits.md and preserved source-pack notices.
tracks/GLB Tracks/free_fire_burmuda_map_the_circuit_3d_model_6.png,images,tracks,691490,27257268fe0db563e1d98fc0d9efe21072357ab2e68d2a8a24e5883bf9a646c9,retain,"Project course, runtime or authoring resource; static reachability alone cannot prove dynamic use.",See source-specific notices,Historical owner CC0 statement retained; imported metadata and scoped notices recorded separately.,No scoped local notice found; see docs/credits.md and preserved source-pack notices.
tracks/GLB Tracks/free_fire_burmuda_map_the_circuit_3d_model_7.png,images,tracks,625843,ad37c143be216ab33691cde863aad06e6eb32ba65d9819a8359562a298088193,retain,"Project course, runtime or authoring resource; static reachability alone cannot prove dynamic use.",See source-specific notices,Historical owner CC0 statement retained; imported metadata and scoped notices recorded separately.,No scoped local notice found; see docs/credits.md and preserved source-pack notices.
tracks/GLB Tracks/free_fire_burmuda_map_the_circuit_3d_model_8.png,images,tracks,601686,a66964b3c97cb1a0df1c3b2dfa9f2a8372a9b84d9ce0b1b54c30e1b0aa57d266,retain,"Project course, runtime or authoring resource; static reachability alone cannot prove dynamic use.",See source-specific notices,Historical owner CC0 statement retained; imported metadata and scoped notices recorded separately.,No scoped local notice found; see docs/credits.md and preserved source-pack notices.
tracks/GLB Tracks/free_fire_burmuda_map_the_circuit_3d_model_9.png,images,tracks,158830,bb245b3023df7b73d61d825446d0f98f37aa5be829bc80efb85b4d480bfd9a99,retain,"Project course, runtime or authoring resource; static reachability alone cannot prove dynamic use.",See source-specific notices,Historical owner CC0 statement retained; imported metadata and scoped notices recorded separately.,No scoped local notice found; see docs/credits.md and preserved source-pack notices.
tracks/GLB Tracks/gt_racing_2_-_barcelona.glb,models,tracks,61271268,8696f230621de229b7ea2ce889657121b397829454dfe411d28e9c8b40e14bd6,retain,"Project course, runtime or authoring resource; static reachability alone cannot prove dynamic use.",See source-specific notices,Historical owner CC0 statement retained; imported metadata and scoped notices recorded separately.,No scoped local notice found; see docs/credits.md and preserved source-pack notices.
tracks/GLB Tracks/gt_racing_2_-_barcelona_0.png,images,tracks,302213,79d334607b20c7313ec75cf890e02aa7d01a1aa630c35888626b22078eeeb892,retain,"Project course, runtime or authoring resource; static reachability alone cannot prove dynamic use.",See source-specific notices,Historical owner CC0 statement retained; imported metadata and scoped notices recorded separately.,No scoped local notice found; see docs/credits.md and preserved source-pack notices.
tracks/GLB Tracks/gt_racing_2_-_barcelona_1.png,images,tracks,4611745,9eacc2124d5450156d39ce62c84156e35df1d4e333c6dcff6ba607029152a214,retain,"Project course, runtime or authoring resource; static reachability alone cannot prove dynamic use.",See source-specific notices,Historical owner CC0 statement retained; imported metadata and scoped notices recorded separately.,No scoped local notice found; see docs/credits.md and preserved source-pack notices.
tracks/GLB Tracks/gt_racing_2_-_barcelona_10.png,images,tracks,322545,ce299daf70fbc97a9640159cf65b37fad86273739bb16b85da1eedd7ecb6f720,retain,"Project course, runtime or authoring resource; static reachability alone cannot prove dynamic use.",See source-specific notices,Historical owner CC0 statement retained; imported metadata and scoped notices recorded separately.,No scoped local notice found; see docs/credits.md and preserved source-pack notices.
tracks/GLB Tracks/gt_racing_2_-_barcelona_11.png,images,tracks,3352454,1ea5d42f1d11131eeae46bc041f13b32204133b2d9a56cf3651591f7149bc98f,retain,"Project course, runtime or authoring resource; static reachability alone cannot prove dynamic use.",See source-specific notices,Historical owner CC0 statement retained; imported metadata and scoped notices recorded separately.,No scoped local notice found; see docs/credits.md and preserved source-pack notices.
tracks/GLB Tracks/gt_racing_2_-_barcelona_12.png,images,tracks,621550,b90a7ddd672b6ccfd45954a3245b452653e6f905261d02294e92d2bf88212774,retain,"Project course, runtime or authoring resource; static reachability alone cannot prove dynamic use.",See source-specific notices,Historical owner CC0 statement retained; imported metadata and scoped notices recorded separately.,No scoped local notice found; see docs/credits.md and preserved source-pack notices.
tracks/GLB Tracks/gt_racing_2_-_barcelona_13.png,images,tracks,64084,3ed1d1152f8bfc1b5d4bbde244198e019274bc9a76d11f11048102265313663c,retain,"Project course, runtime or authoring resource; static reachability alone cannot prove dynamic use.",See source-specific notices,Historical owner CC0 statement retained; imported metadata and scoped notices recorded separately.,No scoped local notice found; see docs/credits.md and preserved source-pack notices.
tracks/GLB Tracks/gt_racing_2_-_barcelona_14.png,images,tracks,2978920,b79f9b921c2fbec09c60075a6bc9d873d0c7c167a9975d888482d2c2b1c2079a,retain,"Project course, runtime or authoring resource; static reachability alone cannot prove dynamic use.",See source-specific notices,Historical owner CC0 statement retained; imported metadata and scoped notices recorded separately.,No scoped local notice found; see docs/credits.md and preserved source-pack notices.
tracks/GLB Tracks/gt_racing_2_-_barcelona_15.png,images,tracks,34696,2a9586f47b5ac71324c4e6dde045e1006eb15cbc0183ca3f427b9f62d597eec8,retain,"Project course, runtime or authoring resource; static reachability alone cannot prove dynamic use.",See source-specific notices,Historical owner CC0 statement retained; imported metadata and scoped notices recorded separately.,No scoped local notice found; see docs/credits.md and preserved source-pack notices.
tracks/GLB Tracks/gt_racing_2_-_barcelona_16.png,images,tracks,1444409,69f1d5bd97b02b2753e4a8be7391e3291260e0712efda1e5e8f2e062f875f7ca,retain,"Project course, runtime or authoring resource; static reachability alone cannot prove dynamic use.",See source-specific notices,Historical owner CC0 statement retained; imported metadata and scoped notices recorded separately.,No scoped local notice found; see docs/credits.md and preserved source-pack notices.
tracks/GLB Tracks/gt_racing_2_-_barcelona_17.png,images,tracks,5279242,0fbb50141ab38d7c186ff1c9f90d826729d9233b0985c5ea28a7b456c5c9a9b0,retain,"Project course, runtime or authoring resource; static reachability alone cannot prove dynamic use.",See source-specific notices,Historical owner CC0 statement retained; imported metadata and scoped notices recorded separately.,No scoped local notice found; see docs/credits.md and preserved source-pack notices.
tracks/GLB Tracks/gt_racing_2_-_barcelona_18.png,images,tracks,672917,1d695958ca05d10608f6aeefd27f56e17edeff9eae5427d8ab0577ae7e6a9564,retain,"Project course, runtime or authoring resource; static reachability alone cannot prove dynamic use.",See source-specific notices,Historical owner CC0 statement retained; imported metadata and scoped notices recorded separately.,No scoped local notice found; see docs/credits.md and preserved source-pack notices.
tracks/GLB Tracks/gt_racing_2_-_barcelona_19.png,images,tracks,18344,a979adc22c939db064a71f7fd7f9f46d3fcfef4ca97c2bf707075fe2441f77c3,retain,"Project course, runtime or authoring resource; static reachability alone cannot prove dynamic use.",See source-specific notices,Historical owner CC0 statement retained; imported metadata and scoped notices recorded separately.,No scoped local notice found; see docs/credits.md and preserved source-pack notices.
tracks/GLB Tracks/gt_racing_2_-_barcelona_2.png,images,tracks,1173328,22af7ec5b3399101e34998c3b33179bbb837145c4691afcac7a0e74497f60fde,retain,"Project course, runtime or authoring resource; static reachability alone cannot prove dynamic use.",See source-specific notices,Historical owner CC0 statement retained; imported metadata and scoped notices recorded separately.,No scoped local notice found; see docs/credits.md and preserved source-pack notices.
tracks/GLB Tracks/gt_racing_2_-_barcelona_20.png,images,tracks,522032,e29bc81b1e2c3df0019d840e9e0520a7ac39f787ca67c505ba28bfb1f8388b51,retain,"Project course, runtime or authoring resource; static reachability alone cannot prove dynamic use.",See source-specific notices,Historical owner CC0 statement retained; imported metadata and scoped notices recorded separately.,No scoped local notice found; see docs/credits.md and preserved source-pack notices.
tracks/GLB Tracks/gt_racing_2_-_barcelona_21.png,images,tracks,2359413,5dfde19216c3414b4dc420372a5adfc509bc5dcaa40cce2bbce7e8f74d36483f,retain,"Project course, runtime or authoring resource; static reachability alone cannot prove dynamic use.",See source-specific notices,Historical owner CC0 statement retained; imported metadata and scoped notices recorded separately.,No scoped local notice found; see docs/credits.md and preserved source-pack notices.
tracks/GLB Tracks/gt_racing_2_-_barcelona_22.png,images,tracks,263328,ace6c3dcdc2c18c6fa4959f79261ea919b7ff6e24ec5b87f58e7360fcc8c67f5,retain,"Project course, runtime or authoring resource; static reachability alone cannot prove dynamic use.",See source-specific notices,Historical owner CC0 statement retained; imported metadata and scoped notices recorded separately.,No scoped local notice found; see docs/credits.md and preserved source-pack notices.
tracks/GLB Tracks/gt_racing_2_-_barcelona_23.png,images,tracks,538261,f13dbd5c0517d4c0b77898d577e56ffb68776d4c02b00e4f71fef541f74f974f,retain,"Project course, runtime or authoring resource; static reachability alone cannot prove dynamic use.",See source-specific notices,Historical owner CC0 statement retained; imported metadata and scoped notices recorded separately.,No scoped local notice found; see docs/credits.md and preserved source-pack notices.
tracks/GLB Tracks/gt_racing_2_-_barcelona_24.png,images,tracks,297406,53c384eac3fdf7cfdd4b0bdeb9e6f7d083727e031ef47e35be2fdfee861fe132,retain,"Project course, runtime or authoring resource; static reachability alone cannot prove dynamic use.",See source-specific notices,Historical owner CC0 statement retained; imported metadata and scoped notices recorded separately.,No scoped local notice found; see docs/credits.md and preserved source-pack notices.
tracks/GLB Tracks/gt_racing_2_-_barcelona_25.png,images,tracks,247042,666f651085995f38388c653e3410d602c38c30feb6d6a5847ea41b71cae628d0,retain,"Project course, runtime or authoring resource; static reachability alone cannot prove dynamic use.",See source-specific notices,Historical owner CC0 statement retained; imported metadata and scoped notices recorded separately.,No scoped local notice found; see docs/credits.md and preserved source-pack notices.
tracks/GLB Tracks/gt_racing_2_-_barcelona_26.png,images,tracks,2695771,90fa06be16ff69313b06d2e4b2c22ed14a8716d0e057583275a12235926b307d,retain,"Project course, runtime or authoring resource; static reachability alone cannot prove dynamic use.",See source-specific notices,Historical owner CC0 statement retained; imported metadata and scoped notices recorded separately.,No scoped local notice found; see docs/credits.md and preserved source-pack notices.
tracks/GLB Tracks/gt_racing_2_-_barcelona_27.png,images,tracks,3384889,b86234bbb720f3c5fc652c8efbf46258eb9fa83be2bd81ef6a9b13839ee90da0,retain,"Project course, runtime or authoring resource; static reachability alone cannot prove dynamic use.",See source-specific notices,Historical owner CC0 statement retained; imported metadata and scoped notices recorded separately.,No scoped local notice found; see docs/credits.md and preserved source-pack notices.
tracks/GLB Tracks/gt_racing_2_-_barcelona_28.png,images,tracks,397400,f1fdcbe6cb849841c9a5ee578437189a18124ddd455b8379c309a0a7f7b1a56c,retain,"Project course, runtime or authoring resource; static reachability alone cannot prove dynamic use.",See source-specific notices,Historical owner CC0 statement retained; imported metadata and scoped notices recorded separately.,No scoped local notice found; see docs/credits.md and preserved source-pack notices.
tracks/GLB Tracks/gt_racing_2_-_barcelona_29.png,images,tracks,522349,57c8de12578c18b59cf52374d0249d590a4d62ea818b572b5707078d372ca501,retain,"Project course, runtime or authoring resource; static reachability alone cannot prove dynamic use.",See source-specific notices,Historical owner CC0 statement retained; imported metadata and scoped notices recorded separately.,No scoped local notice found; see docs/credits.md and preserved source-pack notices.
tracks/GLB Tracks/gt_racing_2_-_barcelona_3.png,images,tracks,3651049,5f5f047e50239714471c4d0a454c0529d4b0550d5d27024eca2f04f1580e79c7,retain,"Project course, runtime or authoring resource; static reachability alone cannot prove dynamic use.",See source-specific notices,Historical owner CC0 statement retained; imported metadata and scoped notices recorded separately.,No scoped local notice found; see docs/credits.md and preserved source-pack notices.
tracks/GLB Tracks/gt_racing_2_-_barcelona_30.png,images,tracks,338417,5b1651ed6a9039a321fa5e34e7757c7be132583e436c84d31c6cde21a21f1a7b,retain,"Project course, runtime or authoring resource; static reachability alone cannot prove dynamic use.",See source-specific notices,Historical owner CC0 statement retained; imported metadata and scoped notices recorded separately.,No scoped local notice found; see docs/credits.md and preserved source-pack notices.
tracks/GLB Tracks/gt_racing_2_-_barcelona_31.png,images,tracks,398236,a736ed4e2e49f8e83e78417d6b1d0f28731c7eb71d7cbd96faff7ac47c193cf7,retain,"Project course, runtime or authoring resource; static reachability alone cannot prove dynamic use.",See source-specific notices,Historical owner CC0 statement retained; imported metadata and scoped notices recorded separately.,No scoped local notice found; see docs/credits.md and preserved source-pack notices.
tracks/GLB Tracks/gt_racing_2_-_barcelona_32.png,images,tracks,396976,9a725e8f702bf56d2e7f3c605df73f60871bacc88076a0f54e7f8373c6c4fcea,retain,"Project course, runtime or authoring resource; static reachability alone cannot prove dynamic use.",See source-specific notices,Historical owner CC0 statement retained; imported metadata and scoped notices recorded separately.,No scoped local notice found; see docs/credits.md and preserved source-pack notices.
tracks/GLB Tracks/gt_racing_2_-_barcelona_33.png,images,tracks,394252,deded104057f9809b7195b87eec44373eabf3789355f6a22292bfadb7f928255,retain,"Project course, runtime or authoring resource; static reachability alone cannot prove dynamic use.",See source-specific notices,Historical owner CC0 statement retained; imported metadata and scoped notices recorded separately.,No scoped local notice found; see docs/credits.md and preserved source-pack notices.
tracks/GLB Tracks/gt_racing_2_-_barcelona_34.png,images,tracks,1333415,37ea1d2c0d0fdfed2a71bc823fdee12aa80a923a7c6828c74db31200f9c43abf,retain,"Project course, runtime or authoring resource; static reachability alone cannot prove dynamic use.",See source-specific notices,Historical owner CC0 statement retained; imported metadata and scoped notices recorded separately.,No scoped local notice found; see docs/credits.md and preserved source-pack notices.
tracks/GLB Tracks/gt_racing_2_-_barcelona_4.png,images,tracks,3787446,b9b6b3fd6b5489f652800bc958a60d272a4fd6802f214dd2da2faba06299c234,retain,"Project course, runtime or authoring resource; static reachability alone cannot prove dynamic use.",See source-specific notices,Historical owner CC0 statement retained; imported metadata and scoped notices recorded separately.,No scoped local notice found; see docs/credits.md and preserved source-pack notices.
tracks/GLB Tracks/gt_racing_2_-_barcelona_5.png,images,tracks,520736,82e1fca68c964408050ed6a41f4c5b49a599a7b303c20b36e5fe29dfcbc92286,retain,"Project course, runtime or authoring resource; static reachability alone cannot prove dynamic use.",See source-specific notices,Historical owner CC0 statement retained; imported metadata and scoped notices recorded separately.,No scoped local notice found; see docs/credits.md and preserved source-pack notices.
tracks/GLB Tracks/gt_racing_2_-_barcelona_6.png,images,tracks,337288,73db3f5d7eb63702720283d36446f6d71122091e6a134f8d1bd1a3bc6a9166a4,retain,"Project course, runtime or authoring resource; static reachability alone cannot prove dynamic use.",See source-specific notices,Historical owner CC0 statement retained; imported metadata and scoped notices recorded separately.,No scoped local notice found; see docs/credits.md and preserved source-pack notices.
tracks/GLB Tracks/gt_racing_2_-_barcelona_7.png,images,tracks,3381153,b50235484e1408e6dead25a20680a2d11699ded8a8039c341963c2ac81a92480,retain,"Project course, runtime or authoring resource; static reachability alone cannot prove dynamic use.",See source-specific notices,Historical owner CC0 statement retained; imported metadata and scoped notices recorded separately.,No scoped local notice found; see docs/credits.md and preserved source-pack notices.
tracks/GLB Tracks/gt_racing_2_-_barcelona_8.png,images,tracks,135766,e2beff5f66e3d05d98dd4faa3f6d2d35c5c8c52cb30c3f4a2df6b9322657dd55,retain,"Project course, runtime or authoring resource; static reachability alone cannot prove dynamic use.",See source-specific notices,Historical owner CC0 statement retained; imported metadata and scoped notices recorded separately.,No scoped local notice found; see docs/credits.md and preserved source-pack notices.
tracks/GLB Tracks/gt_racing_2_-_barcelona_9.png,images,tracks,340265,23238576c0bd326192b05f6c05196dd8b76606968e87beed96c50b57c0083521,retain,"Project course, runtime or authoring resource; static reachability alone cannot prove dynamic use.",See source-specific notices,Historical owner CC0 statement retained; imported metadata and scoped notices recorded separately.,No scoped local notice found; see docs/credits.md and preserved source-pack notices.
tracks/GLB Tracks/gt_racing_2_-_glen_canyon_dam.glb,models,tracks,40542444,4f2e14067c892f701d8c2317e83b8bbe5128f63f8f94e4eaa5bda5c9a60a8bfb,retain,"Project course, runtime or authoring resource; static reachability alone cannot prove dynamic use.",See source-specific notices,Historical owner CC0 statement retained; imported metadata and scoped notices recorded separately.,No scoped local notice found; see docs/credits.md and preserved source-pack notices.
tracks/GLB Tracks/gt_racing_2_-_glen_canyon_dam_0.png,images,tracks,3238796,eaea2d15b543343511e24ad133bfeffd2e9bf43cb7857a9005933fbd208b4262,retain,"Project course, runtime or authoring resource; static reachability alone cannot prove dynamic use.",See source-specific notices,Historical owner CC0 statement retained; imported metadata and scoped notices recorded separately.,No scoped local notice found; see docs/credits.md and preserved source-pack notices.
tracks/GLB Tracks/gt_racing_2_-_glen_canyon_dam_1.png,images,tracks,1254375,62580c32e15a46ff57475a05cfefc75e35dd90077213e4adc555d62a09b26194,retain,"Project course, runtime or authoring resource; static reachability alone cannot prove dynamic use.",See source-specific notices,Historical owner CC0 statement retained; imported metadata and scoped notices recorded separately.,No scoped local notice found; see docs/credits.md and preserved source-pack notices.
tracks/GLB Tracks/gt_racing_2_-_glen_canyon_dam_10.png,images,tracks,215550,3ed5643cb542554bc17495382f891696cbce396bc6181f1c6984a3e20307c625,retain,"Project course, runtime or authoring resource; static reachability alone cannot prove dynamic use.",See source-specific notices,Historical owner CC0 statement retained; imported metadata and scoped notices recorded separately.,No scoped local notice found; see docs/credits.md and preserved source-pack notices.
tracks/GLB Tracks/gt_racing_2_-_glen_canyon_dam_11.png,images,tracks,2967332,87c05b4f31fbcacf2a1ce3e9b70d7b5902985eab7c3de362b69073788645adf6,retain,"Project course, runtime or authoring resource; static reachability alone cannot prove dynamic use.",See source-specific notices,Historical owner CC0 statement retained; imported metadata and scoped notices recorded separately.,No scoped local notice found; see docs/credits.md and preserved source-pack notices.
tracks/GLB Tracks/gt_racing_2_-_glen_canyon_dam_12.png,images,tracks,4726829,c3a997612be7c69b22ecaed693ed8229a017e7d3b43e65954d489b4f49bb5d33,retain,"Project course, runtime or authoring resource; static reachability alone cannot prove dynamic use.",See source-specific notices,Historical owner CC0 statement retained; imported metadata and scoped notices recorded separately.,No scoped local notice found; see docs/credits.md and preserved source-pack notices.
tracks/GLB Tracks/gt_racing_2_-_glen_canyon_dam_13.png,images,tracks,2304857,60ae10abab944eadf884d2bf94404e5eeac64a43e342deba8a403332affe4dc1,retain,"Project course, runtime or authoring resource; static reachability alone cannot prove dynamic use.",See source-specific notices,Historical owner CC0 statement retained; imported metadata and scoped notices recorded separately.,No scoped local notice found; see docs/credits.md and preserved source-pack notices.
tracks/GLB Tracks/gt_racing_2_-_glen_canyon_dam_14.png,images,tracks,2692539,061d1b34dd96590b560c218e87d94311de926118019ab8369223fb13407a649f,retain,"Project course, runtime or authoring resource; static reachability alone cannot prove dynamic use.",See source-specific notices,Historical owner CC0 statement retained; imported metadata and scoped notices recorded separately.,No scoped local notice found; see docs/credits.md and preserved source-pack notices.
tracks/GLB Tracks/gt_racing_2_-_glen_canyon_dam_15.png,images,tracks,816793,7207b897231070a31256d61e6a2bf12cb124f8aafb1abb58cef4e1aa53bbac3b,retain,"Project course, runtime or authoring resource; static reachability alone cannot prove dynamic use.",See source-specific notices,Historical owner CC0 statement retained; imported metadata and scoped notices recorded separately.,No scoped local notice found; see docs/credits.md and preserved source-pack notices.
tracks/GLB Tracks/gt_racing_2_-_glen_canyon_dam_16.png,images,tracks,3006063,3b305d7721dcc78070a4ba0f22ac21563040888d9529c86a9b207e99c6fcc116,retain,"Project course, runtime or authoring resource; static reachability alone cannot prove dynamic use.",See source-specific notices,Historical owner CC0 statement retained; imported metadata and scoped notices recorded separately.,No scoped local notice found; see docs/credits.md and preserved source-pack notices.
tracks/GLB Tracks/gt_racing_2_-_glen_canyon_dam_17.png,images,tracks,299082,59a6703f52904c2ac37fee112bda9934169833c82ae8f0d492f5d9cd225e80c0,retain,"Project course, runtime or authoring resource; static reachability alone cannot prove dynamic use.",See source-specific notices,Historical owner CC0 statement retained; imported metadata and scoped notices recorded separately.,No scoped local notice found; see docs/credits.md and preserved source-pack notices.
tracks/GLB Tracks/gt_racing_2_-_glen_canyon_dam_18.png,images,tracks,2188647,1379c570d2de7bb0c9892de1cfd127a7b25a4eaeccc8a48ed008987bd4d2ca9e,retain,"Project course, runtime or authoring resource; static reachability alone cannot prove dynamic use.",See source-specific notices,Historical owner CC0 statement retained; imported metadata and scoped notices recorded separately.,No scoped local notice found; see docs/credits.md and preserved source-pack notices.
tracks/GLB Tracks/gt_racing_2_-_glen_canyon_dam_19.png,images,tracks,293224,79b4fa542765123aed6ed0ba01c86acb7451854678176a9855ca18631143cb2f,retain,"Project course, runtime or authoring resource; static reachability alone cannot prove dynamic use.",See source-specific notices,Historical owner CC0 statement retained; imported metadata and scoped notices recorded separately.,No scoped local notice found; see docs/credits.md and preserved source-pack notices.
tracks/GLB Tracks/gt_racing_2_-_glen_canyon_dam_2.png,images,tracks,1163605,416d4bc882e07f0f8585d88d3bab7df6f55791eb7276bf732acd923603dd70d8,retain,"Project course, runtime or authoring resource; static reachability alone cannot prove dynamic use.",See source-specific notices,Historical owner CC0 statement retained; imported metadata and scoped notices recorded separately.,No scoped local notice found; see docs/credits.md and preserved source-pack notices.
tracks/GLB Tracks/gt_racing_2_-_glen_canyon_dam_20.png,images,tracks,372966,6874b7b77549fbe4e2712c509789e574f1f8741ecc1e76c634c399e560a666bc,retain,"Project course, runtime or authoring resource; static reachability alone cannot prove dynamic use.",See source-specific notices,Historical owner CC0 statement retained; imported metadata and scoped notices recorded separately.,No scoped local notice found; see docs/credits.md and preserved source-pack notices.
tracks/GLB Tracks/gt_racing_2_-_glen_canyon_dam_3.png,images,tracks,1369107,faea7ad833a302db617342c4065253ea9ebb86050da6664190424b87af5e2f4c,retain,"Project course, runtime or authoring resource; static reachability alone cannot prove dynamic use.",See source-specific notices,Historical owner CC0 statement retained; imported metadata and scoped notices recorded separately.,No scoped local notice found; see docs/credits.md and preserved source-pack notices.
tracks/GLB Tracks/gt_racing_2_-_glen_canyon_dam_4.png,images,tracks,807696,78e572a254c601e5c9c030a6304c1bc1ea62dda7ca66baa61ac3193faa8139d8,retain,"Project course, runtime or authoring resource; static reachability alone cannot prove dynamic use.",See source-specific notices,Historical owner CC0 statement retained; imported metadata and scoped notices recorded separately.,No scoped local notice found; see docs/credits.md and preserved source-pack notices.
tracks/GLB Tracks/gt_racing_2_-_glen_canyon_dam_5.png,images,tracks,227209,289a207eefb6821ad3661a5f25ec8a6da827234f02d152598a0100782b27845c,retain,"Project course, runtime or authoring resource; static reachability alone cannot prove dynamic use.",See source-specific notices,Historical owner CC0 statement retained; imported metadata and scoped notices recorded separately.,No scoped local notice found; see docs/credits.md and preserved source-pack notices.
tracks/GLB Tracks/gt_racing_2_-_glen_canyon_dam_6.png,images,tracks,201766,973bb4d6a1f293d7baf0ec3df243ff5e9361e5b8a6016bbc9457a571e30f8861,retain,"Project course, runtime or authoring resource; static reachability alone cannot prove dynamic use.",See source-specific notices,Historical owner CC0 statement retained; imported metadata and scoped notices recorded separately.,No scoped local notice found; see docs/credits.md and preserved source-pack notices.
tracks/GLB Tracks/gt_racing_2_-_glen_canyon_dam_7.png,images,tracks,1177888,0fd4b76c0274c1619918b0b2370a314926f4d888b2a8f17d4e26a48604cf34eb,retain,"Project course, runtime or authoring resource; static reachability alone cannot prove dynamic use.",See source-specific notices,Historical owner CC0 statement retained; imported metadata and scoped notices recorded separately.,No scoped local notice found; see docs/credits.md and preserved source-pack notices.
tracks/GLB Tracks/gt_racing_2_-_glen_canyon_dam_8.png,images,tracks,979103,e9f8dde445425ab67314cb2468cd53ab5b3b144847ec73e4e58d1175fffbc2ad,retain,"Project course, runtime or authoring resource; static reachability alone cannot prove dynamic use.",See source-specific notices,Historical owner CC0 statement retained; imported metadata and scoped notices recorded separately.,No scoped local notice found; see docs/credits.md and preserved source-pack notices.
tracks/GLB Tracks/gt_racing_2_-_glen_canyon_dam_9.png,images,tracks,206656,f2a67f67bfaa66a1a717f6cd0d2e280810208995696d959913a54c5129ccecd4,retain,"Project course, runtime or authoring resource; static reachability alone cannot prove dynamic use.",See source-specific notices,Historical owner CC0 statement retained; imported metadata and scoped notices recorded separately.,No scoped local notice found; see docs/credits.md and preserved source-pack notices.
tracks/GLB Tracks/gt_racing_2_-_lake_como.glb,models,tracks,81707352,bb7fdcf59f9a6cdc68e0646c5f19e5b01308cace7d4e2523f6bf0bd5bd4cc340,retain,"Project course, runtime or authoring resource; static reachability alone cannot prove dynamic use.",See source-specific notices,Historical owner CC0 statement retained; imported metadata and scoped notices recorded separately.,No scoped local notice found; see docs/credits.md and preserved source-pack notices.
tracks/GLB Tracks/gt_racing_2_-_lake_como_0.png,images,tracks,187149,7aec72b57827b3717d79df17de90600780d8b0833c00a4bff6e550bb7f2ba1fc,retain,"Project course, runtime or authoring resource; static reachability alone cannot prove dynamic use.",See source-specific notices,Historical owner CC0 statement retained; imported metadata and scoped notices recorded separately.,No scoped local notice found; see docs/credits.md and preserved source-pack notices.
tracks/GLB Tracks/gt_racing_2_-_lake_como_1.png,images,tracks,167788,39f780444f351fdb0d19fffcb3da2bd794bf5eaeb59846b0ba98103e9cd7867b,retain,"Project course, runtime or authoring resource; static reachability alone cannot prove dynamic use.",See source-specific notices,Historical owner CC0 statement retained; imported metadata and scoped notices recorded separately.,No scoped local notice found; see docs/credits.md and preserved source-pack notices.
tracks/GLB Tracks/gt_racing_2_-_lake_como_10.png,images,tracks,228582,313168052e4c5d8e8090ceecef1a2f654ccd571f4ab49c358c0a32222d38aa3e,retain,"Project course, runtime or authoring resource; static reachability alone cannot prove dynamic use.",See source-specific notices,Historical owner CC0 statement retained; imported metadata and scoped notices recorded separately.,No scoped local notice found; see docs/credits.md and preserved source-pack notices.
tracks/GLB Tracks/gt_racing_2_-_lake_como_11.png,images,tracks,561358,717e40f9bda41f72c171d712cd2c00a6e2d8c189c6a4c7063a1849a99530f96b,retain,"Project course, runtime or authoring resource; static reachability alone cannot prove dynamic use.",See source-specific notices,Historical owner CC0 statement retained; imported metadata and scoped notices recorded separately.,No scoped local notice found; see docs/credits.md and preserved source-pack notices.
tracks/GLB Tracks/gt_racing_2_-_lake_como_12.png,images,tracks,1355576,8a4545f05affbea7ef8455247995a85979790c748e3554faec653da81b990771,retain,"Project course, runtime or authoring resource; static reachability alone cannot prove dynamic use.",See source-specific notices,Historical owner CC0 statement retained; imported metadata and scoped notices recorded separately.,No scoped local notice found; see docs/credits.md and preserved source-pack notices.
tracks/GLB Tracks/gt_racing_2_-_lake_como_13.png,images,tracks,9283513,25b642ea4123556969e68486d2935ddfe866ed0f5b6965894c31ce656b548eb2,retain,"Project course, runtime or authoring resource; static reachability alone cannot prove dynamic use.",See source-specific notices,Historical owner CC0 statement retained; imported metadata and scoped notices recorded separately.,No scoped local notice found; see docs/credits.md and preserved source-pack notices.
tracks/GLB Tracks/gt_racing_2_-_lake_como_14.png,images,tracks,9186820,43033f061d21abc4a6a3b6ef8dad07edb89f7acdc8d85076df114d5d96e06124,retain,"Project course, runtime or authoring resource; static reachability alone cannot prove dynamic use.",See source-specific notices,Historical owner CC0 statement retained; imported metadata and scoped notices recorded separately.,No scoped local notice found; see docs/credits.md and preserved source-pack notices.
tracks/GLB Tracks/gt_racing_2_-_lake_como_15.png,images,tracks,312885,2cceed30a648fda1b0ef2af5bdb6ca768d22f6d14bc2870f549934cb2092754e,retain,"Project course, runtime or authoring resource; static reachability alone cannot prove dynamic use.",See source-specific notices,Historical owner CC0 statement retained; imported metadata and scoped notices recorded separately.,No scoped local notice found; see docs/credits.md and preserved source-pack notices.
tracks/GLB Tracks/gt_racing_2_-_lake_como_16.png,images,tracks,1822498,1e1803cb0adfff880f1f2d63748baf21465f6b928862ac5144c8103daf763cea,retain,"Project course, runtime or authoring resource; static reachability alone cannot prove dynamic use.",See source-specific notices,Historical owner CC0 statement retained; imported metadata and scoped notices recorded separately.,No scoped local notice found; see docs/credits.md and preserved source-pack notices.
tracks/GLB Tracks/gt_racing_2_-_lake_como_17.png,images,tracks,7174056,586b29025241ef986f8d1b741965b923b29e3573ee8b258c1d1e298eb5c9842a,retain,"Project course, runtime or authoring resource; static reachability alone cannot prove dynamic use.",See source-specific notices,Historical owner CC0 statement retained; imported metadata and scoped notices recorded separately.,No scoped local notice found; see docs/credits.md and preserved source-pack notices.
tracks/GLB Tracks/gt_racing_2_-_lake_como_18.png,images,tracks,847331,9d9ddbf17a6f55ae5beed141a2443c98c7acb363e262eff0a6aa822dc45e7f65,retain,"Project course, runtime or authoring resource; static reachability alone cannot prove dynamic use.",See source-specific notices,Historical owner CC0 statement retained; imported metadata and scoped notices recorded separately.,No scoped local notice found; see docs/credits.md and preserved source-pack notices.
tracks/GLB Tracks/gt_racing_2_-_lake_como_19.png,images,tracks,158967,3b26320bfeae77962515f1ed8348e7294f9e81226b2ca1ca46ee06acd6bcca87,retain,"Project course, runtime or authoring resource; static reachability alone cannot prove dynamic use.",See source-specific notices,Historical owner CC0 statement retained; imported metadata and scoped notices recorded separately.,No scoped local notice found; see docs/credits.md and preserved source-pack notices.
tracks/GLB Tracks/gt_racing_2_-_lake_como_2.png,images,tracks,6674978,f151b6f1bdd597093b1c1ddeb1eab3cc36b9b2d03a3ce531abe7b79fbed9d4bf,retain,"Project course, runtime or authoring resource; static reachability alone cannot prove dynamic use.",See source-specific notices,Historical owner CC0 statement retained; imported metadata and scoped notices recorded separately.,No scoped local notice found; see docs/credits.md and preserved source-pack notices.
tracks/GLB Tracks/gt_racing_2_-_lake_como_20.png,images,tracks,978515,032bdba5bdf56414e47d6261e8ee6f2b14189650d159cd38f799719946bcd0e9,retain,"Project course, runtime or authoring resource; static reachability alone cannot prove dynamic use.",See source-specific notices,Historical owner CC0 statement retained; imported metadata and scoped notices recorded separately.,No scoped local notice found; see docs/credits.md and preserved source-pack notices.
tracks/GLB Tracks/gt_racing_2_-_lake_como_21.png,images,tracks,1830178,a65cdb707e679e310e035e7d5ea905d3b122bac5d8b84170496f954171100a23,retain,"Project course, runtime or authoring resource; static reachability alone cannot prove dynamic use.",See source-specific notices,Historical owner CC0 statement retained; imported metadata and scoped notices recorded separately.,No scoped local notice found; see docs/credits.md and preserved source-pack notices.
tracks/GLB Tracks/gt_racing_2_-_lake_como_22.png,images,tracks,192096,f626feb0a06920dab36d8b4f4b280969cc41c8bd7c80d5a1a57db7adcc947c3c,retain,"Project course, runtime or authoring resource; static reachability alone cannot prove dynamic use.",See source-specific notices,Historical owner CC0 statement retained; imported metadata and scoped notices recorded separately.,No scoped local notice found; see docs/credits.md and preserved source-pack notices.
tracks/GLB Tracks/gt_racing_2_-_lake_como_23.png,images,tracks,258525,2cf5894315c2667da3b86fd7fee8ce12635afcc930b67848753a12ed30a774c6,retain,"Project course, runtime or authoring resource; static reachability alone cannot prove dynamic use.",See source-specific notices,Historical owner CC0 statement retained; imported metadata and scoped notices recorded separately.,No scoped local notice found; see docs/credits.md and preserved source-pack notices.
tracks/GLB Tracks/gt_racing_2_-_lake_como_24.png,images,tracks,203589,e49db540b0c236a8e7fc86bed5b1c773903d49254fe8e0e1e416af2f6eca368b,retain,"Project course, runtime or authoring resource; static reachability alone cannot prove dynamic use.",See source-specific notices,Historical owner CC0 statement retained; imported metadata and scoped notices recorded separately.,No scoped local notice found; see docs/credits.md and preserved source-pack notices.
tracks/GLB Tracks/gt_racing_2_-_lake_como_25.png,images,tracks,199218,86f6079be5e5b8deb8256c20df4f57790a3852b8bebb0493df75389da297d1e1,retain,"Project course, runtime or authoring resource; static reachability alone cannot prove dynamic use.",See source-specific notices,Historical owner CC0 statement retained; imported metadata and scoped notices recorded separately.,No scoped local notice found; see docs/credits.md and preserved source-pack notices.
tracks/GLB Tracks/gt_racing_2_-_lake_como_26.png,images,tracks,489871,2baffc9d63950c8f57fcfbf469b7966491fb352a90d25d4ce0159a04e1396286,retain,"Project course, runtime or authoring resource; static reachability alone cannot prove dynamic use.",See source-specific notices,Historical owner CC0 statement retained; imported metadata and scoped notices recorded separately.,No scoped local notice found; see docs/credits.md and preserved source-pack notices.
tracks/GLB Tracks/gt_racing_2_-_lake_como_27.png,images,tracks,115560,b1771c6a5fa39858c8220d8917b54faa4420642e7a277c5708cd69989dba54ba,retain,"Project course, runtime or authoring resource; static reachability alone cannot prove dynamic use.",See source-specific notices,Historical owner CC0 statement retained; imported metadata and scoped notices recorded separately.,No scoped local notice found; see docs/credits.md and preserved source-pack notices.
tracks/GLB Tracks/gt_racing_2_-_lake_como_28.png,images,tracks,101092,71508616a1f0b68094b5ba8d3e884d5a7f84354b7007bc0c28c56b12e7dcfb55,retain,"Project course, runtime or authoring resource; static reachability alone cannot prove dynamic use.",See source-specific notices,Historical owner CC0 statement retained; imported metadata and scoped notices recorded separately.,No scoped local notice found; see docs/credits.md and preserved source-pack notices.
tracks/GLB Tracks/gt_racing_2_-_lake_como_29.png,images,tracks,250993,792081a7136ad68b54c9d5bf0b41f8787f631d2ec429a161dab5ce17333dfecb,retain,"Project course, runtime or authoring resource; static reachability alone cannot prove dynamic use.",See source-specific notices,Historical owner CC0 statement retained; imported metadata and scoped notices recorded separately.,No scoped local notice found; see docs/credits.md and preserved source-pack notices.
tracks/GLB Tracks/gt_racing_2_-_lake_como_3.png,images,tracks,626732,cf35724d46c26b60b1df46264ecb4c5b12b098b00de1d09ea3884b0f8a7b2f24,retain,"Project course, runtime or authoring resource; static reachability alone cannot prove dynamic use.",See source-specific notices,Historical owner CC0 statement retained; imported metadata and scoped notices recorded separately.,No scoped local notice found; see docs/credits.md and preserved source-pack notices.
tracks/GLB Tracks/gt_racing_2_-_lake_como_30.png,images,tracks,2751752,1180cb49dee2c64a3a19b79bd738267b75721d434310e8e80e97a4696ba47f9e,retain,"Project course, runtime or authoring resource; static reachability alone cannot prove dynamic use.",See source-specific notices,Historical owner CC0 statement retained; imported metadata and scoped notices recorded separately.,No scoped local notice found; see docs/credits.md and preserved source-pack notices.
tracks/GLB Tracks/gt_racing_2_-_lake_como_31.png,images,tracks,606114,be1609568b5581a2ecf8dd5744d84b291edabfa61a6ad36f07f4db7254f01510,retain,"Project course, runtime or authoring resource; static reachability alone cannot prove dynamic use.",See source-specific notices,Historical owner CC0 statement retained; imported metadata and scoped notices recorded separately.,No scoped local notice found; see docs/credits.md and preserved source-pack notices.
tracks/GLB Tracks/gt_racing_2_-_lake_como_32.png,images,tracks,556466,d2b110aabcb030368ff3f7b482f08c0d4023f93cf6de36c9d2f0b9d2db46aab4,retain,"Project course, runtime or authoring resource; static reachability alone cannot prove dynamic use.",See source-specific notices,Historical owner CC0 statement retained; imported metadata and scoped notices recorded separately.,No scoped local notice found; see docs/credits.md and preserved source-pack notices.
tracks/GLB Tracks/gt_racing_2_-_lake_como_33.png,images,tracks,487534,259a70602830180a429f78d5470f2f9b21f5b119eb486b40235998b6f5b47658,retain,"Project course, runtime or authoring resource; static reachability alone cannot prove dynamic use.",See source-specific notices,Historical owner CC0 statement retained; imported metadata and scoped notices recorded separately.,No scoped local notice found; see docs/credits.md and preserved source-pack notices.
tracks/GLB Tracks/gt_racing_2_-_lake_como_34.png,images,tracks,622260,3f2e80d673e2ae0ef15d164839c9cf2e9ef004ed48708ff9e73147401cc985d7,retain,"Project course, runtime or authoring resource; static reachability alone cannot prove dynamic use.",See source-specific notices,Historical owner CC0 statement retained; imported metadata and scoped notices recorded separately.,No scoped local notice found; see docs/credits.md and preserved source-pack notices.
tracks/GLB Tracks/gt_racing_2_-_lake_como_35.png,images,tracks,1515502,13a75834e2f6148ee5287785809ae4de3e43fdade60f2c0d36e6f68d2bacae9b,retain,"Project course, runtime or authoring resource; static reachability alone cannot prove dynamic use.",See source-specific notices,Historical owner CC0 statement retained; imported metadata and scoped notices recorded separately.,No scoped local notice found; see docs/credits.md and preserved source-pack notices.
tracks/GLB Tracks/gt_racing_2_-_lake_como_36.png,images,tracks,540539,12ca8b09267c1ee0520774f95d87a7426730d163e1679cf2ba854c41a264eac6,retain,"Project course, runtime or authoring resource; static reachability alone cannot prove dynamic use.",See source-specific notices,Historical owner CC0 statement retained; imported metadata and scoped notices recorded separately.,No scoped local notice found; see docs/credits.md and preserved source-pack notices.
tracks/GLB Tracks/gt_racing_2_-_lake_como_4.png,images,tracks,2033429,c8d8c57b9755153c857961c4d05dcd6126156a8d0c1f0d1d6f9c4c591c8aed04,retain,"Project course, runtime or authoring resource; static reachability alone cannot prove dynamic use.",See source-specific notices,Historical owner CC0 statement retained; imported metadata and scoped notices recorded separately.,No scoped local notice found; see docs/credits.md and preserved source-pack notices.
tracks/GLB Tracks/gt_racing_2_-_lake_como_5.png,images,tracks,4982034,11a1c9161a84ddea9ff58f533510a6734ff824d55b7af1e0368a1285a34ccf99,retain,"Project course, runtime or authoring resource; static reachability alone cannot prove dynamic use.",See source-specific notices,Historical owner CC0 statement retained; imported metadata and scoped notices recorded separately.,No scoped local notice found; see docs/credits.md and preserved source-pack notices.
tracks/GLB Tracks/gt_racing_2_-_lake_como_6.png,images,tracks,569671,7f06b65cd4f40e70fee9eba2d5430245ffbf2d3d02230f338549ecbd07477758,retain,"Project course, runtime or authoring resource; static reachability alone cannot prove dynamic use.",See source-specific notices,Historical owner CC0 statement retained; imported metadata and scoped notices recorded separately.,No scoped local notice found; see docs/credits.md and preserved source-pack notices.
tracks/GLB Tracks/gt_racing_2_-_lake_como_7.png,images,tracks,1153521,7ccbcf6457b7f15acfb536239114750bbc11d2d69c13cdef6ac9c314e5dcfb02,retain,"Project course, runtime or authoring resource; static reachability alone cannot prove dynamic use.",See source-specific notices,Historical owner CC0 statement retained; imported metadata and scoped notices recorded separately.,No scoped local notice found; see docs/credits.md and preserved source-pack notices.
tracks/GLB Tracks/gt_racing_2_-_lake_como_8.png,images,tracks,6372524,44b66cb221c0fc9d8d2adbf1a816d394f0007970c9dff815893eb0d22e6840d7,retain,"Project course, runtime or authoring resource; static reachability alone cannot prove dynamic use.",See source-specific notices,Historical owner CC0 statement retained; imported metadata and scoped notices recorded separately.,No scoped local notice found; see docs/credits.md and preserved source-pack notices.
tracks/GLB Tracks/gt_racing_2_-_lake_como_9.png,images,tracks,2394068,d9708632470385c4e177d35589e3608d8f59453ca206926892a1879a749917d3,retain,"Project course, runtime or authoring resource; static reachability alone cannot prove dynamic use.",See source-specific notices,Historical owner CC0 statement retained; imported metadata and scoped notices recorded separately.,No scoped local notice found; see docs/credits.md and preserved source-pack notices.
tracks/GLB Tracks/gt_racing_2_-_montreal.glb,models,tracks,42236484,ffa4e16665a2f024c11d5d705d9d3d06664536854295fe59fd6503b56bcbe318,retain,"Project course, runtime or authoring resource; static reachability alone cannot prove dynamic use.",See source-specific notices,Historical owner CC0 statement retained; imported metadata and scoped notices recorded separately.,No scoped local notice found; see docs/credits.md and preserved source-pack notices.
tracks/GLB Tracks/gt_racing_2_-_montreal_0.png,images,tracks,5536070,f7a230f2e51369223f34f39a325476856047bd29b991f02c3005e6f1c0c6d394,retain,"Project course, runtime or authoring resource; static reachability alone cannot prove dynamic use.",See source-specific notices,Historical owner CC0 statement retained; imported metadata and scoped notices recorded separately.,No scoped local notice found; see docs/credits.md and preserved source-pack notices.
tracks/GLB Tracks/gt_racing_2_-_montreal_1.png,images,tracks,14437,2aecb8c6823a2f1078a93f2dfb785431074a72a1260a9da5f264726f3919b4dd,retain,"Project course, runtime or authoring resource; static reachability alone cannot prove dynamic use.",See source-specific notices,Historical owner CC0 statement retained; imported metadata and scoped notices recorded separately.,No scoped local notice found; see docs/credits.md and preserved source-pack notices.
tracks/GLB Tracks/gt_racing_2_-_montreal_10.png,images,tracks,1474597,703f6a0b0e1da7aba1dbdc693025dedfad38202f5e3577befece560ca74f6477,retain,"Project course, runtime or authoring resource; static reachability alone cannot prove dynamic use.",See source-specific notices,Historical owner CC0 statement retained; imported metadata and scoped notices recorded separately.,No scoped local notice found; see docs/credits.md and preserved source-pack notices.
tracks/GLB Tracks/gt_racing_2_-_montreal_11.png,images,tracks,2598453,dac42bb6a71c72807fb4d993f885fc4252654e5d37d3e4734299a9df3917e190,retain,"Project course, runtime or authoring resource; static reachability alone cannot prove dynamic use.",See source-specific notices,Historical owner CC0 statement retained; imported metadata and scoped notices recorded separately.,No scoped local notice found; see docs/credits.md and preserved source-pack notices.
tracks/GLB Tracks/gt_racing_2_-_montreal_12.png,images,tracks,297406,53c384eac3fdf7cfdd4b0bdeb9e6f7d083727e031ef47e35be2fdfee861fe132,retain,"Project course, runtime or authoring resource; static reachability alone cannot prove dynamic use.",See source-specific notices,Historical owner CC0 statement retained; imported metadata and scoped notices recorded separately.,No scoped local notice found; see docs/credits.md and preserved source-pack notices.
tracks/GLB Tracks/gt_racing_2_-_montreal_13.png,images,tracks,247042,666f651085995f38388c653e3410d602c38c30feb6d6a5847ea41b71cae628d0,retain,"Project course, runtime or authoring resource; static reachability alone cannot prove dynamic use.",See source-specific notices,Historical owner CC0 statement retained; imported metadata and scoped notices recorded separately.,No scoped local notice found; see docs/credits.md and preserved source-pack notices.
tracks/GLB Tracks/gt_racing_2_-_montreal_14.png,images,tracks,144126,f7d45080ae3f6e422576a92a90c562abbd7f6e90730424aba648bcea3f7a348e,retain,"Project course, runtime or authoring resource; static reachability alone cannot prove dynamic use.",See source-specific notices,Historical owner CC0 statement retained; imported metadata and scoped notices recorded separately.,No scoped local notice found; see docs/credits.md and preserved source-pack notices.
tracks/GLB Tracks/gt_racing_2_-_montreal_15.png,images,tracks,7024130,130c043767e47c861eb6b70d9fb2e768d417b4d410818dccf85579536fc177da,retain,"Project course, runtime or authoring resource; static reachability alone cannot prove dynamic use.",See source-specific notices,Historical owner CC0 statement retained; imported metadata and scoped notices recorded separately.,No scoped local notice found; see docs/credits.md and preserved source-pack notices.
tracks/GLB Tracks/gt_racing_2_-_montreal_16.png,images,tracks,263328,ace6c3dcdc2c18c6fa4959f79261ea919b7ff6e24ec5b87f58e7360fcc8c67f5,retain,"Project course, runtime or authoring resource; static reachability alone cannot prove dynamic use.",See source-specific notices,Historical owner CC0 statement retained; imported metadata and scoped notices recorded separately.,No scoped local notice found; see docs/credits.md and preserved source-pack notices.
tracks/GLB Tracks/gt_racing_2_-_montreal_17.png,images,tracks,164735,cbeeb74c0f3e220c537ef4cded7fb7f176e694dd85bdf784c00cced54c2b8163,retain,"Project course, runtime or authoring resource; static reachability alone cannot prove dynamic use.",See source-specific notices,Historical owner CC0 statement retained; imported metadata and scoped notices recorded separately.,No scoped local notice found; see docs/credits.md and preserved source-pack notices.
tracks/GLB Tracks/gt_racing_2_-_montreal_18.png,images,tracks,254764,9e3d7595927d8513ec078dfb1d552e80d6c9c655b1178ab02e5ceddc6fa1eb3e,retain,"Project course, runtime or authoring resource; static reachability alone cannot prove dynamic use.",See source-specific notices,Historical owner CC0 statement retained; imported metadata and scoped notices recorded separately.,No scoped local notice found; see docs/credits.md and preserved source-pack notices.
tracks/GLB Tracks/gt_racing_2_-_montreal_19.png,images,tracks,234444,79f8ebd832ea28ce25fca2d77506446785535e2941151618ff5432234e6044d3,retain,"Project course, runtime or authoring resource; static reachability alone cannot prove dynamic use.",See source-specific notices,Historical owner CC0 statement retained; imported metadata and scoped notices recorded separately.,No scoped local notice found; see docs/credits.md and preserved source-pack notices.
tracks/GLB Tracks/gt_racing_2_-_montreal_2.png,images,tracks,3491353,27a6c10eb146075d9fa5e45a6e324162458c3bccde1bbe9d0dc6922e18310512,retain,"Project course, runtime or authoring resource; static reachability alone cannot prove dynamic use.",See source-specific notices,Historical owner CC0 statement retained; imported metadata and scoped notices recorded separately.,No scoped local notice found; see docs/credits.md and preserved source-pack notices.
tracks/GLB Tracks/gt_racing_2_-_montreal_20.png,images,tracks,601163,716e126fd063762954701ecb36995b0b0193a7c8bcfafe19553d032999547e53,retain,"Project course, runtime or authoring resource; static reachability alone cannot prove dynamic use.",See source-specific notices,Historical owner CC0 statement retained; imported metadata and scoped notices recorded separately.,No scoped local notice found; see docs/credits.md and preserved source-pack notices.
tracks/GLB Tracks/gt_racing_2_-_montreal_21.png,images,tracks,395734,82679db20de80857151d4151ce5f1e5cc99848c35865506f0e84b8215d37b831,retain,"Project course, runtime or authoring resource; static reachability alone cannot prove dynamic use.",See source-specific notices,Historical owner CC0 statement retained; imported metadata and scoped notices recorded separately.,No scoped local notice found; see docs/credits.md and preserved source-pack notices.
tracks/GLB Tracks/gt_racing_2_-_montreal_22.png,images,tracks,1590840,893638b937e91c3e108811af7623f70f942ddcf7d84a1e19e2ad08f5d5047286,retain,"Project course, runtime or authoring resource; static reachability alone cannot prove dynamic use.",See source-specific notices,Historical owner CC0 statement retained; imported metadata and scoped notices recorded separately.,No scoped local notice found; see docs/credits.md and preserved source-pack notices.
tracks/GLB Tracks/gt_racing_2_-_montreal_3.png,images,tracks,582675,5725f9a49f3100291fb14470c758e4e53c4826c0c65117d6cc34a704e17a1b65,retain,"Project course, runtime or authoring resource; static reachability alone cannot prove dynamic use.",See source-specific notices,Historical owner CC0 statement retained; imported metadata and scoped notices recorded separately.,No scoped local notice found; see docs/credits.md and preserved source-pack notices.
tracks/GLB Tracks/gt_racing_2_-_montreal_4.png,images,tracks,3214189,a04655cd16d75012f811eab58a84b3ebb130e9224ef334f0ecdfc7396d9529cf,retain,"Project course, runtime or authoring resource; static reachability alone cannot prove dynamic use.",See source-specific notices,Historical owner CC0 statement retained; imported metadata and scoped notices recorded separately.,No scoped local notice found; see docs/credits.md and preserved source-pack notices.
tracks/GLB Tracks/gt_racing_2_-_montreal_5.png,images,tracks,676700,b8134a9d28d39b832dea24d2436dc8a0ebfb0d6ae662283df1d5fb94bac69bf0,retain,"Project course, runtime or authoring resource; static reachability alone cannot prove dynamic use.",See source-specific notices,Historical owner CC0 statement retained; imported metadata and scoped notices recorded separately.,No scoped local notice found; see docs/credits.md and preserved source-pack notices.
tracks/GLB Tracks/gt_racing_2_-_montreal_6.png,images,tracks,4048526,6bff1c34b20243d046ff5c1903953a5885d61222085530bd4cc7b165aad8268b,retain,"Project course, runtime or authoring resource; static reachability alone cannot prove dynamic use.",See source-specific notices,Historical owner CC0 statement retained; imported metadata and scoped notices recorded separately.,No scoped local notice found; see docs/credits.md and preserved source-pack notices.
tracks/GLB Tracks/gt_racing_2_-_montreal_7.png,images,tracks,341109,2542f4b54d4d5b5e6386aa74516401a1769a3ecd4ee499b1c46d9bfd17f9f812,retain,"Project course, runtime or authoring resource; static reachability alone cannot prove dynamic use.",See source-specific notices,Historical owner CC0 statement retained; imported metadata and scoped notices recorded separately.,No scoped local notice found; see docs/credits.md and preserved source-pack notices.
tracks/GLB Tracks/gt_racing_2_-_montreal_8.png,images,tracks,11171,6d6530dfd9ef0131166d50a2ea20fa2f5349451e9d7fdf6bea2c7f3daa6eb602,retain,"Project course, runtime or authoring resource; static reachability alone cannot prove dynamic use.",See source-specific notices,Historical owner CC0 statement retained; imported metadata and scoped notices recorded separately.,No scoped local notice found; see docs/credits.md and preserved source-pack notices.
tracks/GLB Tracks/gt_racing_2_-_montreal_9.png,images,tracks,756381,186fd1238db20729cc9c614f7e3994d861be27fc5588cd4948652cf449af40ad,retain,"Project course, runtime or authoring resource; static reachability alone cannot prove dynamic use.",See source-specific notices,Historical owner CC0 statement retained; imported metadata and scoped notices recorded separately.,No scoped local notice found; see docs/credits.md and preserved source-pack notices.
tracks/GLB Tracks/gt_racing_2_-_mount_rainier.glb,models,tracks,47629616,929dc70055d97433b97e10f2a99705bbd6d46db7faa2f64371377958fed4c9d1,retain,"Project course, runtime or authoring resource; static reachability alone cannot prove dynamic use.",See source-specific notices,Historical owner CC0 statement retained; imported metadata and scoped notices recorded separately.,No scoped local notice found; see docs/credits.md and preserved source-pack notices.
tracks/GLB Tracks/gt_racing_2_-_mount_rainier_0.png,images,tracks,63224,918c5e566fc110a84815bdc6e3a142639522afcd5b83082c1244c39c80b6609e,retain,"Project course, runtime or authoring resource; static reachability alone cannot prove dynamic use.",See source-specific notices,Historical owner CC0 statement retained; imported metadata and scoped notices recorded separately.,No scoped local notice found; see docs/credits.md and preserved source-pack notices.
tracks/GLB Tracks/gt_racing_2_-_mount_rainier_1.png,images,tracks,4900598,58f92a849289f4c27d4c184b28dff7b130e063b2ae8de14e9ac2e176c3297e76,retain,"Project course, runtime or authoring resource; static reachability alone cannot prove dynamic use.",See source-specific notices,Historical owner CC0 statement retained; imported metadata and scoped notices recorded separately.,No scoped local notice found; see docs/credits.md and preserved source-pack notices.
tracks/GLB Tracks/gt_racing_2_-_mount_rainier_10.png,images,tracks,984015,ae2d0cb48ae26868bbfac283fe7c6f6bff03269a87189898e95e14a0ee4d6eed,retain,"Project course, runtime or authoring resource; static reachability alone cannot prove dynamic use.",See source-specific notices,Historical owner CC0 statement retained; imported metadata and scoped notices recorded separately.,No scoped local notice found; see docs/credits.md and preserved source-pack notices.
tracks/GLB Tracks/gt_racing_2_-_mount_rainier_11.png,images,tracks,1211367,8dda47b1c03365d604365eabae5ce7623413662d1745f913ae2bf3f44db35063,retain,"Project course, runtime or authoring resource; static reachability alone cannot prove dynamic use.",See source-specific notices,Historical owner CC0 statement retained; imported metadata and scoped notices recorded separately.,No scoped local notice found; see docs/credits.md and preserved source-pack notices.
tracks/GLB Tracks/gt_racing_2_-_mount_rainier_12.png,images,tracks,1279086,b4f00c840a6a85022a194f8de780ce8f763e3b2c4e5072ee224df1d127f835f0,retain,"Project course, runtime or authoring resource; static reachability alone cannot prove dynamic use.",See source-specific notices,Historical owner CC0 statement retained; imported metadata and scoped notices recorded separately.,No scoped local notice found; see docs/credits.md and preserved source-pack notices.
tracks/GLB Tracks/gt_racing_2_-_mount_rainier_13.png,images,tracks,1295782,8c4dbaf992e117345100b18268766245621b8679e81fe3950bfadaa092e4b1d7,retain,"Project course, runtime or authoring resource; static reachability alone cannot prove dynamic use.",See source-specific notices,Historical owner CC0 statement retained; imported metadata and scoped notices recorded separately.,No scoped local notice found; see docs/credits.md and preserved source-pack notices.
tracks/GLB Tracks/gt_racing_2_-_mount_rainier_14.png,images,tracks,67008,0b693f84d9b8057f77ecba14a7221f7de16d237a6a53916ccd7ddf61344e9e45,retain,"Project course, runtime or authoring resource; static reachability alone cannot prove dynamic use.",See source-specific notices,Historical owner CC0 statement retained; imported metadata and scoped notices recorded separately.,No scoped local notice found; see docs/credits.md and preserved source-pack notices.
tracks/GLB Tracks/gt_racing_2_-_mount_rainier_15.png,images,tracks,362535,92d65ff63638d0f885e919e681328f385bb37ed67e39a408bbf21cc6dfa1689e,retain,"Project course, runtime or authoring resource; static reachability alone cannot prove dynamic use.",See source-specific notices,Historical owner CC0 statement retained; imported metadata and scoped notices recorded separately.,No scoped local notice found; see docs/credits.md and preserved source-pack notices.
tracks/GLB Tracks/gt_racing_2_-_mount_rainier_16.png,images,tracks,641367,bd27dc54786918c44969fbfb3301a458202caacb998e82c4dfb6c9358b24f7a0,retain,"Project course, runtime or authoring resource; static reachability alone cannot prove dynamic use.",See source-specific notices,Historical owner CC0 statement retained; imported metadata and scoped notices recorded separately.,No scoped local notice found; see docs/credits.md and preserved source-pack notices.
tracks/GLB Tracks/gt_racing_2_-_mount_rainier_17.png,images,tracks,503414,30a6071f2c6c746161e5477a0f42c2e5f2e7c6c53b30ffd288e0b362a57cf656,retain,"Project course, runtime or authoring resource; static reachability alone cannot prove dynamic use.",See source-specific notices,Historical owner CC0 statement retained; imported metadata and scoped notices recorded separately.,No scoped local notice found; see docs/credits.md and preserved source-pack notices.
tracks/GLB Tracks/gt_racing_2_-_mount_rainier_18.png,images,tracks,387040,db641e84111b1beca4647ebd37144aaa2126b6b558d6c06153bf73d04fec90da,retain,"Project course, runtime or authoring resource; static reachability alone cannot prove dynamic use.",See source-specific notices,Historical owner CC0 statement retained; imported metadata and scoped notices recorded separately.,No scoped local notice found; see docs/credits.md and preserved source-pack notices.
tracks/GLB Tracks/gt_racing_2_-_mount_rainier_19.png,images,tracks,495347,3cb6a0e3b086f2003671816d14f9c3da2f937cfa403ae417bd826e96b9e615ca,retain,"Project course, runtime or authoring resource; static reachability alone cannot prove dynamic use.",See source-specific notices,Historical owner CC0 statement retained; imported metadata and scoped notices recorded separately.,No scoped local notice found; see docs/credits.md and preserved source-pack notices.
tracks/GLB Tracks/gt_racing_2_-_mount_rainier_2.png,images,tracks,995446,098ef975fec30cf79a2cc435c13835fe19f9d31b470b3102169c11029ac2b57f,retain,"Project course, runtime or authoring resource; static reachability alone cannot prove dynamic use.",See source-specific notices,Historical owner CC0 statement retained; imported metadata and scoped notices recorded separately.,No scoped local notice found; see docs/credits.md and preserved source-pack notices.
tracks/GLB Tracks/gt_racing_2_-_mount_rainier_20.png,images,tracks,435639,11b574dea2cfc64c4ce82423f2d278abca7f3a5158786da99594f4a43451edbf,retain,"Project course, runtime or authoring resource; static reachability alone cannot prove dynamic use.",See source-specific notices,Historical owner CC0 statement retained; imported metadata and scoped notices recorded separately.,No scoped local notice found; see docs/credits.md and preserved source-pack notices.
tracks/GLB Tracks/gt_racing_2_-_mount_rainier_21.png,images,tracks,220326,dccb1821295c1ada1c1833796294d629a50f35f2d66ed0c4554d4540e87f807d,retain,"Project course, runtime or authoring resource; static reachability alone cannot prove dynamic use.",See source-specific notices,Historical owner CC0 statement retained; imported metadata and scoped notices recorded separately.,No scoped local notice found; see docs/credits.md and preserved source-pack notices.
tracks/GLB Tracks/gt_racing_2_-_mount_rainier_22.png,images,tracks,412956,0ab4f8c4586e336e9f7ea7b892cc24c831aec771ce4361aa29219508e143356d,retain,"Project course, runtime or authoring resource; static reachability alone cannot prove dynamic use.",See source-specific notices,Historical owner CC0 statement retained; imported metadata and scoped notices recorded separately.,No scoped local notice found; see docs/credits.md and preserved source-pack notices.
tracks/GLB Tracks/gt_racing_2_-_mount_rainier_23.png,images,tracks,460727,531ef7dde0d1ace2eff8f47d1a289bcdac84a8aa72f1f319877d4afbe4052b66,retain,"Project course, runtime or authoring resource; static reachability alone cannot prove dynamic use.",See source-specific notices,Historical owner CC0 statement retained; imported metadata and scoped notices recorded separately.,No scoped local notice found; see docs/credits.md and preserved source-pack notices.
tracks/GLB Tracks/gt_racing_2_-_mount_rainier_24.png,images,tracks,495571,a777ccef0ff7868f7cf416aac10da84463b3377b8fd4a0be3b4b2c546432c69f,retain,"Project course, runtime or authoring resource; static reachability alone cannot prove dynamic use.",See source-specific notices,Historical owner CC0 statement retained; imported metadata and scoped notices recorded separately.,No scoped local notice found; see docs/credits.md and preserved source-pack notices.
tracks/GLB Tracks/gt_racing_2_-_mount_rainier_25.png,images,tracks,1835644,690d28e0b7706b06eabcd9093f162edf06ebb850c64e4fa616913ae4d2255ccb,retain,"Project course, runtime or authoring resource; static reachability alone cannot prove dynamic use.",See source-specific notices,Historical owner CC0 statement retained; imported metadata and scoped notices recorded separately.,No scoped local notice found; see docs/credits.md and preserved source-pack notices.
tracks/GLB Tracks/gt_racing_2_-_mount_rainier_26.png,images,tracks,538663,e7dfb2b110f86f930a5da6b210e7e8ae027e552ae69c9c9cadbb18e2073be00a,retain,"Project course, runtime or authoring resource; static reachability alone cannot prove dynamic use.",See source-specific notices,Historical owner CC0 statement retained; imported metadata and scoped notices recorded separately.,No scoped local notice found; see docs/credits.md and preserved source-pack notices.
tracks/GLB Tracks/gt_racing_2_-_mount_rainier_27.png,images,tracks,131955,d9b83119a1e36c2c2c2c7ba83b8d6f5637300996b7ae8d858a2b32d87e9804f7,retain,"Project course, runtime or authoring resource; static reachability alone cannot prove dynamic use.",See source-specific notices,Historical owner CC0 statement retained; imported metadata and scoped notices recorded separately.,No scoped local notice found; see docs/credits.md and preserved source-pack notices.
tracks/GLB Tracks/gt_racing_2_-_mount_rainier_28.png,images,tracks,731369,6b7ac127f28be136dbab1dd009bf57775d56ce0e4dae9f2ff79595630bba3bf3,retain,"Project course, runtime or authoring resource; static reachability alone cannot prove dynamic use.",See source-specific notices,Historical owner CC0 statement retained; imported metadata and scoped notices recorded separately.,No scoped local notice found; see docs/credits.md and preserved source-pack notices.
tracks/GLB Tracks/gt_racing_2_-_mount_rainier_29.png,images,tracks,490584,34713880daf050bce289f3d886a93e4620f9ee5702bee5e5be625028e4539f01,retain,"Project course, runtime or authoring resource; static reachability alone cannot prove dynamic use.",See source-specific notices,Historical owner CC0 statement retained; imported metadata and scoped notices recorded separately.,No scoped local notice found; see docs/credits.md and preserved source-pack notices.
tracks/GLB Tracks/gt_racing_2_-_mount_rainier_3.png,images,tracks,185986,4a1c59b93ea82b2bfc69d648c0e5c3c4bd201d2872d5b46d99dfe39acc8add94,retain,"Project course, runtime or authoring resource; static reachability alone cannot prove dynamic use.",See source-specific notices,Historical owner CC0 statement retained; imported metadata and scoped notices recorded separately.,No scoped local notice found; see docs/credits.md and preserved source-pack notices.
tracks/GLB Tracks/gt_racing_2_-_mount_rainier_30.png,images,tracks,299076,2063d5c260290570a4006ee6f59ea3fc49151e8b6031a5f9969e2cad55028ed1,retain,"Project course, runtime or authoring resource; static reachability alone cannot prove dynamic use.",See source-specific notices,Historical owner CC0 statement retained; imported metadata and scoped notices recorded separately.,No scoped local notice found; see docs/credits.md and preserved source-pack notices.
tracks/GLB Tracks/gt_racing_2_-_mount_rainier_31.png,images,tracks,390946,4f09c2e40cf4af4c62acffe909093293f3c53acd7076a4d66958ad2ad898cee8,retain,"Project course, runtime or authoring resource; static reachability alone cannot prove dynamic use.",See source-specific notices,Historical owner CC0 statement retained; imported metadata and scoped notices recorded separately.,No scoped local notice found; see docs/credits.md and preserved source-pack notices.
tracks/GLB Tracks/gt_racing_2_-_mount_rainier_32.png,images,tracks,352657,7300c9536b2593200c5438193d886265739e2b965bd644ed0891fdd3df8cab63,retain,"Project course, runtime or authoring resource; static reachability alone cannot prove dynamic use.",See source-specific notices,Historical owner CC0 statement retained; imported metadata and scoped notices recorded separately.,No scoped local notice found; see docs/credits.md and preserved source-pack notices.
tracks/GLB Tracks/gt_racing_2_-_mount_rainier_33.png,images,tracks,4028142,17318d72f7b152bf68c5a5fe99e762528a8cbd78613cc8b00af6f9ab6b23c4f1,retain,"Project course, runtime or authoring resource; static reachability alone cannot prove dynamic use.",See source-specific notices,Historical owner CC0 statement retained; imported metadata and scoped notices recorded separately.,No scoped local notice found; see docs/credits.md and preserved source-pack notices.
tracks/GLB Tracks/gt_racing_2_-_mount_rainier_4.png,images,tracks,229675,7e3434af74d27b1a0d2ea3905d2ba49a49a3d6e8cd0f68a57624654056d21e7d,retain,"Project course, runtime or authoring resource; static reachability alone cannot prove dynamic use.",See source-specific notices,Historical owner CC0 statement retained; imported metadata and scoped notices recorded separately.,No scoped local notice found; see docs/credits.md and preserved source-pack notices.
tracks/GLB Tracks/gt_racing_2_-_mount_rainier_5.png,images,tracks,4608579,8532b8003c392aed136e626ce06dc8e687745eda308fb0e011946df4437c14c9,retain,"Project course, runtime or authoring resource; static reachability alone cannot prove dynamic use.",See source-specific notices,Historical owner CC0 statement retained; imported metadata and scoped notices recorded separately.,No scoped local notice found; see docs/credits.md and preserved source-pack notices.
tracks/GLB Tracks/gt_racing_2_-_mount_rainier_6.png,images,tracks,504539,3298745225c62eae775bb3fa8ba5b8538d481681099ee9fa9219ceac63794032,retain,"Project course, runtime or authoring resource; static reachability alone cannot prove dynamic use.",See source-specific notices,Historical owner CC0 statement retained; imported metadata and scoped notices recorded separately.,No scoped local notice found; see docs/credits.md and preserved source-pack notices.
tracks/GLB Tracks/gt_racing_2_-_mount_rainier_7.png,images,tracks,4064934,f36a0bb70fa97826dd73d45233c0183716aeb588880e26b8556196dc15b5ed44,retain,"Project course, runtime or authoring resource; static reachability alone cannot prove dynamic use.",See source-specific notices,Historical owner CC0 statement retained; imported metadata and scoped notices recorded separately.,No scoped local notice found; see docs/credits.md and preserved source-pack notices.
tracks/GLB Tracks/gt_racing_2_-_mount_rainier_8.png,images,tracks,830013,e7831501a36da26a57af426d8eb965499ef639e633fd27f0752df89118ed02f3,retain,"Project course, runtime or authoring resource; static reachability alone cannot prove dynamic use.",See source-specific notices,Historical owner CC0 statement retained; imported metadata and scoped notices recorded separately.,No scoped local notice found; see docs/credits.md and preserved source-pack notices.
tracks/GLB Tracks/gt_racing_2_-_mount_rainier_9.png,images,tracks,3980465,8629d1657599773032f725ba2220ca8203996746f619ea4f24c087fbebcd008b,retain,"Project course, runtime or authoring resource; static reachability alone cannot prove dynamic use.",See source-specific notices,Historical owner CC0 statement retained; imported metadata and scoped notices recorded separately.,No scoped local notice found; see docs/credits.md and preserved source-pack notices.
tracks/GLB Tracks/gt_racing_2_-_sunrise_ruins.glb,models,tracks,42650132,0f43079e75811b90ca8271de417ecb5992f169c26e9555c4e6b08889ebdadc00,retain,"Project course, runtime or authoring resource; static reachability alone cannot prove dynamic use.",See source-specific notices,Historical owner CC0 statement retained; imported metadata and scoped notices recorded separately.,No scoped local notice found; see docs/credits.md and preserved source-pack notices.
tracks/GLB Tracks/gt_racing_2_-_sunrise_ruins_0.png,images,tracks,5323209,8fa6c3ff7eb34113256858f96e4792f5f30774d32186ec8b5849fb4d9fa5ddf7,retain,"Project course, runtime or authoring resource; static reachability alone cannot prove dynamic use.",See source-specific notices,Historical owner CC0 statement retained; imported metadata and scoped notices recorded separately.,No scoped local notice found; see docs/credits.md and preserved source-pack notices.
tracks/GLB Tracks/gt_racing_2_-_sunrise_ruins_1.png,images,tracks,190414,9942a987b38bde221a3d688d96c45a4f61631d46183deb6b3472489267058a5b,retain,"Project course, runtime or authoring resource; static reachability alone cannot prove dynamic use.",See source-specific notices,Historical owner CC0 statement retained; imported metadata and scoped notices recorded separately.,No scoped local notice found; see docs/credits.md and preserved source-pack notices.
tracks/GLB Tracks/gt_racing_2_-_sunrise_ruins_10.png,images,tracks,198680,1d5aeb5c8c2ffef2f2d03b211d48fecfccf59b92a8f603b0ef0d250e098bb290,retain,"Project course, runtime or authoring resource; static reachability alone cannot prove dynamic use.",See source-specific notices,Historical owner CC0 statement retained; imported metadata and scoped notices recorded separately.,No scoped local notice found; see docs/credits.md and preserved source-pack notices.
tracks/GLB Tracks/gt_racing_2_-_sunrise_ruins_11.png,images,tracks,3990429,96ca0c439273ee44041a508f46f0b7a2cf645fbec82f9904cfa7904bee75eb7f,retain,"Project course, runtime or authoring resource; static reachability alone cannot prove dynamic use.",See source-specific notices,Historical owner CC0 statement retained; imported metadata and scoped notices recorded separately.,No scoped local notice found; see docs/credits.md and preserved source-pack notices.
tracks/GLB Tracks/gt_racing_2_-_sunrise_ruins_12.png,images,tracks,1440295,9e89d53850869797af2fd2ee58b2c51039c30839c42b495cca7667b66ec60d8e,retain,"Project course, runtime or authoring resource; static reachability alone cannot prove dynamic use.",See source-specific notices,Historical owner CC0 statement retained; imported metadata and scoped notices recorded separately.,No scoped local notice found; see docs/credits.md and preserved source-pack notices.
tracks/GLB Tracks/gt_racing_2_-_sunrise_ruins_13.png,images,tracks,311458,811d5396ee7ffb402d74151cac52dec5f07265035f0b78941b9a20c102cd9e98,retain,"Project course, runtime or authoring resource; static reachability alone cannot prove dynamic use.",See source-specific notices,Historical owner CC0 statement retained; imported metadata and scoped notices recorded separately.,No scoped local notice found; see docs/credits.md and preserved source-pack notices.
tracks/GLB Tracks/gt_racing_2_-_sunrise_ruins_14.png,images,tracks,365704,4a636056c982f211b07b3e4001dbc36e255ae0c78b4960dba0922c054a29a960,retain,"Project course, runtime or authoring resource; static reachability alone cannot prove dynamic use.",See source-specific notices,Historical owner CC0 statement retained; imported metadata and scoped notices recorded separately.,No scoped local notice found; see docs/credits.md and preserved source-pack notices.
tracks/GLB Tracks/gt_racing_2_-_sunrise_ruins_15.png,images,tracks,748088,a0a17b8a26aa46f177ee06022113090b6fdd6da7deeb00a51f34ed772ac7b079,retain,"Project course, runtime or authoring resource; static reachability alone cannot prove dynamic use.",See source-specific notices,Historical owner CC0 statement retained; imported metadata and scoped notices recorded separately.,No scoped local notice found; see docs/credits.md and preserved source-pack notices.
tracks/GLB Tracks/gt_racing_2_-_sunrise_ruins_16.png,images,tracks,626613,4cf7ae2a72e20245b6b97dc6c5961e082c96922f4ac855a265173d337f5e8ba3,retain,"Project course, runtime or authoring resource; static reachability alone cannot prove dynamic use.",See source-specific notices,Historical owner CC0 statement retained; imported metadata and scoped notices recorded separately.,No scoped local notice found; see docs/credits.md and preserved source-pack notices.
tracks/GLB Tracks/gt_racing_2_-_sunrise_ruins_17.png,images,tracks,161995,d4ef2a12a2f1212be8721a2565493f7edcf3d751bed61d31daee4d30a100689f,retain,"Project course, runtime or authoring resource; static reachability alone cannot prove dynamic use.",See source-specific notices,Historical owner CC0 statement retained; imported metadata and scoped notices recorded separately.,No scoped local notice found; see docs/credits.md and preserved source-pack notices.
tracks/GLB Tracks/gt_racing_2_-_sunrise_ruins_18.png,images,tracks,250321,f4e158c506f1b43eaaf69fe1aad46eb12aa2b6644052a709ba1dae6285482ca5,retain,"Project course, runtime or authoring resource; static reachability alone cannot prove dynamic use.",See source-specific notices,Historical owner CC0 statement retained; imported metadata and scoped notices recorded separately.,No scoped local notice found; see docs/credits.md and preserved source-pack notices.
tracks/GLB Tracks/gt_racing_2_-_sunrise_ruins_19.png,images,tracks,570567,85bc7646cc49d9f9ed68b0b22fa7750ff41e47297c58fc3e9b82e12bf6bf190f,retain,"Project course, runtime or authoring resource; static reachability alone cannot prove dynamic use.",See source-specific notices,Historical owner CC0 statement retained; imported metadata and scoped notices recorded separately.,No scoped local notice found; see docs/credits.md and preserved source-pack notices.
tracks/GLB Tracks/gt_racing_2_-_sunrise_ruins_2.png,images,tracks,3948813,7336cb89ed89bb223d54eb07776d1355122a9f38617c766065a32df0be533594,retain,"Project course, runtime or authoring resource; static reachability alone cannot prove dynamic use.",See source-specific notices,Historical owner CC0 statement retained; imported metadata and scoped notices recorded separately.,No scoped local notice found; see docs/credits.md and preserved source-pack notices.
tracks/GLB Tracks/gt_racing_2_-_sunrise_ruins_20.png,images,tracks,1025241,9aeb4c2dbab9d1935b076763aa2e406d034baffd396ee9fd17b6096cca31549c,retain,"Project course, runtime or authoring resource; static reachability alone cannot prove dynamic use.",See source-specific notices,Historical owner CC0 statement retained; imported metadata and scoped notices recorded separately.,No scoped local notice found; see docs/credits.md and preserved source-pack notices.
tracks/GLB Tracks/gt_racing_2_-_sunrise_ruins_21.png,images,tracks,552385,1f197ddc74f4ff3fd952044f484eb87d93969c41ed24fd6714e981cb3a46d70a,retain,"Project course, runtime or authoring resource; static reachability alone cannot prove dynamic use.",See source-specific notices,Historical owner CC0 statement retained; imported metadata and scoped notices recorded separately.,No scoped local notice found; see docs/credits.md and preserved source-pack notices.
tracks/GLB Tracks/gt_racing_2_-_sunrise_ruins_22.png,images,tracks,331251,5fa1b5ccc8e992b08bc40872c5e9e75cc0793107eadc4eadfac731cf1f451ea7,retain,"Project course, runtime or authoring resource; static reachability alone cannot prove dynamic use.",See source-specific notices,Historical owner CC0 statement retained; imported metadata and scoped notices recorded separately.,No scoped local notice found; see docs/credits.md and preserved source-pack notices.
tracks/GLB Tracks/gt_racing_2_-_sunrise_ruins_23.png,images,tracks,441662,11024fda19288616f904db84edf32346c73eda862407731d9aadbd0a3c0ee5cc,retain,"Project course, runtime or authoring resource; static reachability alone cannot prove dynamic use.",See source-specific notices,Historical owner CC0 statement retained; imported metadata and scoped notices recorded separately.,No scoped local notice found; see docs/credits.md and preserved source-pack notices.
tracks/GLB Tracks/gt_racing_2_-_sunrise_ruins_24.png,images,tracks,2626525,cf40a74bc4a9c5a70faab7806a75e3ee7c4113b02bb40f2dc8361738cafea3c2,retain,"Project course, runtime or authoring resource; static reachability alone cannot prove dynamic use.",See source-specific notices,Historical owner CC0 statement retained; imported metadata and scoped notices recorded separately.,No scoped local notice found; see docs/credits.md and preserved source-pack notices.
tracks/GLB Tracks/gt_racing_2_-_sunrise_ruins_25.png,images,tracks,149377,6596bf8d209ebc2d0d6c537e11adb41f3340becfeef86e5aae3428a3395d8c98,retain,"Project course, runtime or authoring resource; static reachability alone cannot prove dynamic use.",See source-specific notices,Historical owner CC0 statement retained; imported metadata and scoped notices recorded separately.,No scoped local notice found; see docs/credits.md and preserved source-pack notices.
tracks/GLB Tracks/gt_racing_2_-_sunrise_ruins_26.png,images,tracks,915463,2aff38d8e165c6b5bdf2b6c64d11ca8e7d245e9c68389f04c23762382b233d22,retain,"Project course, runtime or authoring resource; static reachability alone cannot prove dynamic use.",See source-specific notices,Historical owner CC0 statement retained; imported metadata and scoped notices recorded separately.,No scoped local notice found; see docs/credits.md and preserved source-pack notices.
tracks/GLB Tracks/gt_racing_2_-_sunrise_ruins_3.png,images,tracks,456551,e1a284a30fa323d923fcfc3e7593523c012db9572f3cd5bdd7e45f349177aacf,retain,"Project course, runtime or authoring resource; static reachability alone cannot prove dynamic use.",See source-specific notices,Historical owner CC0 statement retained; imported metadata and scoped notices recorded separately.,No scoped local notice found; see docs/credits.md and preserved source-pack notices.
tracks/GLB Tracks/gt_racing_2_-_sunrise_ruins_4.png,images,tracks,19886,9b2b5bf0998ab90c301a22af917438d3879855844a25ba8fa282f1cc6a567284,retain,"Project course, runtime or authoring resource; static reachability alone cannot prove dynamic use.",See source-specific notices,Historical owner CC0 statement retained; imported metadata and scoped notices recorded separately.,No scoped local notice found; see docs/credits.md and preserved source-pack notices.
tracks/GLB Tracks/gt_racing_2_-_sunrise_ruins_5.png,images,tracks,4433571,e0f9ed7c7087c13c2844ec7b06879de5992482fa7814c5739dbec09ffb7dd435,retain,"Project course, runtime or authoring resource; static reachability alone cannot prove dynamic use.",See source-specific notices,Historical owner CC0 statement retained; imported metadata and scoped notices recorded separately.,No scoped local notice found; see docs/credits.md and preserved source-pack notices.
tracks/GLB Tracks/gt_racing_2_-_sunrise_ruins_6.png,images,tracks,670085,55e9e91e5d0eaab641ac3ebf012c6a0ec72de27ca3f0e45a2e2eb22477c3c0f3,retain,"Project course, runtime or authoring resource; static reachability alone cannot prove dynamic use.",See source-specific notices,Historical owner CC0 statement retained; imported metadata and scoped notices recorded separately.,No scoped local notice found; see docs/credits.md and preserved source-pack notices.
tracks/GLB Tracks/gt_racing_2_-_sunrise_ruins_7.png,images,tracks,516552,56fc57539591350e4f27f268c304b801dccbc1ae4cb4919c5f67a282d757470b,retain,"Project course, runtime or authoring resource; static reachability alone cannot prove dynamic use.",See source-specific notices,Historical owner CC0 statement retained; imported metadata and scoped notices recorded separately.,No scoped local notice found; see docs/credits.md and preserved source-pack notices.
tracks/GLB Tracks/gt_racing_2_-_sunrise_ruins_8.png,images,tracks,983557,b6a897da84087d772b018fbc80dbcddabc1a100a2f6176d067e87ba420f17159,retain,"Project course, runtime or authoring resource; static reachability alone cannot prove dynamic use.",See source-specific notices,Historical owner CC0 statement retained; imported metadata and scoped notices recorded separately.,No scoped local notice found; see docs/credits.md and preserved source-pack notices.
tracks/GLB Tracks/gt_racing_2_-_sunrise_ruins_9.png,images,tracks,2114456,cedc13632876dce1d0de57aac213391dddae22276ad0234ad9fc381644e71ac6,retain,"Project course, runtime or authoring resource; static reachability alone cannot prove dynamic use.",See source-specific notices,Historical owner CC0 statement retained; imported metadata and scoped notices recorded separately.,No scoped local notice found; see docs/credits.md and preserved source-pack notices.
tracks/GLB Tracks/gt_racing_2_-_topspeed_oval.glb,models,tracks,32556552,6478db57e4c7687eb536bb97efb7ca368ee4e0f76afcb5aef4b9448b5a179749,retain,"Project course, runtime or authoring resource; static reachability alone cannot prove dynamic use.",See source-specific notices,Historical owner CC0 statement retained; imported metadata and scoped notices recorded separately.,No scoped local notice found; see docs/credits.md and preserved source-pack notices.
tracks/GLB Tracks/gt_racing_2_-_topspeed_oval_0.png,images,tracks,1867925,a1a94e2d82048ec0b0e45042912c057d0faaa031e53ae121cc4e37e4e8f3865d,retain,"Project course, runtime or authoring resource; static reachability alone cannot prove dynamic use.",See source-specific notices,Historical owner CC0 statement retained; imported metadata and scoped notices recorded separately.,No scoped local notice found; see docs/credits.md and preserved source-pack notices.
tracks/GLB Tracks/gt_racing_2_-_topspeed_oval_1.png,images,tracks,3425655,38915c333e20413936c20a3bb2beea9c7fe68cba4734c9c56b0c81f46953f348,retain,"Project course, runtime or authoring resource; static reachability alone cannot prove dynamic use.",See source-specific notices,Historical owner CC0 statement retained; imported metadata and scoped notices recorded separately.,No scoped local notice found; see docs/credits.md and preserved source-pack notices.
tracks/GLB Tracks/gt_racing_2_-_topspeed_oval_10.png,images,tracks,237468,250b842d616c21d44df3f42a024f3b089d1a441c812c72a02d7a2c20a69eaf73,retain,"Project course, runtime or authoring resource; static reachability alone cannot prove dynamic use.",See source-specific notices,Historical owner CC0 statement retained; imported metadata and scoped notices recorded separately.,No scoped local notice found; see docs/credits.md and preserved source-pack notices.
tracks/GLB Tracks/gt_racing_2_-_topspeed_oval_11.png,images,tracks,1043506,3b195be0254c81c4c4f1c991660dfd8ab1756113e16b4cf7dac2a900faededbb,retain,"Project course, runtime or authoring resource; static reachability alone cannot prove dynamic use.",See source-specific notices,Historical owner CC0 statement retained; imported metadata and scoped notices recorded separately.,No scoped local notice found; see docs/credits.md and preserved source-pack notices.
tracks/GLB Tracks/gt_racing_2_-_topspeed_oval_12.png,images,tracks,265690,775928d8710ee072e4fb21fc32b5e8295ceee695f5e941cb313e87de6562d63b,retain,"Project course, runtime or authoring resource; static reachability alone cannot prove dynamic use.",See source-specific notices,Historical owner CC0 statement retained; imported metadata and scoped notices recorded separately.,No scoped local notice found; see docs/credits.md and preserved source-pack notices.
tracks/GLB Tracks/gt_racing_2_-_topspeed_oval_13.png,images,tracks,1051430,8a72889437e5ee49072e4884d0bfcf94524e98eaf854497a6957f4c607373dcc,retain,"Project course, runtime or authoring resource; static reachability alone cannot prove dynamic use.",See source-specific notices,Historical owner CC0 statement retained; imported metadata and scoped notices recorded separately.,No scoped local notice found; see docs/credits.md and preserved source-pack notices.
tracks/GLB Tracks/gt_racing_2_-_topspeed_oval_14.png,images,tracks,1892055,b95ea2fdee810e00b96fae94d71e7e77367fd2cfed3ba64e9b1738eeaf3c56ed,retain,"Project course, runtime or authoring resource; static reachability alone cannot prove dynamic use.",See source-specific notices,Historical owner CC0 statement retained; imported metadata and scoped notices recorded separately.,No scoped local notice found; see docs/credits.md and preserved source-pack notices.
tracks/GLB Tracks/gt_racing_2_-_topspeed_oval_15.png,images,tracks,729599,b3e7441690d63c7204d19f6f2d46234afc9d4d866dae8c55e4ab52cc380517b7,retain,"Project course, runtime or authoring resource; static reachability alone cannot prove dynamic use.",See source-specific notices,Historical owner CC0 statement retained; imported metadata and scoped notices recorded separately.,No scoped local notice found; see docs/credits.md and preserved source-pack notices.
tracks/GLB Tracks/gt_racing_2_-_topspeed_oval_16.png,images,tracks,2784223,d5f833531cf892d9556d538033c31275d659cb60cb2579744a18e25dc8e89097,retain,"Project course, runtime or authoring resource; static reachability alone cannot prove dynamic use.",See source-specific notices,Historical owner CC0 statement retained; imported metadata and scoped notices recorded separately.,No scoped local notice found; see docs/credits.md and preserved source-pack notices.
tracks/GLB Tracks/gt_racing_2_-_topspeed_oval_17.png,images,tracks,3150426,29c96f8948fff1a15652ea7e3bbc60cf6a24fd9fb77f1294736fdca4777a3ab5,retain,"Project course, runtime or authoring resource; static reachability alone cannot prove dynamic use.",See source-specific notices,Historical owner CC0 statement retained; imported metadata and scoped notices recorded separately.,No scoped local notice found; see docs/credits.md and preserved source-pack notices.
tracks/GLB Tracks/gt_racing_2_-_topspeed_oval_18.png,images,tracks,830733,c9d68ab3b8e0822a628252221e2348a65b67a1fa63506fa74a04e8d5a503647f,retain,"Project course, runtime or authoring resource; static reachability alone cannot prove dynamic use.",See source-specific notices,Historical owner CC0 statement retained; imported metadata and scoped notices recorded separately.,No scoped local notice found; see docs/credits.md and preserved source-pack notices.
tracks/GLB Tracks/gt_racing_2_-_topspeed_oval_2.png,images,tracks,293155,9ce4819f69a51ecc4a103f30f5fbfc1f1d2d8dd7ddbcdfc1e5014986d433ab90,retain,"Project course, runtime or authoring resource; static reachability alone cannot prove dynamic use.",See source-specific notices,Historical owner CC0 statement retained; imported metadata and scoped notices recorded separately.,No scoped local notice found; see docs/credits.md and preserved source-pack notices.
tracks/GLB Tracks/gt_racing_2_-_topspeed_oval_3.png,images,tracks,119372,5f7212c455a6669ce6f2d4da89bc04c750a23243204e55e842b541f267eae96d,retain,"Project course, runtime or authoring resource; static reachability alone cannot prove dynamic use.",See source-specific notices,Historical owner CC0 statement retained; imported metadata and scoped notices recorded separately.,No scoped local notice found; see docs/credits.md and preserved source-pack notices.
tracks/GLB Tracks/gt_racing_2_-_topspeed_oval_4.png,images,tracks,291192,cffb590a4362b9fbe15741f4c5053e0d555a965cfebfc95f9b0101fbfc7136fe,retain,"Project course, runtime or authoring resource; static reachability alone cannot prove dynamic use.",See source-specific notices,Historical owner CC0 statement retained; imported metadata and scoped notices recorded separately.,No scoped local notice found; see docs/credits.md and preserved source-pack notices.
tracks/GLB Tracks/gt_racing_2_-_topspeed_oval_5.png,images,tracks,1418914,7fdc930c316bb33d3a3d01ac77562ca7972ec8634288e626cfc5940766fd44d5,retain,"Project course, runtime or authoring resource; static reachability alone cannot prove dynamic use.",See source-specific notices,Historical owner CC0 statement retained; imported metadata and scoped notices recorded separately.,No scoped local notice found; see docs/credits.md and preserved source-pack notices.
tracks/GLB Tracks/gt_racing_2_-_topspeed_oval_6.png,images,tracks,2443137,5f36ad7461712c9b78131d8659cdf89970423f97db6eae95b6ea91234cb54b65,retain,"Project course, runtime or authoring resource; static reachability alone cannot prove dynamic use.",See source-specific notices,Historical owner CC0 statement retained; imported metadata and scoped notices recorded separately.,No scoped local notice found; see docs/credits.md and preserved source-pack notices.
tracks/GLB Tracks/gt_racing_2_-_topspeed_oval_7.png,images,tracks,727238,794a56c91eae3aed2899b4d2171ab49b4c5d3c354ff3178f6e01f515cdfa16ee,retain,"Project course, runtime or authoring resource; static reachability alone cannot prove dynamic use.",See source-specific notices,Historical owner CC0 statement retained; imported metadata and scoped notices recorded separately.,No scoped local notice found; see docs/credits.md and preserved source-pack notices.
tracks/GLB Tracks/gt_racing_2_-_topspeed_oval_8.png,images,tracks,545287,5adaeb0248d83fcea3a482c71f075582c1f2f858583ae933f8a3aa5a8e8c4596,retain,"Project course, runtime or authoring resource; static reachability alone cannot prove dynamic use.",See source-specific notices,Historical owner CC0 statement retained; imported metadata and scoped notices recorded separately.,No scoped local notice found; see docs/credits.md and preserved source-pack notices.
tracks/GLB Tracks/gt_racing_2_-_topspeed_oval_9.png,images,tracks,722226,5107c8ec5758f3995c73aa92d959c4564029be5c2cbda4b7ae290b5a949d6499,retain,"Project course, runtime or authoring resource; static reachability alone cannot prove dynamic use.",See source-specific notices,Historical owner CC0 statement retained; imported metadata and scoped notices recorded separately.,No scoped local notice found; see docs/credits.md and preserved source-pack notices.
tracks/GLB Tracks/low_poly_race_track.glb,models,tracks,430244,9d7336909ba384b45724bcf9ded77f46d71f46e1da9137edbd0db0192496c068,retain,"Project course, runtime or authoring resource; static reachability alone cannot prove dynamic use.",See source-specific notices,Historical owner CC0 statement retained; imported metadata and scoped notices recorded separately.,No scoped local notice found; see docs/credits.md and preserved source-pack notices.
tracks/GLB Tracks/low_poly_race_track_0.png,images,tracks,4468,985bf89755f43a00868d9e55ed7b05eef5c213aed8845cf8ace42d536ae8f17d,retain,"Project course, runtime or authoring resource; static reachability alone cannot prove dynamic use.",See source-specific notices,Historical owner CC0 statement retained; imported metadata and scoped notices recorded separately.,No scoped local notice found; see docs/credits.md and preserved source-pack notices.
tracks/GLB Tracks/low_poly_room.glb,models,tracks,5157756,88b9573a69b9758ddcaaac843e51bcb5bae89961626073ac9585cf781ff1e4b1,retain,"Project course, runtime or authoring resource; static reachability alone cannot prove dynamic use.",See source-specific notices,Historical owner CC0 statement retained; imported metadata and scoped notices recorded separately.,No scoped local notice found; see docs/credits.md and preserved source-pack notices.
tracks/GLB Tracks/low_poly_room_0.png,images,tracks,1341574,da69c56f4467a97b3c2b02b0835cee04066bb8cef5cf2428a582a5add9ba65b9,retain,"Project course, runtime or authoring resource; static reachability alone cannot prove dynamic use.",See source-specific notices,Historical owner CC0 statement retained; imported metadata and scoped notices recorded separately.,No scoped local notice found; see docs/credits.md and preserved source-pack notices.
tracks/GLB Tracks/low_poly_room_1.jpg,images,tracks,517554,35efdabdd61624e633adc0bb2b435e0527622ddbd976cf54b091ff64d08eee92,retain,"Project course, runtime or authoring resource; static reachability alone cannot prove dynamic use.",See source-specific notices,Historical owner CC0 statement retained; imported metadata and scoped notices recorded separately.,No scoped local notice found; see docs/credits.md and preserved source-pack notices.
tracks/GLB Tracks/low_poly_room_10.png,images,tracks,3422,1d5191c05db2b7bcd599dfcc4b3a6387f4caac65a90a02ed3b5f88aa9af328e7,retain,"Project course, runtime or authoring resource; static reachability alone cannot prove dynamic use.",See source-specific notices,Historical owner CC0 statement retained; imported metadata and scoped notices recorded separately.,No scoped local notice found; see docs/credits.md and preserved source-pack notices.
tracks/GLB Tracks/low_poly_room_11.jpg,images,tracks,118890,0cb432909352966830eb76d6d67ac2a3dcf2660674f7beb8aa47c26dccafa9c8,retain,"Project course, runtime or authoring resource; static reachability alone cannot prove dynamic use.",See source-specific notices,Historical owner CC0 statement retained; imported metadata and scoped notices recorded separately.,No scoped local notice found; see docs/credits.md and preserved source-pack notices.
tracks/GLB Tracks/low_poly_room_12.jpg,images,tracks,33790,ddbdd9853ec03e07afb7faf6c4e8d3e078cdc09f65aa26474feadef73781e2d1,retain,"Project course, runtime or authoring resource; static reachability alone cannot prove dynamic use.",See source-specific notices,Historical owner CC0 statement retained; imported metadata and scoped notices recorded separately.,No scoped local notice found; see docs/credits.md and preserved source-pack notices.
tracks/GLB Tracks/low_poly_room_13.jpg,images,tracks,20204,554695305c2a1b3847e455822029b012f29dbe8d0e79399123de2dbaf70a548a,retain,"Project course, runtime or authoring resource; static reachability alone cannot prove dynamic use.",See source-specific notices,Historical owner CC0 statement retained; imported metadata and scoped notices recorded separately.,No scoped local notice found; see docs/credits.md and preserved source-pack notices.
tracks/GLB Tracks/low_poly_room_14.jpg,images,tracks,1020853,638fe245911b4da0b905c9df5cf2b7f76272b5d3c6055839e81b2d751b070000,retain,"Project course, runtime or authoring resource; static reachability alone cannot prove dynamic use.",See source-specific notices,Historical owner CC0 statement retained; imported metadata and scoped notices recorded separately.,No scoped local notice found; see docs/credits.md and preserved source-pack notices.
tracks/GLB Tracks/low_poly_room_2.jpg,images,tracks,26234,b95c7476ffe039eeac4323c1cc38050a2eb75a75c59ab17bc50990fec1243d09,retain,"Project course, runtime or authoring resource; static reachability alone cannot prove dynamic use.",See source-specific notices,Historical owner CC0 statement retained; imported metadata and scoped notices recorded separately.,No scoped local notice found; see docs/credits.md and preserved source-pack notices.
tracks/GLB Tracks/low_poly_room_3.jpg,images,tracks,82669,bc4d04344f2e7842080768df0549ef13d80d4f144ee07b73c7f814a05b4a37bf,retain,"Project course, runtime or authoring resource; static reachability alone cannot prove dynamic use.",See source-specific notices,Historical owner CC0 statement retained; imported metadata and scoped notices recorded separately.,No scoped local notice found; see docs/credits.md and preserved source-pack notices.
tracks/GLB Tracks/low_poly_room_4.jpg,images,tracks,163565,76ce78d98858b8cc3064b10b42dc236fff7c8a7a1102b430ded6e76fe7a7e7e9,retain,"Project course, runtime or authoring resource; static reachability alone cannot prove dynamic use.",See source-specific notices,Historical owner CC0 statement retained; imported metadata and scoped notices recorded separately.,No scoped local notice found; see docs/credits.md and preserved source-pack notices.
tracks/GLB Tracks/low_poly_room_5.jpg,images,tracks,157884,cfbf2b9dcb3437a696238b864784ab78623e3038d2cbf95e2e86c868a040add1,retain,"Project course, runtime or authoring resource; static reachability alone cannot prove dynamic use.",See source-specific notices,Historical owner CC0 statement retained; imported metadata and scoped notices recorded separately.,No scoped local notice found; see docs/credits.md and preserved source-pack notices.
tracks/GLB Tracks/low_poly_room_6.jpg,images,tracks,171088,94abdff80fe65b5095054c9119646adaef61a5e9ae9120854b9c6d6179de20f2,retain,"Project course, runtime or authoring resource; static reachability alone cannot prove dynamic use.",See source-specific notices,Historical owner CC0 statement retained; imported metadata and scoped notices recorded separately.,No scoped local notice found; see docs/credits.md and preserved source-pack notices.
tracks/GLB Tracks/low_poly_room_7.jpg,images,tracks,42008,c34c268d5688257dbcf1d7c78cd8f36e826666b07eafbbc149cb8b6f64a2e389,retain,"Project course, runtime or authoring resource; static reachability alone cannot prove dynamic use.",See source-specific notices,Historical owner CC0 statement retained; imported metadata and scoped notices recorded separately.,No scoped local notice found; see docs/credits.md and preserved source-pack notices.
tracks/GLB Tracks/low_poly_room_8.jpg,images,tracks,101400,c8debc8be2b6ab44da1b0d5806fcfaeace01623706420112a94aa92945299804,retain,"Project course, runtime or authoring resource; static reachability alone cannot prove dynamic use.",See source-specific notices,Historical owner CC0 statement retained; imported metadata and scoped notices recorded separately.,No scoped local notice found; see docs/credits.md and preserved source-pack notices.
tracks/GLB Tracks/low_poly_room_9.jpg,images,tracks,51982,0fcbe23cfe00447aecf2564b70620dbbafc4f500deb61b09f05e4138204c9123,retain,"Project course, runtime or authoring resource; static reachability alone cannot prove dynamic use.",See source-specific notices,Historical owner CC0 statement retained; imported metadata and scoped notices recorded separately.,No scoped local notice found; see docs/credits.md and preserved source-pack notices.
tracks/GLB Tracks/marina_bay_street_circuit.glb,models,tracks,59500604,7759c53237d585c6f8e74f9a303712ff0d00ee92bf30ae83713c11a85556ffde,retain,"Project course, runtime or authoring resource; static reachability alone cannot prove dynamic use.",See source-specific notices,Historical owner CC0 statement retained; imported metadata and scoped notices recorded separately.,No scoped local notice found; see docs/credits.md and preserved source-pack notices.
tracks/GLB Tracks/marina_bay_street_circuit_0.png,images,tracks,387177,5d45fc2982cc205a14e6cdb0cc944cc1dd62876942baae63ea7890648cf2919d,retain,"Project course, runtime or authoring resource; static reachability alone cannot prove dynamic use.",See source-specific notices,Historical owner CC0 statement retained; imported metadata and scoped notices recorded separately.,No scoped local notice found; see docs/credits.md and preserved source-pack notices.
tracks/GLB Tracks/marina_bay_street_circuit_1.png,images,tracks,38779,fae0c41d252638762dd01fff65f247f20de9d63cadebe75502172cea5784c28a,retain,"Project course, runtime or authoring resource; static reachability alone cannot prove dynamic use.",See source-specific notices,Historical owner CC0 statement retained; imported metadata and scoped notices recorded separately.,No scoped local notice found; see docs/credits.md and preserved source-pack notices.
tracks/GLB Tracks/marina_bay_street_circuit_10.png,images,tracks,46747,a34851e5d60e9effc75fffe702a8fc1eff2754261f59bf84f38e26c8a40d92bf,retain,"Project course, runtime or authoring resource; static reachability alone cannot prove dynamic use.",See source-specific notices,Historical owner CC0 statement retained; imported metadata and scoped notices recorded separately.,No scoped local notice found; see docs/credits.md and preserved source-pack notices.
tracks/GLB Tracks/marina_bay_street_circuit_11.png,images,tracks,34618,6e14ace847e596f7cb74ed7cf19841f4044c8fa16b6fbcd5ae90c58731f76be9,retain,"Project course, runtime or authoring resource; static reachability alone cannot prove dynamic use.",See source-specific notices,Historical owner CC0 statement retained; imported metadata and scoped notices recorded separately.,No scoped local notice found; see docs/credits.md and preserved source-pack notices.
tracks/GLB Tracks/marina_bay_street_circuit_12.png,images,tracks,278839,9d9056045fe6e6eb217790657a62a74d6d1ae9cd4d676d6b99fd4f0c27e1ee2a,retain,"Project course, runtime or authoring resource; static reachability alone cannot prove dynamic use.",See source-specific notices,Historical owner CC0 statement retained; imported metadata and scoped notices recorded separately.,No scoped local notice found; see docs/credits.md and preserved source-pack notices.
tracks/GLB Tracks/marina_bay_street_circuit_13.png,images,tracks,122900,e490d9d61890a17b9b791a2c51adba36bfd25334c43a1d626fd3f6da80022adc,retain,"Project course, runtime or authoring resource; static reachability alone cannot prove dynamic use.",See source-specific notices,Historical owner CC0 statement retained; imported metadata and scoped notices recorded separately.,No scoped local notice found; see docs/credits.md and preserved source-pack notices.
tracks/GLB Tracks/marina_bay_street_circuit_14.png,images,tracks,7680,e642aee20b3a51e94ccbd97989d7c1a20971bffbe447a1a55c1f98f859ba6e62,retain,"Project course, runtime or authoring resource; static reachability alone cannot prove dynamic use.",See source-specific notices,Historical owner CC0 statement retained; imported metadata and scoped notices recorded separately.,No scoped local notice found; see docs/credits.md and preserved source-pack notices.
tracks/GLB Tracks/marina_bay_street_circuit_15.png,images,tracks,129333,ac3b091aefe09963e7ac4c47ba98d2f94137189d9ca55fabc67fb3d3742d46f9,retain,"Project course, runtime or authoring resource; static reachability alone cannot prove dynamic use.",See source-specific notices,Historical owner CC0 statement retained; imported metadata and scoped notices recorded separately.,No scoped local notice found; see docs/credits.md and preserved source-pack notices.
tracks/GLB Tracks/marina_bay_street_circuit_16.png,images,tracks,97565,288a4c79056381fb626cbc22f5e8da97876c306eac0b41fbf1266e816359fa67,retain,"Project course, runtime or authoring resource; static reachability alone cannot prove dynamic use.",See source-specific notices,Historical owner CC0 statement retained; imported metadata and scoped notices recorded separately.,No scoped local notice found; see docs/credits.md and preserved source-pack notices.
tracks/GLB Tracks/marina_bay_street_circuit_17.png,images,tracks,54920,377f042b9cb4e086923c6bf47157a36cbb26cd0c16cd0c40e4d49dae7309d94f,retain,"Project course, runtime or authoring resource; static reachability alone cannot prove dynamic use.",See source-specific notices,Historical owner CC0 statement retained; imported metadata and scoped notices recorded separately.,No scoped local notice found; see docs/credits.md and preserved source-pack notices.
tracks/GLB Tracks/marina_bay_street_circuit_18.png,images,tracks,77861,60107879502dc683be33277cf7d388757c3b10bbc199b46fbe43e1ca76ec5a3d,retain,"Project course, runtime or authoring resource; static reachability alone cannot prove dynamic use.",See source-specific notices,Historical owner CC0 statement retained; imported metadata and scoped notices recorded separately.,No scoped local notice found; see docs/credits.md and preserved source-pack notices.
tracks/GLB Tracks/marina_bay_street_circuit_19.png,images,tracks,4858,aff4acb0bf4f7050d2315609f8fccaffcc312553c7811a164a93f7b2bcf90471,retain,"Project course, runtime or authoring resource; static reachability alone cannot prove dynamic use.",See source-specific notices,Historical owner CC0 statement retained; imported metadata and scoped notices recorded separately.,No scoped local notice found; see docs/credits.md and preserved source-pack notices.
tracks/GLB Tracks/marina_bay_street_circuit_2.png,images,tracks,9189,83f38c29da9623a5d6fc699c86d2d2bc37997bbced529ca3bdd8f2dcea9d085d,retain,"Project course, runtime or authoring resource; static reachability alone cannot prove dynamic use.",See source-specific notices,Historical owner CC0 statement retained; imported metadata and scoped notices recorded separately.,No scoped local notice found; see docs/credits.md and preserved source-pack notices.
tracks/GLB Tracks/marina_bay_street_circuit_20.png,images,tracks,82270,0c26e0fc3f93d829a1c94ce259ccf97c0a05932fec759e4674f5475d7d3f2040,retain,"Project course, runtime or authoring resource; static reachability alone cannot prove dynamic use.",See source-specific notices,Historical owner CC0 statement retained; imported metadata and scoped notices recorded separately.,No scoped local notice found; see docs/credits.md and preserved source-pack notices.
tracks/GLB Tracks/marina_bay_street_circuit_21.png,images,tracks,75478,3b8912e7432aa90d64423e7fe394b5815d54fa4c6488841fbb3b3a9c2373ce98,retain,"Project course, runtime or authoring resource; static reachability alone cannot prove dynamic use.",See source-specific notices,Historical owner CC0 statement retained; imported metadata and scoped notices recorded separately.,No scoped local notice found; see docs/credits.md and preserved source-pack notices.
tracks/GLB Tracks/marina_bay_street_circuit_22.png,images,tracks,95041,46c333ba8523f0dcc11159d377dfc529d4bc1853e011211abfb36a36a5969e01,retain,"Project course, runtime or authoring resource; static reachability alone cannot prove dynamic use.",See source-specific notices,Historical owner CC0 statement retained; imported metadata and scoped notices recorded separately.,No scoped local notice found; see docs/credits.md and preserved source-pack notices.
tracks/GLB Tracks/marina_bay_street_circuit_23.png,images,tracks,89101,a7425f1eef0b895154d0d82d03003bcb33f0a588237a71a12add2290c764872b,retain,"Project course, runtime or authoring resource; static reachability alone cannot prove dynamic use.",See source-specific notices,Historical owner CC0 statement retained; imported metadata and scoped notices recorded separately.,No scoped local notice found; see docs/credits.md and preserved source-pack notices.
tracks/GLB Tracks/marina_bay_street_circuit_24.png,images,tracks,74504,c57ca06b986df734ae70c6286d2eef7c84785e3c1b27361558b11f485e1bc7b1,retain,"Project course, runtime or authoring resource; static reachability alone cannot prove dynamic use.",See source-specific notices,Historical owner CC0 statement retained; imported metadata and scoped notices recorded separately.,No scoped local notice found; see docs/credits.md and preserved source-pack notices.
tracks/GLB Tracks/marina_bay_street_circuit_25.png,images,tracks,103636,2e4aecb481f0ca65d9f444487dc83bf837c3df679fdd69373dd26b9612fc4f78,retain,"Project course, runtime or authoring resource; static reachability alone cannot prove dynamic use.",See source-specific notices,Historical owner CC0 statement retained; imported metadata and scoped notices recorded separately.,No scoped local notice found; see docs/credits.md and preserved source-pack notices.
tracks/GLB Tracks/marina_bay_street_circuit_26.png,images,tracks,4790,334f716be2bda9fac8b9f8e0d12df78664678c337e4f50821d2bac6858a66274,retain,"Project course, runtime or authoring resource; static reachability alone cannot prove dynamic use.",See source-specific notices,Historical owner CC0 statement retained; imported metadata and scoped notices recorded separately.,No scoped local notice found; see docs/credits.md and preserved source-pack notices.
tracks/GLB Tracks/marina_bay_street_circuit_27.png,images,tracks,98138,aa3995f7629fc58395a25865d22728249dbbb8b2e13015ea42c840a517fcd67a,retain,"Project course, runtime or authoring resource; static reachability alone cannot prove dynamic use.",See source-specific notices,Historical owner CC0 statement retained; imported metadata and scoped notices recorded separately.,No scoped local notice found; see docs/credits.md and preserved source-pack notices.
tracks/GLB Tracks/marina_bay_street_circuit_28.png,images,tracks,118970,44f574fee7dfd5a71da75cd4ac3e048204b844e862170e237a588fc45bd6ffaa,retain,"Project course, runtime or authoring resource; static reachability alone cannot prove dynamic use.",See source-specific notices,Historical owner CC0 statement retained; imported metadata and scoped notices recorded separately.,No scoped local notice found; see docs/credits.md and preserved source-pack notices.
tracks/GLB Tracks/marina_bay_street_circuit_29.png,images,tracks,81093,9b2c01ff788251496185c296b4cbe193525f675d6ff30f53d037749f351dda39,retain,"Project course, runtime or authoring resource; static reachability alone cannot prove dynamic use.",See source-specific notices,Historical owner CC0 statement retained; imported metadata and scoped notices recorded separately.,No scoped local notice found; see docs/credits.md and preserved source-pack notices.
tracks/GLB Tracks/marina_bay_street_circuit_3.png,images,tracks,71442,2e45031c4879a2208f850555beb20f1d5e08ff7438ee3148a2357be721d35965,retain,"Project course, runtime or authoring resource; static reachability alone cannot prove dynamic use.",See source-specific notices,Historical owner CC0 statement retained; imported metadata and scoped notices recorded separately.,No scoped local notice found; see docs/credits.md and preserved source-pack notices.
tracks/GLB Tracks/marina_bay_street_circuit_30.png,images,tracks,109524,6d2f2e3c4c54ae3b0417d576a4be55ce34d05ef555079ba670a0a6db7a24d53b,retain,"Project course, runtime or authoring resource; static reachability alone cannot prove dynamic use.",See source-specific notices,Historical owner CC0 statement retained; imported metadata and scoped notices recorded separately.,No scoped local notice found; see docs/credits.md and preserved source-pack notices.
tracks/GLB Tracks/marina_bay_street_circuit_31.png,images,tracks,72014,aa3ed5ba36ee83788385dca862dcb39798cf639a1484ee82415b5fc5b43ce191,retain,"Project course, runtime or authoring resource; static reachability alone cannot prove dynamic use.",See source-specific notices,Historical owner CC0 statement retained; imported metadata and scoped notices recorded separately.,No scoped local notice found; see docs/credits.md and preserved source-pack notices.
tracks/GLB Tracks/marina_bay_street_circuit_32.png,images,tracks,64075,be3eb8f929d9b0b203857f09f99fbf35f35c722fc069d74500ebb83cea398484,retain,"Project course, runtime or authoring resource; static reachability alone cannot prove dynamic use.",See source-specific notices,Historical owner CC0 statement retained; imported metadata and scoped notices recorded separately.,No scoped local notice found; see docs/credits.md and preserved source-pack notices.
tracks/GLB Tracks/marina_bay_street_circuit_33.png,images,tracks,75666,25a66028b2c67877c0186a13ccafe6193f6466dd327f1d794b41595bd6c04d65,retain,"Project course, runtime or authoring resource; static reachability alone cannot prove dynamic use.",See source-specific notices,Historical owner CC0 statement retained; imported metadata and scoped notices recorded separately.,No scoped local notice found; see docs/credits.md and preserved source-pack notices.
tracks/GLB Tracks/marina_bay_street_circuit_34.png,images,tracks,110489,0deb1c9a84fe212ebc7f3ca0bbad6d4d3e906a51e94d9f9c64dac3fb7471a18f,retain,"Project course, runtime or authoring resource; static reachability alone cannot prove dynamic use.",See source-specific notices,Historical owner CC0 statement retained; imported metadata and scoped notices recorded separately.,No scoped local notice found; see docs/credits.md and preserved source-pack notices.
tracks/GLB Tracks/marina_bay_street_circuit_35.png,images,tracks,82130,297259124260b7355b138889b6fd1dd995233b873a07a12083df9b459623b200,retain,"Project course, runtime or authoring resource; static reachability alone cannot prove dynamic use.",See source-specific notices,Historical owner CC0 statement retained; imported metadata and scoped notices recorded separately.,No scoped local notice found; see docs/credits.md and preserved source-pack notices.
tracks/GLB Tracks/marina_bay_street_circuit_36.png,images,tracks,73976,4f1cea8d413360af881eadc7fefea880a7c835e641a66da9e6438a4614a3ec98,retain,"Project course, runtime or authoring resource; static reachability alone cannot prove dynamic use.",See source-specific notices,Historical owner CC0 statement retained; imported metadata and scoped notices recorded separately.,No scoped local notice found; see docs/credits.md and preserved source-pack notices.
tracks/GLB Tracks/marina_bay_street_circuit_37.png,images,tracks,105642,6eedf295d2b0b98718fd5bd040ca6b5db9149b4a5472137d81be13066a44d674,retain,"Project course, runtime or authoring resource; static reachability alone cannot prove dynamic use.",See source-specific notices,Historical owner CC0 statement retained; imported metadata and scoped notices recorded separately.,No scoped local notice found; see docs/credits.md and preserved source-pack notices.
tracks/GLB Tracks/marina_bay_street_circuit_38.png,images,tracks,96091,d1bbb70c7a26d516fbe0f5f7bbe59ddf5ddd220e66743df8fa4316a7bc2ed3c3,retain,"Project course, runtime or authoring resource; static reachability alone cannot prove dynamic use.",See source-specific notices,Historical owner CC0 statement retained; imported metadata and scoped notices recorded separately.,No scoped local notice found; see docs/credits.md and preserved source-pack notices.
tracks/GLB Tracks/marina_bay_street_circuit_39.png,images,tracks,73491,878391241e51af9de53f6950604f7028d001c4d9f1e1785e89ae6dd112199df0,retain,"Project course, runtime or authoring resource; static reachability alone cannot prove dynamic use.",See source-specific notices,Historical owner CC0 statement retained; imported metadata and scoped notices recorded separately.,No scoped local notice found; see docs/credits.md and preserved source-pack notices.
tracks/GLB Tracks/marina_bay_street_circuit_4.png,images,tracks,13049,52ede8e79c63c59e312d0a8400bfe91c093fa301b2d14a864a2717ba20fa02e4,retain,"Project course, runtime or authoring resource; static reachability alone cannot prove dynamic use.",See source-specific notices,Historical owner CC0 statement retained; imported metadata and scoped notices recorded separately.,No scoped local notice found; see docs/credits.md and preserved source-pack notices.
tracks/GLB Tracks/marina_bay_street_circuit_40.png,images,tracks,94565,fd971f7fb48387cdbb2e58a87526934462725e3077e176fc193bf440c052289c,retain,"Project course, runtime or authoring resource; static reachability alone cannot prove dynamic use.",See source-specific notices,Historical owner CC0 statement retained; imported metadata and scoped notices recorded separately.,No scoped local notice found; see docs/credits.md and preserved source-pack notices.
tracks/GLB Tracks/marina_bay_street_circuit_41.png,images,tracks,44141,f3645b20a74024f296cc916081aa78be161036af0d68de86fb47713137d99278,retain,"Project course, runtime or authoring resource; static reachability alone cannot prove dynamic use.",See source-specific notices,Historical owner CC0 statement retained; imported metadata and scoped notices recorded separately.,No scoped local notice found; see docs/credits.md and preserved source-pack notices.
tracks/GLB Tracks/marina_bay_street_circuit_42.png,images,tracks,82746,37c1237e9c4bf46455f6aacfc5688c87aaeb9f3d105a40619cbf792648ff7f4a,retain,"Project course, runtime or authoring resource; static reachability alone cannot prove dynamic use.",See source-specific notices,Historical owner CC0 statement retained; imported metadata and scoped notices recorded separately.,No scoped local notice found; see docs/credits.md and preserved source-pack notices.
tracks/GLB Tracks/marina_bay_street_circuit_43.png,images,tracks,73105,bd325b5ece57df4d478f2192e7f4ab6761d1e5034ac39e7d7df882c989cb087c,retain,"Project course, runtime or authoring resource; static reachability alone cannot prove dynamic use.",See source-specific notices,Historical owner CC0 statement retained; imported metadata and scoped notices recorded separately.,No scoped local notice found; see docs/credits.md and preserved source-pack notices.
tracks/GLB Tracks/marina_bay_street_circuit_44.png,images,tracks,69914,781cec2760c765a4fa88d659f924446b3ef0cce2b03404b4a604c1652a4a1078,retain,"Project course, runtime or authoring resource; static reachability alone cannot prove dynamic use.",See source-specific notices,Historical owner CC0 statement retained; imported metadata and scoped notices recorded separately.,No scoped local notice found; see docs/credits.md and preserved source-pack notices.
tracks/GLB Tracks/marina_bay_street_circuit_45.png,images,tracks,91549,88fa7354b6cf9739805b68a6e19c0c93a764af1d73fcdb80ae88ee428b1e0f2c,retain,"Project course, runtime or authoring resource; static reachability alone cannot prove dynamic use.",See source-specific notices,Historical owner CC0 statement retained; imported metadata and scoped notices recorded separately.,No scoped local notice found; see docs/credits.md and preserved source-pack notices.
tracks/GLB Tracks/marina_bay_street_circuit_46.png,images,tracks,60962,80ad14f65f54c4774e209974b20fa8d172e93f4ad336ed2deff83cb1ae2dc005,retain,"Project course, runtime or authoring resource; static reachability alone cannot prove dynamic use.",See source-specific notices,Historical owner CC0 statement retained; imported metadata and scoped notices recorded separately.,No scoped local notice found; see docs/credits.md and preserved source-pack notices.
tracks/GLB Tracks/marina_bay_street_circuit_47.png,images,tracks,387,aa64ec9125a528b25bcdbfbb741a4ee55e6c0943db6773e3d57670b49cd89be4,retain,"Project course, runtime or authoring resource; static reachability alone cannot prove dynamic use.",See source-specific notices,Historical owner CC0 statement retained; imported metadata and scoped notices recorded separately.,No scoped local notice found; see docs/credits.md and preserved source-pack notices.
tracks/GLB Tracks/marina_bay_street_circuit_48.png,images,tracks,73,d4c2ecf2b73c4169fe26c0ae10c7d5f93eeee37dfb098f5950688ea680f86f14,retain,"Project course, runtime or authoring resource; static reachability alone cannot prove dynamic use.",See source-specific notices,Historical owner CC0 statement retained; imported metadata and scoped notices recorded separately.,No scoped local notice found; see docs/credits.md and preserved source-pack notices.
tracks/GLB Tracks/marina_bay_street_circuit_49.png,images,tracks,86748,5fd27afc999f8b4f99bbcd14eebac8e2c2db1bef284cd77abdd1c39e804c16b5,retain,"Project course, runtime or authoring resource; static reachability alone cannot prove dynamic use.",See source-specific notices,Historical owner CC0 statement retained; imported metadata and scoped notices recorded separately.,No scoped local notice found; see docs/credits.md and preserved source-pack notices.
tracks/GLB Tracks/marina_bay_street_circuit_5.png,images,tracks,16104,0f46c58294c14429277cddd6d348af2c277f779525c688d84c4d4ab03188b310,retain,"Project course, runtime or authoring resource; static reachability alone cannot prove dynamic use.",See source-specific notices,Historical owner CC0 statement retained; imported metadata and scoped notices recorded separately.,No scoped local notice found; see docs/credits.md and preserved source-pack notices.
tracks/GLB Tracks/marina_bay_street_circuit_50.png,images,tracks,97508,e97d3024abf0b25d0c79d2093df26cc888fc3b15db71ea59e025d67cc53afaff,retain,"Project course, runtime or authoring resource; static reachability alone cannot prove dynamic use.",See source-specific notices,Historical owner CC0 statement retained; imported metadata and scoped notices recorded separately.,No scoped local notice found; see docs/credits.md and preserved source-pack notices.
tracks/GLB Tracks/marina_bay_street_circuit_51.png,images,tracks,96045,1a2f4e3745df3a751a6ee3f125d9714efc829cd1270e3e9fdd37860aea5d8e28,retain,"Project course, runtime or authoring resource; static reachability alone cannot prove dynamic use.",See source-specific notices,Historical owner CC0 statement retained; imported metadata and scoped notices recorded separately.,No scoped local notice found; see docs/credits.md and preserved source-pack notices.
tracks/GLB Tracks/marina_bay_street_circuit_52.png,images,tracks,83654,90344214328cd7771321e37460c93964f1787f8320e3dd95957c4b0816c6f495,retain,"Project course, runtime or authoring resource; static reachability alone cannot prove dynamic use.",See source-specific notices,Historical owner CC0 statement retained; imported metadata and scoped notices recorded separately.,No scoped local notice found; see docs/credits.md and preserved source-pack notices.
tracks/GLB Tracks/marina_bay_street_circuit_53.png,images,tracks,84352,b33dcd8653cb1fd1330ce4c799c81ae40d39baa74b22aaff60422f4df8f11b78,retain,"Project course, runtime or authoring resource; static reachability alone cannot prove dynamic use.",See source-specific notices,Historical owner CC0 statement retained; imported metadata and scoped notices recorded separately.,No scoped local notice found; see docs/credits.md and preserved source-pack notices.
tracks/GLB Tracks/marina_bay_street_circuit_54.png,images,tracks,108808,cc151ebc85388a9ee75d746a05fdf2a483fe2436789d5a4888ab5a17e573a9a1,retain,"Project course, runtime or authoring resource; static reachability alone cannot prove dynamic use.",See source-specific notices,Historical owner CC0 statement retained; imported metadata and scoped notices recorded separately.,No scoped local notice found; see docs/credits.md and preserved source-pack notices.
tracks/GLB Tracks/marina_bay_street_circuit_55.png,images,tracks,87435,fdb1ce253cbacf972adc38ce575fd8fefd62b3896ea79dbbd2e4ba9cc26c1f53,retain,"Project course, runtime or authoring resource; static reachability alone cannot prove dynamic use.",See source-specific notices,Historical owner CC0 statement retained; imported metadata and scoped notices recorded separately.,No scoped local notice found; see docs/credits.md and preserved source-pack notices.
tracks/GLB Tracks/marina_bay_street_circuit_56.png,images,tracks,93428,a0f9e20147e995c327cc4032d95df687f1fb882793af2b9fa3b26875663047d7,retain,"Project course, runtime or authoring resource; static reachability alone cannot prove dynamic use.",See source-specific notices,Historical owner CC0 statement retained; imported metadata and scoped notices recorded separately.,No scoped local notice found; see docs/credits.md and preserved source-pack notices.
tracks/GLB Tracks/marina_bay_street_circuit_57.png,images,tracks,111349,1b6eea54ae9f0499109ee16633fe0a4cd86318a7c7cd1fadcb25f2970952e303,retain,"Project course, runtime or authoring resource; static reachability alone cannot prove dynamic use.",See source-specific notices,Historical owner CC0 statement retained; imported metadata and scoped notices recorded separately.,No scoped local notice found; see docs/credits.md and preserved source-pack notices.
tracks/GLB Tracks/marina_bay_street_circuit_58.png,images,tracks,96669,c455c35ac08c67123c4494ae17961b1dd781b1b9690a42c1b66c994d92159f82,retain,"Project course, runtime or authoring resource; static reachability alone cannot prove dynamic use.",See source-specific notices,Historical owner CC0 statement retained; imported metadata and scoped notices recorded separately.,No scoped local notice found; see docs/credits.md and preserved source-pack notices.
tracks/GLB Tracks/marina_bay_street_circuit_59.png,images,tracks,100155,6b89eeb7344404988547646a133c98c59b265972d265210ead93f9097243cc90,retain,"Project course, runtime or authoring resource; static reachability alone cannot prove dynamic use.",See source-specific notices,Historical owner CC0 statement retained; imported metadata and scoped notices recorded separately.,No scoped local notice found; see docs/credits.md and preserved source-pack notices.
tracks/GLB Tracks/marina_bay_street_circuit_6.png,images,tracks,131534,335b4eeb967ae0d01f7bbed144c4911bbaf77c45e5152693255e5e0526aeecc8,retain,"Project course, runtime or authoring resource; static reachability alone cannot prove dynamic use.",See source-specific notices,Historical owner CC0 statement retained; imported metadata and scoped notices recorded separately.,No scoped local notice found; see docs/credits.md and preserved source-pack notices.
tracks/GLB Tracks/marina_bay_street_circuit_60.png,images,tracks,73956,cfb43d8fc2bff8df8cdeddf2581169987cc7368e398039b06c18de3e05945955,retain,"Project course, runtime or authoring resource; static reachability alone cannot prove dynamic use.",See source-specific notices,Historical owner CC0 statement retained; imported metadata and scoped notices recorded separately.,No scoped local notice found; see docs/credits.md and preserved source-pack notices.
tracks/GLB Tracks/marina_bay_street_circuit_61.png,images,tracks,69545,d1574f68f520fc035fa4164776e2151624df933e936b710ac33aea9549a51232,retain,"Project course, runtime or authoring resource; static reachability alone cannot prove dynamic use.",See source-specific notices,Historical owner CC0 statement retained; imported metadata and scoped notices recorded separately.,No scoped local notice found; see docs/credits.md and preserved source-pack notices.
tracks/GLB Tracks/marina_bay_street_circuit_62.png,images,tracks,81816,ac307f883784b276ac394831b7f275b1f4f029b35eab316456fc15ae7f3c928d,retain,"Project course, runtime or authoring resource; static reachability alone cannot prove dynamic use.",See source-specific notices,Historical owner CC0 statement retained; imported metadata and scoped notices recorded separately.,No scoped local notice found; see docs/credits.md and preserved source-pack notices.
tracks/GLB Tracks/marina_bay_street_circuit_63.png,images,tracks,69864,83495e282fe264960d1352c51b6f5ded40a3d3b486940513b4be5cb0bcac38fb,retain,"Project course, runtime or authoring resource; static reachability alone cannot prove dynamic use.",See source-specific notices,Historical owner CC0 statement retained; imported metadata and scoped notices recorded separately.,No scoped local notice found; see docs/credits.md and preserved source-pack notices.
tracks/GLB Tracks/marina_bay_street_circuit_64.png,images,tracks,65477,df99c4d4f61209965395c060265e171eee33f7dc81f79dcaf7e9eded195f31a9,retain,"Project course, runtime or authoring resource; static reachability alone cannot prove dynamic use.",See source-specific notices,Historical owner CC0 statement retained; imported metadata and scoped notices recorded separately.,No scoped local notice found; see docs/credits.md and preserved source-pack notices.
tracks/GLB Tracks/marina_bay_street_circuit_65.png,images,tracks,31229,88090fd4de73e1987c4f44f646c7dae7b0e366ca83e5b5a8f1cca4f434655007,retain,"Project course, runtime or authoring resource; static reachability alone cannot prove dynamic use.",See source-specific notices,Historical owner CC0 statement retained; imported metadata and scoped notices recorded separately.,No scoped local notice found; see docs/credits.md and preserved source-pack notices.
tracks/GLB Tracks/marina_bay_street_circuit_66.png,images,tracks,106125,5dc31460d9825009108e004f60a178fa9f6431f25dfa8e6701ed73c2a9bf7517,retain,"Project course, runtime or authoring resource; static reachability alone cannot prove dynamic use.",See source-specific notices,Historical owner CC0 statement retained; imported metadata and scoped notices recorded separately.,No scoped local notice found; see docs/credits.md and preserved source-pack notices.
tracks/GLB Tracks/marina_bay_street_circuit_67.png,images,tracks,130684,de6c9028d3dd49ad630fc20f3954c5e5871944fad7375b03ea9fc3fc9bcf40f8,retain,"Project course, runtime or authoring resource; static reachability alone cannot prove dynamic use.",See source-specific notices,Historical owner CC0 statement retained; imported metadata and scoped notices recorded separately.,No scoped local notice found; see docs/credits.md and preserved source-pack notices.
tracks/GLB Tracks/marina_bay_street_circuit_68.png,images,tracks,75973,993e922f483a38f0304f2132bc3eec9f9177847cc7f247c75525347a94cc98e1,retain,"Project course, runtime or authoring resource; static reachability alone cannot prove dynamic use.",See source-specific notices,Historical owner CC0 statement retained; imported metadata and scoped notices recorded separately.,No scoped local notice found; see docs/credits.md and preserved source-pack notices.
tracks/GLB Tracks/marina_bay_street_circuit_69.png,images,tracks,88891,6ca40f8a4f4ef1cff646d660c8855ebce96b2b632bd57444d47d244baef7618c,retain,"Project course, runtime or authoring resource; static reachability alone cannot prove dynamic use.",See source-specific notices,Historical owner CC0 statement retained; imported metadata and scoped notices recorded separately.,No scoped local notice found; see docs/credits.md and preserved source-pack notices.
tracks/GLB Tracks/marina_bay_street_circuit_7.png,images,tracks,52849,bd9e2869cc18c746e12eaa17a132c573842f48566b5cab4dcd78fbfe4fda4ab8,retain,"Project course, runtime or authoring resource; static reachability alone cannot prove dynamic use.",See source-specific notices,Historical owner CC0 statement retained; imported metadata and scoped notices recorded separately.,No scoped local notice found; see docs/credits.md and preserved source-pack notices.
tracks/GLB Tracks/marina_bay_street_circuit_70.png,images,tracks,92185,e5ae72d009a3421036c0fc4a6b1a5e5ddc6d54bb2c2bbd033ed98b116afeb4e1,retain,"Project course, runtime or authoring resource; static reachability alone cannot prove dynamic use.",See source-specific notices,Historical owner CC0 statement retained; imported metadata and scoped notices recorded separately.,No scoped local notice found; see docs/credits.md and preserved source-pack notices.
tracks/GLB Tracks/marina_bay_street_circuit_71.png,images,tracks,3151,d15b4729f3d69aab40b3d3dc71a1b062f078c05994695d577adfa2bd9913a1a6,retain,"Project course, runtime or authoring resource; static reachability alone cannot prove dynamic use.",See source-specific notices,Historical owner CC0 statement retained; imported metadata and scoped notices recorded separately.,No scoped local notice found; see docs/credits.md and preserved source-pack notices.
tracks/GLB Tracks/marina_bay_street_circuit_72.png,images,tracks,59618,a437dfa4edce3f0b3cc28385338fb7c0956c7bed018799fd00388214b3ac8e23,retain,"Project course, runtime or authoring resource; static reachability alone cannot prove dynamic use.",See source-specific notices,Historical owner CC0 statement retained; imported metadata and scoped notices recorded separately.,No scoped local notice found; see docs/credits.md and preserved source-pack notices.
tracks/GLB Tracks/marina_bay_street_circuit_73.png,images,tracks,61621,79797837cf8cd57bdb8b4bf3f0ee9f3925ddec0ebeee30935c0f16eda8e8dd96,retain,"Project course, runtime or authoring resource; static reachability alone cannot prove dynamic use.",See source-specific notices,Historical owner CC0 statement retained; imported metadata and scoped notices recorded separately.,No scoped local notice found; see docs/credits.md and preserved source-pack notices.
tracks/GLB Tracks/marina_bay_street_circuit_74.png,images,tracks,25195,b7c2b52e58cde5aa742e6e283b486149c16885b5b847524eeb4440ebf2b7604b,retain,"Project course, runtime or authoring resource; static reachability alone cannot prove dynamic use.",See source-specific notices,Historical owner CC0 statement retained; imported metadata and scoped notices recorded separately.,No scoped local notice found; see docs/credits.md and preserved source-pack notices.
tracks/GLB Tracks/marina_bay_street_circuit_75.png,images,tracks,27879,347733e83783d84674d987110172c115687f26c58728d4ca40a932edc6ecbb97,retain,"Project course, runtime or authoring resource; static reachability alone cannot prove dynamic use.",See source-specific notices,Historical owner CC0 statement retained; imported metadata and scoped notices recorded separately.,No scoped local notice found; see docs/credits.md and preserved source-pack notices.
tracks/GLB Tracks/marina_bay_street_circuit_76.png,images,tracks,49173,dc142da34103bd784d25943d4a9efc3faf581656619b3142ac6322891d7db048,retain,"Project course, runtime or authoring resource; static reachability alone cannot prove dynamic use.",See source-specific notices,Historical owner CC0 statement retained; imported metadata and scoped notices recorded separately.,No scoped local notice found; see docs/credits.md and preserved source-pack notices.
tracks/GLB Tracks/marina_bay_street_circuit_77.png,images,tracks,68,fd25f4ef42285707a7a70fc1afdb0ce4b537b3168072b18f17628915512f58fa,retain,"Project course, runtime or authoring resource; static reachability alone cannot prove dynamic use.",See source-specific notices,Historical owner CC0 statement retained; imported metadata and scoped notices recorded separately.,No scoped local notice found; see docs/credits.md and preserved source-pack notices.
tracks/GLB Tracks/marina_bay_street_circuit_78.png,images,tracks,21755,920a197b17dbf4a92dc1121f463445aa361593ab969b1c53a7717f679bc10896,retain,"Project course, runtime or authoring resource; static reachability alone cannot prove dynamic use.",See source-specific notices,Historical owner CC0 statement retained; imported metadata and scoped notices recorded separately.,No scoped local notice found; see docs/credits.md and preserved source-pack notices.
tracks/GLB Tracks/marina_bay_street_circuit_79.png,images,tracks,42306,8b7b41e4eab146a24c7f7c13ac21c7f124b428023750e3f7a58737997beb52b3,retain,"Project course, runtime or authoring resource; static reachability alone cannot prove dynamic use.",See source-specific notices,Historical owner CC0 statement retained; imported metadata and scoped notices recorded separately.,No scoped local notice found; see docs/credits.md and preserved source-pack notices.
tracks/GLB Tracks/marina_bay_street_circuit_8.png,images,tracks,42322,647e19b8ae513b6ec519879861abd504fdb9f5931ebb95047348519075e6b4fc,retain,"Project course, runtime or authoring resource; static reachability alone cannot prove dynamic use.",See source-specific notices,Historical owner CC0 statement retained; imported metadata and scoped notices recorded separately.,No scoped local notice found; see docs/credits.md and preserved source-pack notices.
tracks/GLB Tracks/marina_bay_street_circuit_80.png,images,tracks,84712,4265d3a717ff89ec34ab3bcff65ef468c6c6fc5bb7ebe36c840cb04240175887,retain,"Project course, runtime or authoring resource; static reachability alone cannot prove dynamic use.",See source-specific notices,Historical owner CC0 statement retained; imported metadata and scoped notices recorded separately.,No scoped local notice found; see docs/credits.md and preserved source-pack notices.
tracks/GLB Tracks/marina_bay_street_circuit_81.png,images,tracks,57149,083709de615c53578cc115715df0fae0753de62ff6171035cd42b96ecff07009,retain,"Project course, runtime or authoring resource; static reachability alone cannot prove dynamic use.",See source-specific notices,Historical owner CC0 statement retained; imported metadata and scoped notices recorded separately.,No scoped local notice found; see docs/credits.md and preserved source-pack notices.
tracks/GLB Tracks/marina_bay_street_circuit_82.png,images,tracks,54084,552952ee9bb32aa841e2a1ea7ed66b7e9b0c5f342835e20e8a877fbd18d6564e,retain,"Project course, runtime or authoring resource; static reachability alone cannot prove dynamic use.",See source-specific notices,Historical owner CC0 statement retained; imported metadata and scoped notices recorded separately.,No scoped local notice found; see docs/credits.md and preserved source-pack notices.
tracks/GLB Tracks/marina_bay_street_circuit_83.png,images,tracks,75044,1ab2988af969d5ff25f714f532e33c7e855e0b8137899d8a58bf0773d3435a62,retain,"Project course, runtime or authoring resource; static reachability alone cannot prove dynamic use.",See source-specific notices,Historical owner CC0 statement retained; imported metadata and scoped notices recorded separately.,No scoped local notice found; see docs/credits.md and preserved source-pack notices.
tracks/GLB Tracks/marina_bay_street_circuit_84.png,images,tracks,5182,8170ecb81b1c9269f70b3af13bce9998f0e0da7f56ff857430fa43dbdfa77935,retain,"Project course, runtime or authoring resource; static reachability alone cannot prove dynamic use.",See source-specific notices,Historical owner CC0 statement retained; imported metadata and scoped notices recorded separately.,No scoped local notice found; see docs/credits.md and preserved source-pack notices.
tracks/GLB Tracks/marina_bay_street_circuit_85.png,images,tracks,96187,72d754f7ec4d1860bdf00da633eab18608c243e7d73981a6eddbcca70d38d393,retain,"Project course, runtime or authoring resource; static reachability alone cannot prove dynamic use.",See source-specific notices,Historical owner CC0 statement retained; imported metadata and scoped notices recorded separately.,No scoped local notice found; see docs/credits.md and preserved source-pack notices.
tracks/GLB Tracks/marina_bay_street_circuit_86.png,images,tracks,70759,3d2f8724d2958c438067dba05bc4ee8e28ad897f1eb27a75a1797d66979b59ea,retain,"Project course, runtime or authoring resource; static reachability alone cannot prove dynamic use.",See source-specific notices,Historical owner CC0 statement retained; imported metadata and scoped notices recorded separately.,No scoped local notice found; see docs/credits.md and preserved source-pack notices.
tracks/GLB Tracks/marina_bay_street_circuit_87.png,images,tracks,38827,ea4bcc1e3a4ba81d215d34eeb8f145e8f1f2f20c4d3c6421b942700be6e12977,retain,"Project course, runtime or authoring resource; static reachability alone cannot prove dynamic use.",See source-specific notices,Historical owner CC0 statement retained; imported metadata and scoped notices recorded separately.,No scoped local notice found; see docs/credits.md and preserved source-pack notices.
tracks/GLB Tracks/marina_bay_street_circuit_88.png,images,tracks,31208,407270e00e078b5fe553ec469725cffdd9142643df94b65aec3d35894ed99949,retain,"Project course, runtime or authoring resource; static reachability alone cannot prove dynamic use.",See source-specific notices,Historical owner CC0 statement retained; imported metadata and scoped notices recorded separately.,No scoped local notice found; see docs/credits.md and preserved source-pack notices.
tracks/GLB Tracks/marina_bay_street_circuit_89.png,images,tracks,72235,524986c032f71f6d325942c345dcc3d19dcaf6ebb5ffd153b51b711fe6524e3e,retain,"Project course, runtime or authoring resource; static reachability alone cannot prove dynamic use.",See source-specific notices,Historical owner CC0 statement retained; imported metadata and scoped notices recorded separately.,No scoped local notice found; see docs/credits.md and preserved source-pack notices.
tracks/GLB Tracks/marina_bay_street_circuit_9.png,images,tracks,31360,13995e1499e07c24cdb39eee6a25ed4dc2140ed512efb9a33e09e498763a6efd,retain,"Project course, runtime or authoring resource; static reachability alone cannot prove dynamic use.",See source-specific notices,Historical owner CC0 statement retained; imported metadata and scoped notices recorded separately.,No scoped local notice found; see docs/credits.md and preserved source-pack notices.
tracks/GLB Tracks/marina_bay_street_circuit_90.png,images,tracks,51894,04c695144346f5575a1e6508d049d854add31f8214db430d86915e3c275b3519,retain,"Project course, runtime or authoring resource; static reachability alone cannot prove dynamic use.",See source-specific notices,Historical owner CC0 statement retained; imported metadata and scoped notices recorded separately.,No scoped local notice found; see docs/credits.md and preserved source-pack notices.
tracks/GLB Tracks/marina_bay_street_circuit_91.png,images,tracks,21498,1389f4cb90cfca6590c60dbadfa7d8663584a374898269d216a4e60bef50c504,retain,"Project course, runtime or authoring resource; static reachability alone cannot prove dynamic use.",See source-specific notices,Historical owner CC0 statement retained; imported metadata and scoped notices recorded separately.,No scoped local notice found; see docs/credits.md and preserved source-pack notices.
tracks/GLB Tracks/marina_bay_street_circuit_92.png,images,tracks,35361,c5b1ad90a6306f578f744ca9bd718fe1d6cf42d35bec32bf30ac00fe45f7bef5,retain,"Project course, runtime or authoring resource; static reachability alone cannot prove dynamic use.",See source-specific notices,Historical owner CC0 statement retained; imported metadata and scoped notices recorded separately.,No scoped local notice found; see docs/credits.md and preserved source-pack notices.
tracks/GLB Tracks/marina_bay_street_circuit_93.png,images,tracks,426,5ef226dae366ca1f72ee39a5effc4cd0ee00c9fbdc9eb72acf22f8fb0f7d6d85,retain,"Project course, runtime or authoring resource; static reachability alone cannot prove dynamic use.",See source-specific notices,Historical owner CC0 statement retained; imported metadata and scoped notices recorded separately.,No scoped local notice found; see docs/credits.md and preserved source-pack notices.
tracks/GLB Tracks/marina_bay_street_circuit_94.png,images,tracks,69722,d39086be46203c527ecbc612c38360e004c05ccf0e3ef428407b9dd9f9f258c2,retain,"Project course, runtime or authoring resource; static reachability alone cannot prove dynamic use.",See source-specific notices,Historical owner CC0 statement retained; imported metadata and scoped notices recorded separately.,No scoped local notice found; see docs/credits.md and preserved source-pack notices.
tracks/GLB Tracks/marina_bay_street_circuit_95.png,images,tracks,128427,96e7142282bc7e9976446463960c103a3e674365866ea1304abcd1285bf6cf0b,retain,"Project course, runtime or authoring resource; static reachability alone cannot prove dynamic use.",See source-specific notices,Historical owner CC0 statement retained; imported metadata and scoped notices recorded separately.,No scoped local notice found; see docs/credits.md and preserved source-pack notices.
tracks/GLB Tracks/marina_bay_street_circuit_96.png,images,tracks,161433,ba32f3ef821a74d3eb7d9da47a5845d801858c98f74fc5bf9bd4ac355a83cd44,retain,"Project course, runtime or authoring resource; static reachability alone cannot prove dynamic use.",See source-specific notices,Historical owner CC0 statement retained; imported metadata and scoped notices recorded separately.,No scoped local notice found; see docs/credits.md and preserved source-pack notices.
tracks/GLB Tracks/marina_bay_street_circuit_97.png,images,tracks,116526,fed435a8686b71e02fc80cc7cd23893096b8903a9092ec3ab6009ef91a73941a,retain,"Project course, runtime or authoring resource; static reachability alone cannot prove dynamic use.",See source-specific notices,Historical owner CC0 statement retained; imported metadata and scoped notices recorded separately.,No scoped local notice found; see docs/credits.md and preserved source-pack notices.
tracks/GLB Tracks/marina_bay_street_circuit_98.png,images,tracks,108003,14914466f25011ced682aabb0981e19c3c165da47b1f38a428218b47ef0836e6,retain,"Project course, runtime or authoring resource; static reachability alone cannot prove dynamic use.",See source-specific notices,Historical owner CC0 statement retained; imported metadata and scoped notices recorded separately.,No scoped local notice found; see docs/credits.md and preserved source-pack notices.
tracks/GLB Tracks/monza_circuit_1998_layout.glb,models,tracks,48771648,719d74aab2aeb47362ec4ddf9f2b826968e47f0910e9692e4b0e515b301762e2,retain,"Project course, runtime or authoring resource; static reachability alone cannot prove dynamic use.",See source-specific notices,Historical owner CC0 statement retained; imported metadata and scoped notices recorded separately.,No scoped local notice found; see docs/credits.md and preserved source-pack notices.
tracks/GLB Tracks/monza_circuit_1998_layout_0.png,images,tracks,117314,713e73a0f5367a3b8929d52d464a5a9cf750e615974029a83208bec450e03dce,retain,"Project course, runtime or authoring resource; static reachability alone cannot prove dynamic use.",See source-specific notices,Historical owner CC0 statement retained; imported metadata and scoped notices recorded separately.,No scoped local notice found; see docs/credits.md and preserved source-pack notices.
tracks/GLB Tracks/monza_circuit_1998_layout_1.png,images,tracks,28603,8b08f535fb42694ec153a80bfbcfd87e3dd8f163a3e83408a73ade5040f6814d,retain,"Project course, runtime or authoring resource; static reachability alone cannot prove dynamic use.",See source-specific notices,Historical owner CC0 statement retained; imported metadata and scoped notices recorded separately.,No scoped local notice found; see docs/credits.md and preserved source-pack notices.
tracks/GLB Tracks/monza_circuit_1998_layout_10.png,images,tracks,9432,02bc23ada38fca7f4d1513799c2b18ae787dd4c1734950d89c8062e7fbea5546,retain,"Project course, runtime or authoring resource; static reachability alone cannot prove dynamic use.",See source-specific notices,Historical owner CC0 statement retained; imported metadata and scoped notices recorded separately.,No scoped local notice found; see docs/credits.md and preserved source-pack notices.
tracks/GLB Tracks/monza_circuit_1998_layout_11.png,images,tracks,1251856,f2f277d32d37c943999bd21f9c9cd188631acb10f8d267b44e8218988e904eb8,retain,"Project course, runtime or authoring resource; static reachability alone cannot prove dynamic use.",See source-specific notices,Historical owner CC0 statement retained; imported metadata and scoped notices recorded separately.,No scoped local notice found; see docs/credits.md and preserved source-pack notices.
tracks/GLB Tracks/monza_circuit_1998_layout_12.png,images,tracks,159877,b26c8570554709a25bb915f9af65560e20a3646fbc78904ce90900e3b8d627fd,retain,"Project course, runtime or authoring resource; static reachability alone cannot prove dynamic use.",See source-specific notices,Historical owner CC0 statement retained; imported metadata and scoped notices recorded separately.,No scoped local notice found; see docs/credits.md and preserved source-pack notices.
tracks/GLB Tracks/monza_circuit_1998_layout_13.png,images,tracks,43924,d8711e6e4f7962e06e6f3f903c2327f87b9ceb24a1d87a18c5a14213517d3013,retain,"Project course, runtime or authoring resource; static reachability alone cannot prove dynamic use.",See source-specific notices,Historical owner CC0 statement retained; imported metadata and scoped notices recorded separately.,No scoped local notice found; see docs/credits.md and preserved source-pack notices.
tracks/GLB Tracks/monza_circuit_1998_layout_14.png,images,tracks,29271,f008b212c5b036e5ca387b5d5e14af481e0b92f33a2560b6553d84002e50e3d8,retain,"Project course, runtime or authoring resource; static reachability alone cannot prove dynamic use.",See source-specific notices,Historical owner CC0 statement retained; imported metadata and scoped notices recorded separately.,No scoped local notice found; see docs/credits.md and preserved source-pack notices.
tracks/GLB Tracks/monza_circuit_1998_layout_15.png,images,tracks,177100,5d0eae6167d0bcd9de2aaadec9910bfa97632f86a709488a663a96833b951588,retain,"Project course, runtime or authoring resource; static reachability alone cannot prove dynamic use.",See source-specific notices,Historical owner CC0 statement retained; imported metadata and scoped notices recorded separately.,No scoped local notice found; see docs/credits.md and preserved source-pack notices.
tracks/GLB Tracks/monza_circuit_1998_layout_16.png,images,tracks,256918,0eafba97fc8d70757d06a4e47ed38f9a9d372987c3e2ee783ee2a0dec09fb476,retain,"Project course, runtime or authoring resource; static reachability alone cannot prove dynamic use.",See source-specific notices,Historical owner CC0 statement retained; imported metadata and scoped notices recorded separately.,No scoped local notice found; see docs/credits.md and preserved source-pack notices.
tracks/GLB Tracks/monza_circuit_1998_layout_17.png,images,tracks,50567,83c2b5d5b946ed3c80db1f81d0e8d10dac05b020fe2c3de42b18553f768887f7,retain,"Project course, runtime or authoring resource; static reachability alone cannot prove dynamic use.",See source-specific notices,Historical owner CC0 statement retained; imported metadata and scoped notices recorded separately.,No scoped local notice found; see docs/credits.md and preserved source-pack notices.
tracks/GLB Tracks/monza_circuit_1998_layout_18.png,images,tracks,222865,602911c953f521e1044058410daa4320a2548e45dfbdb59355cdec75383ffc13,retain,"Project course, runtime or authoring resource; static reachability alone cannot prove dynamic use.",See source-specific notices,Historical owner CC0 statement retained; imported metadata and scoped notices recorded separately.,No scoped local notice found; see docs/credits.md and preserved source-pack notices.
tracks/GLB Tracks/monza_circuit_1998_layout_19.png,images,tracks,211913,3a4565bba14e446bbb04289fa6d7db7245cb257d0699d2066ab8c0ba6a69eec3,retain,"Project course, runtime or authoring resource; static reachability alone cannot prove dynamic use.",See source-specific notices,Historical owner CC0 statement retained; imported metadata and scoped notices recorded separately.,No scoped local notice found; see docs/credits.md and preserved source-pack notices.
tracks/GLB Tracks/monza_circuit_1998_layout_2.png,images,tracks,286207,56c6eeb86ad7302501d79a64ede19fda0214fe08155efa23844d69c51f3fa520,retain,"Project course, runtime or authoring resource; static reachability alone cannot prove dynamic use.",See source-specific notices,Historical owner CC0 statement retained; imported metadata and scoped notices recorded separately.,No scoped local notice found; see docs/credits.md and preserved source-pack notices.
tracks/GLB Tracks/monza_circuit_1998_layout_20.png,images,tracks,401381,883b2b5a57feed855c095e31109654677243fb34bc171735fd1604e51f91c6ae,retain,"Project course, runtime or authoring resource; static reachability alone cannot prove dynamic use.",See source-specific notices,Historical owner CC0 statement retained; imported metadata and scoped notices recorded separately.,No scoped local notice found; see docs/credits.md and preserved source-pack notices.
tracks/GLB Tracks/monza_circuit_1998_layout_21.png,images,tracks,584735,47d7c1bce1b17df97e36d8e51c4ac54a25125c6a7fd7d6da79a27084a4c81eee,retain,"Project course, runtime or authoring resource; static reachability alone cannot prove dynamic use.",See source-specific notices,Historical owner CC0 statement retained; imported metadata and scoped notices recorded separately.,No scoped local notice found; see docs/credits.md and preserved source-pack notices.
tracks/GLB Tracks/monza_circuit_1998_layout_22.png,images,tracks,448430,e69b571563afe968ece64307b13899d9e165d096e29fe63529c695e29d36b6d6,retain,"Project course, runtime or authoring resource; static reachability alone cannot prove dynamic use.",See source-specific notices,Historical owner CC0 statement retained; imported metadata and scoped notices recorded separately.,No scoped local notice found; see docs/credits.md and preserved source-pack notices.
tracks/GLB Tracks/monza_circuit_1998_layout_23.png,images,tracks,429960,714f5308c1d59abf62de26507cbfecdbd8ff005c67884471f49b6071679485f9,retain,"Project course, runtime or authoring resource; static reachability alone cannot prove dynamic use.",See source-specific notices,Historical owner CC0 statement retained; imported metadata and scoped notices recorded separately.,No scoped local notice found; see docs/credits.md and preserved source-pack notices.
tracks/GLB Tracks/monza_circuit_1998_layout_24.png,images,tracks,441277,1cae227544bb6e5491ae102649dbdcdc1a37b22ec0972d4e698f570c6c4e6dbd,retain,"Project course, runtime or authoring resource; static reachability alone cannot prove dynamic use.",See source-specific notices,Historical owner CC0 statement retained; imported metadata and scoped notices recorded separately.,No scoped local notice found; see docs/credits.md and preserved source-pack notices.
tracks/GLB Tracks/monza_circuit_1998_layout_25.png,images,tracks,424904,6ac7270d68523215b70a65f15e9a57f157bc9e0c6a47c76758447dce55808996,retain,"Project course, runtime or authoring resource; static reachability alone cannot prove dynamic use.",See source-specific notices,Historical owner CC0 statement retained; imported metadata and scoped notices recorded separately.,No scoped local notice found; see docs/credits.md and preserved source-pack notices.
tracks/GLB Tracks/monza_circuit_1998_layout_26.png,images,tracks,5805,83f46db2f1520023f5a77adfcf444ecf2eff5a45cdaac7e07f36e83b878c1d7c,retain,"Project course, runtime or authoring resource; static reachability alone cannot prove dynamic use.",See source-specific notices,Historical owner CC0 statement retained; imported metadata and scoped notices recorded separately.,No scoped local notice found; see docs/credits.md and preserved source-pack notices.
tracks/GLB Tracks/monza_circuit_1998_layout_27.png,images,tracks,5666,c9ffac84e6a5710eb94f74e19aa4bc6c912600c0841c17f5997ecf28154f2183,retain,"Project course, runtime or authoring resource; static reachability alone cannot prove dynamic use.",See source-specific notices,Historical owner CC0 statement retained; imported metadata and scoped notices recorded separately.,No scoped local notice found; see docs/credits.md and preserved source-pack notices.
tracks/GLB Tracks/monza_circuit_1998_layout_28.png,images,tracks,117492,2d12a5250f1ec1a3624e649327d568ee22b71641ab2be06cc862d5953bfe21cf,retain,"Project course, runtime or authoring resource; static reachability alone cannot prove dynamic use.",See source-specific notices,Historical owner CC0 statement retained; imported metadata and scoped notices recorded separately.,No scoped local notice found; see docs/credits.md and preserved source-pack notices.
tracks/GLB Tracks/monza_circuit_1998_layout_29.png,images,tracks,165607,c16eaaf10b58f3bdd8dd6c1ab5759477dc31e7b874934f7edcddf32454ec1aa5,retain,"Project course, runtime or authoring resource; static reachability alone cannot prove dynamic use.",See source-specific notices,Historical owner CC0 statement retained; imported metadata and scoped notices recorded separately.,No scoped local notice found; see docs/credits.md and preserved source-pack notices.
tracks/GLB Tracks/monza_circuit_1998_layout_3.png,images,tracks,34491,dbf9d8c4d421f0f0154110742c65a8102d60826238d5b2e6e0da9f22e7a9ce65,retain,"Project course, runtime or authoring resource; static reachability alone cannot prove dynamic use.",See source-specific notices,Historical owner CC0 statement retained; imported metadata and scoped notices recorded separately.,No scoped local notice found; see docs/credits.md and preserved source-pack notices.
tracks/GLB Tracks/monza_circuit_1998_layout_30.png,images,tracks,53632,efd1898043f4a005f29e51a8fc6b7054a52e9ee20efab08e7ea2f0476d9e2f44,retain,"Project course, runtime or authoring resource; static reachability alone cannot prove dynamic use.",See source-specific notices,Historical owner CC0 statement retained; imported metadata and scoped notices recorded separately.,No scoped local notice found; see docs/credits.md and preserved source-pack notices.
tracks/GLB Tracks/monza_circuit_1998_layout_31.png,images,tracks,59760,4d9125636d59f2944af8a103e6f028e656203d2be1cb9f9cd0d91071b8cc8900,retain,"Project course, runtime or authoring resource; static reachability alone cannot prove dynamic use.",See source-specific notices,Historical owner CC0 statement retained; imported metadata and scoped notices recorded separately.,No scoped local notice found; see docs/credits.md and preserved source-pack notices.
tracks/GLB Tracks/monza_circuit_1998_layout_32.png,images,tracks,100667,cb2636fcec42613970170195f951c54afc07cf9f1867e5dbdbad7db05cb8bdfb,retain,"Project course, runtime or authoring resource; static reachability alone cannot prove dynamic use.",See source-specific notices,Historical owner CC0 statement retained; imported metadata and scoped notices recorded separately.,No scoped local notice found; see docs/credits.md and preserved source-pack notices.
tracks/GLB Tracks/monza_circuit_1998_layout_33.png,images,tracks,18157,ab25de38922f347b86f30447c571cdb90bc27fb05a1433c32b909e5411237a32,retain,"Project course, runtime or authoring resource; static reachability alone cannot prove dynamic use.",See source-specific notices,Historical owner CC0 statement retained; imported metadata and scoped notices recorded separately.,No scoped local notice found; see docs/credits.md and preserved source-pack notices.
tracks/GLB Tracks/monza_circuit_1998_layout_34.png,images,tracks,59804,ddc9ac0b96d3af4fe5ad4d3f298d975e3e25a3db431b0388ccfe0c6078d78626,retain,"Project course, runtime or authoring resource; static reachability alone cannot prove dynamic use.",See source-specific notices,Historical owner CC0 statement retained; imported metadata and scoped notices recorded separately.,No scoped local notice found; see docs/credits.md and preserved source-pack notices.
tracks/GLB Tracks/monza_circuit_1998_layout_35.png,images,tracks,141729,b60fa02467a626d6b8ae4d8e21cc15a5f922bb4d1b85965d810e73cb685ddf1b,retain,"Project course, runtime or authoring resource; static reachability alone cannot prove dynamic use.",See source-specific notices,Historical owner CC0 statement retained; imported metadata and scoped notices recorded separately.,No scoped local notice found; see docs/credits.md and preserved source-pack notices.
tracks/GLB Tracks/monza_circuit_1998_layout_36.png,images,tracks,107532,fe8a69e420176edf0c46dbf8f123e0ba1ff58b5256c1288b1e52b6a1ec312d0d,retain,"Project course, runtime or authoring resource; static reachability alone cannot prove dynamic use.",See source-specific notices,Historical owner CC0 statement retained; imported metadata and scoped notices recorded separately.,No scoped local notice found; see docs/credits.md and preserved source-pack notices.
tracks/GLB Tracks/monza_circuit_1998_layout_37.png,images,tracks,119894,7dd37c389e64529220c31cbb74426116585e5ddaa5f03fd32a11455860c9124f,retain,"Project course, runtime or authoring resource; static reachability alone cannot prove dynamic use.",See source-specific notices,Historical owner CC0 statement retained; imported metadata and scoped notices recorded separately.,No scoped local notice found; see docs/credits.md and preserved source-pack notices.
tracks/GLB Tracks/monza_circuit_1998_layout_38.png,images,tracks,111120,16524d7acaf8f48ca32462c3f09d90cd80b36fc5441576f0ccfa13ad19ddaa06,retain,"Project course, runtime or authoring resource; static reachability alone cannot prove dynamic use.",See source-specific notices,Historical owner CC0 statement retained; imported metadata and scoped notices recorded separately.,No scoped local notice found; see docs/credits.md and preserved source-pack notices.
tracks/GLB Tracks/monza_circuit_1998_layout_39.png,images,tracks,108225,2317c165af05313718298bad6c7be0e532fd631d3053db12f7fecb4320f608c5,retain,"Project course, runtime or authoring resource; static reachability alone cannot prove dynamic use.",See source-specific notices,Historical owner CC0 statement retained; imported metadata and scoped notices recorded separately.,No scoped local notice found; see docs/credits.md and preserved source-pack notices.
tracks/GLB Tracks/monza_circuit_1998_layout_4.png,images,tracks,44641,47c59d33e12c012e1b5246d166aeb766b2d839347b524f5795fb8c1b35228bf9,retain,"Project course, runtime or authoring resource; static reachability alone cannot prove dynamic use.",See source-specific notices,Historical owner CC0 statement retained; imported metadata and scoped notices recorded separately.,No scoped local notice found; see docs/credits.md and preserved source-pack notices.
tracks/GLB Tracks/monza_circuit_1998_layout_40.png,images,tracks,55706,306d63f90891d14a55ae05ad5b7cb0ca90827f9691f7894490ae3ec6daba9340,retain,"Project course, runtime or authoring resource; static reachability alone cannot prove dynamic use.",See source-specific notices,Historical owner CC0 statement retained; imported metadata and scoped notices recorded separately.,No scoped local notice found; see docs/credits.md and preserved source-pack notices.
tracks/GLB Tracks/monza_circuit_1998_layout_41.png,images,tracks,24987,dc66eaf7e888c6b84a9912e715651561b8f522dab309b8f25de9408984887aeb,retain,"Project course, runtime or authoring resource; static reachability alone cannot prove dynamic use.",See source-specific notices,Historical owner CC0 statement retained; imported metadata and scoped notices recorded separately.,No scoped local notice found; see docs/credits.md and preserved source-pack notices.
tracks/GLB Tracks/monza_circuit_1998_layout_42.png,images,tracks,1294,d8e251f639d0db2f72a1c4d303db665f23f281e2e3acfebd9eacfb2f8716dd9f,retain,"Project course, runtime or authoring resource; static reachability alone cannot prove dynamic use.",See source-specific notices,Historical owner CC0 statement retained; imported metadata and scoped notices recorded separately.,No scoped local notice found; see docs/credits.md and preserved source-pack notices.
tracks/GLB Tracks/monza_circuit_1998_layout_43.png,images,tracks,37057,ed9de48205b9390ec2acfe86ea9070b720ceb03e9406d750ac4acef2069579cb,retain,"Project course, runtime or authoring resource; static reachability alone cannot prove dynamic use.",See source-specific notices,Historical owner CC0 statement retained; imported metadata and scoped notices recorded separately.,No scoped local notice found; see docs/credits.md and preserved source-pack notices.
tracks/GLB Tracks/monza_circuit_1998_layout_44.png,images,tracks,37811,9b88d220def11b6d64eff1ea1d988687cc531022bb6583b6f65cc4a4a917c839,retain,"Project course, runtime or authoring resource; static reachability alone cannot prove dynamic use.",See source-specific notices,Historical owner CC0 statement retained; imported metadata and scoped notices recorded separately.,No scoped local notice found; see docs/credits.md and preserved source-pack notices.
tracks/GLB Tracks/monza_circuit_1998_layout_45.png,images,tracks,1736,d46fceaf8c72f3f5b7789118d1669ef8955f52b86ce414e10e9e38870b025f19,retain,"Project course, runtime or authoring resource; static reachability alone cannot prove dynamic use.",See source-specific notices,Historical owner CC0 statement retained; imported metadata and scoped notices recorded separately.,No scoped local notice found; see docs/credits.md and preserved source-pack notices.
tracks/GLB Tracks/monza_circuit_1998_layout_46.png,images,tracks,4644,d96afaa30a36648470fd3c53620fb0831541012798af93a0e970f09430843dea,retain,"Project course, runtime or authoring resource; static reachability alone cannot prove dynamic use.",See source-specific notices,Historical owner CC0 statement retained; imported metadata and scoped notices recorded separately.,No scoped local notice found; see docs/credits.md and preserved source-pack notices.
tracks/GLB Tracks/monza_circuit_1998_layout_47.png,images,tracks,22947,a004edd124e14d847a7fc566570abe1ad6bb9f5dd2f6ef134066383f913d6cec,retain,"Project course, runtime or authoring resource; static reachability alone cannot prove dynamic use.",See source-specific notices,Historical owner CC0 statement retained; imported metadata and scoped notices recorded separately.,No scoped local notice found; see docs/credits.md and preserved source-pack notices.
tracks/GLB Tracks/monza_circuit_1998_layout_48.png,images,tracks,52898,e45ae0c18c6641fcf7633533b1d4637efff55c5fbf2b46633276b507490fcb1a,retain,"Project course, runtime or authoring resource; static reachability alone cannot prove dynamic use.",See source-specific notices,Historical owner CC0 statement retained; imported metadata and scoped notices recorded separately.,No scoped local notice found; see docs/credits.md and preserved source-pack notices.
tracks/GLB Tracks/monza_circuit_1998_layout_49.png,images,tracks,53492,1bcf04a5c0f84e5dcd2ae25ca09e21e1a01259f435b7eb36f9928eb86e202109,retain,"Project course, runtime or authoring resource; static reachability alone cannot prove dynamic use.",See source-specific notices,Historical owner CC0 statement retained; imported metadata and scoped notices recorded separately.,No scoped local notice found; see docs/credits.md and preserved source-pack notices.
tracks/GLB Tracks/monza_circuit_1998_layout_5.png,images,tracks,142520,d44aa6bfc9814ee2f3ad8b0c3270e5899b52bf32424f88f7db0901e79c71e2c5,retain,"Project course, runtime or authoring resource; static reachability alone cannot prove dynamic use.",See source-specific notices,Historical owner CC0 statement retained; imported metadata and scoped notices recorded separately.,No scoped local notice found; see docs/credits.md and preserved source-pack notices.
tracks/GLB Tracks/monza_circuit_1998_layout_50.png,images,tracks,5416,cc7c154d63f5136746b0e31eba99b0aa0e933cb75524299223ff1e64f3335578,retain,"Project course, runtime or authoring resource; static reachability alone cannot prove dynamic use.",See source-specific notices,Historical owner CC0 statement retained; imported metadata and scoped notices recorded separately.,No scoped local notice found; see docs/credits.md and preserved source-pack notices.
tracks/GLB Tracks/monza_circuit_1998_layout_51.png,images,tracks,105570,17ff6ac1378bc9c3f7ec24b58b3406dc5c12276e891f58cdb928a2f5fb8970f8,retain,"Project course, runtime or authoring resource; static reachability alone cannot prove dynamic use.",See source-specific notices,Historical owner CC0 statement retained; imported metadata and scoped notices recorded separately.,No scoped local notice found; see docs/credits.md and preserved source-pack notices.
tracks/GLB Tracks/monza_circuit_1998_layout_52.png,images,tracks,3489,c023f464dd0436fa9696ba254b3d79e7072b8b90ef235bada4821f75c719658f,retain,"Project course, runtime or authoring resource; static reachability alone cannot prove dynamic use.",See source-specific notices,Historical owner CC0 statement retained; imported metadata and scoped notices recorded separately.,No scoped local notice found; see docs/credits.md and preserved source-pack notices.
tracks/GLB Tracks/monza_circuit_1998_layout_53.png,images,tracks,11113,ac655c2940711757351b05461ddd4320484b7c5d5559c1572c6e3a1613f2182a,retain,"Project course, runtime or authoring resource; static reachability alone cannot prove dynamic use.",See source-specific notices,Historical owner CC0 statement retained; imported metadata and scoped notices recorded separately.,No scoped local notice found; see docs/credits.md and preserved source-pack notices.
tracks/GLB Tracks/monza_circuit_1998_layout_54.png,images,tracks,126486,15d84553e0fc1db26c5e452d399e393225f79b131c4d9b558914876a582ff28e,retain,"Project course, runtime or authoring resource; static reachability alone cannot prove dynamic use.",See source-specific notices,Historical owner CC0 statement retained; imported metadata and scoped notices recorded separately.,No scoped local notice found; see docs/credits.md and preserved source-pack notices.
tracks/GLB Tracks/monza_circuit_1998_layout_55.png,images,tracks,39839,81c755ec4991990cd6aa2f28fb0b68b33b11c9c5402a8ac10981baaae4e07e5f,retain,"Project course, runtime or authoring resource; static reachability alone cannot prove dynamic use.",See source-specific notices,Historical owner CC0 statement retained; imported metadata and scoped notices recorded separately.,No scoped local notice found; see docs/credits.md and preserved source-pack notices.
tracks/GLB Tracks/monza_circuit_1998_layout_56.png,images,tracks,29180,2c586796dbabfc76a68c12ec0e3014aca4dd1cb7328c5ca22895905a2d791070,retain,"Project course, runtime or authoring resource; static reachability alone cannot prove dynamic use.",See source-specific notices,Historical owner CC0 statement retained; imported metadata and scoped notices recorded separately.,No scoped local notice found; see docs/credits.md and preserved source-pack notices.
tracks/GLB Tracks/monza_circuit_1998_layout_57.png,images,tracks,92976,4547d0c2ca5540fd460fb177041280d69b4850d538f72784d8b9ac4602a9f7f5,retain,"Project course, runtime or authoring resource; static reachability alone cannot prove dynamic use.",See source-specific notices,Historical owner CC0 statement retained; imported metadata and scoped notices recorded separately.,No scoped local notice found; see docs/credits.md and preserved source-pack notices.
tracks/GLB Tracks/monza_circuit_1998_layout_58.png,images,tracks,117156,bffcaa9d47446a5ccab1f53900a53525cfedfa13d3177c8561de4cf332cf1225,retain,"Project course, runtime or authoring resource; static reachability alone cannot prove dynamic use.",See source-specific notices,Historical owner CC0 statement retained; imported metadata and scoped notices recorded separately.,No scoped local notice found; see docs/credits.md and preserved source-pack notices.
tracks/GLB Tracks/monza_circuit_1998_layout_59.png,images,tracks,269027,0f01585daa1d71c224797e0c01bf8a9a51ba80d9f60f02fded1b6c401677cb55,retain,"Project course, runtime or authoring resource; static reachability alone cannot prove dynamic use.",See source-specific notices,Historical owner CC0 statement retained; imported metadata and scoped notices recorded separately.,No scoped local notice found; see docs/credits.md and preserved source-pack notices.
tracks/GLB Tracks/monza_circuit_1998_layout_6.png,images,tracks,48246,c9e001648e78094769a292d3aee7db63ac994760df49f7ebca06561df50f84b0,retain,"Project course, runtime or authoring resource; static reachability alone cannot prove dynamic use.",See source-specific notices,Historical owner CC0 statement retained; imported metadata and scoped notices recorded separately.,No scoped local notice found; see docs/credits.md and preserved source-pack notices.
tracks/GLB Tracks/monza_circuit_1998_layout_60.png,images,tracks,213187,7171a8d522c0a01f88bbb96d5f3df484bf0e76cf6c9ba9a08efa89d158b4ef29,retain,"Project course, runtime or authoring resource; static reachability alone cannot prove dynamic use.",See source-specific notices,Historical owner CC0 statement retained; imported metadata and scoped notices recorded separately.,No scoped local notice found; see docs/credits.md and preserved source-pack notices.
tracks/GLB Tracks/monza_circuit_1998_layout_61.png,images,tracks,62912,00dcd9e7786a3ee521c3a64473b325def23433ad2a4a2a36e0ce220f4542c276,retain,"Project course, runtime or authoring resource; static reachability alone cannot prove dynamic use.",See source-specific notices,Historical owner CC0 statement retained; imported metadata and scoped notices recorded separately.,No scoped local notice found; see docs/credits.md and preserved source-pack notices.
tracks/GLB Tracks/monza_circuit_1998_layout_62.png,images,tracks,20441,20b3b64f054545c3fdae7b98103b88b3d4ab4482fe18a5fd9b695aa121c3cdca,retain,"Project course, runtime or authoring resource; static reachability alone cannot prove dynamic use.",See source-specific notices,Historical owner CC0 statement retained; imported metadata and scoped notices recorded separately.,No scoped local notice found; see docs/credits.md and preserved source-pack notices.
tracks/GLB Tracks/monza_circuit_1998_layout_63.png,images,tracks,117347,a6cdf17435896127c040d391dbe3eb36726a44b3d25219feab8790d1d459da09,retain,"Project course, runtime or authoring resource; static reachability alone cannot prove dynamic use.",See source-specific notices,Historical owner CC0 statement retained; imported metadata and scoped notices recorded separately.,No scoped local notice found; see docs/credits.md and preserved source-pack notices.
tracks/GLB Tracks/monza_circuit_1998_layout_64.png,images,tracks,4788,50723019f8b4f8924b95ae349392f488eec0d62a8e5af66eabd7e8391664229d,retain,"Project course, runtime or authoring resource; static reachability alone cannot prove dynamic use.",See source-specific notices,Historical owner CC0 statement retained; imported metadata and scoped notices recorded separately.,No scoped local notice found; see docs/credits.md and preserved source-pack notices.
tracks/GLB Tracks/monza_circuit_1998_layout_65.png,images,tracks,175677,a99bcdc70acd7d52b3579fa66f4bf401c741b90ed5046147a0814cc4ac628ce4,retain,"Project course, runtime or authoring resource; static reachability alone cannot prove dynamic use.",See source-specific notices,Historical owner CC0 statement retained; imported metadata and scoped notices recorded separately.,No scoped local notice found; see docs/credits.md and preserved source-pack notices.
tracks/GLB Tracks/monza_circuit_1998_layout_66.png,images,tracks,90494,9f465c421af94547be08df3439123162a4aae21f5057bc1be01f010c7345ee31,retain,"Project course, runtime or authoring resource; static reachability alone cannot prove dynamic use.",See source-specific notices,Historical owner CC0 statement retained; imported metadata and scoped notices recorded separately.,No scoped local notice found; see docs/credits.md and preserved source-pack notices.
tracks/GLB Tracks/monza_circuit_1998_layout_67.png,images,tracks,264551,09215ce83df4c8dc8e58f994ac4be29fc4ac197b6aafc9f0c5d5e85e80952ee3,retain,"Project course, runtime or authoring resource; static reachability alone cannot prove dynamic use.",See source-specific notices,Historical owner CC0 statement retained; imported metadata and scoped notices recorded separately.,No scoped local notice found; see docs/credits.md and preserved source-pack notices.
tracks/GLB Tracks/monza_circuit_1998_layout_68.png,images,tracks,99731,33d4ed1021a8a8b6a337b5326d384468d54999ce99fa0a55b792f4441f784d69,retain,"Project course, runtime or authoring resource; static reachability alone cannot prove dynamic use.",See source-specific notices,Historical owner CC0 statement retained; imported metadata and scoped notices recorded separately.,No scoped local notice found; see docs/credits.md and preserved source-pack notices.
tracks/GLB Tracks/monza_circuit_1998_layout_69.png,images,tracks,61596,737df0bc8b65075ef100342cdab69cdef0e4fab91062d9ff1ceb51e624f099b5,retain,"Project course, runtime or authoring resource; static reachability alone cannot prove dynamic use.",See source-specific notices,Historical owner CC0 statement retained; imported metadata and scoped notices recorded separately.,No scoped local notice found; see docs/credits.md and preserved source-pack notices.
tracks/GLB Tracks/monza_circuit_1998_layout_7.png,images,tracks,111350,3d5c65ebd1769f52004b9404d38d871f0517bea4dfd419c261db78466c1004cb,retain,"Project course, runtime or authoring resource; static reachability alone cannot prove dynamic use.",See source-specific notices,Historical owner CC0 statement retained; imported metadata and scoped notices recorded separately.,No scoped local notice found; see docs/credits.md and preserved source-pack notices.
tracks/GLB Tracks/monza_circuit_1998_layout_70.png,images,tracks,32933,d5ccc7a533fdcf545a345897b766132c75682fe6bd77dc032bc780902b249421,retain,"Project course, runtime or authoring resource; static reachability alone cannot prove dynamic use.",See source-specific notices,Historical owner CC0 statement retained; imported metadata and scoped notices recorded separately.,No scoped local notice found; see docs/credits.md and preserved source-pack notices.
tracks/GLB Tracks/monza_circuit_1998_layout_71.png,images,tracks,321857,1ff8cce6dd33a143179305124bea3e3a4d518a69a25b6d68ff825b313a73262b,retain,"Project course, runtime or authoring resource; static reachability alone cannot prove dynamic use.",See source-specific notices,Historical owner CC0 statement retained; imported metadata and scoped notices recorded separately.,No scoped local notice found; see docs/credits.md and preserved source-pack notices.
tracks/GLB Tracks/monza_circuit_1998_layout_72.png,images,tracks,287993,a62d3bab41acc99715b63a51f8df154da1f88ac1a18f775d9f0385a5dbf3ab54,retain,"Project course, runtime or authoring resource; static reachability alone cannot prove dynamic use.",See source-specific notices,Historical owner CC0 statement retained; imported metadata and scoped notices recorded separately.,No scoped local notice found; see docs/credits.md and preserved source-pack notices.
tracks/GLB Tracks/monza_circuit_1998_layout_73.png,images,tracks,149918,0d6c25418e078289830a5922d42f594c1bc8b205ab8154e3f5943ac7efcbecd6,retain,"Project course, runtime or authoring resource; static reachability alone cannot prove dynamic use.",See source-specific notices,Historical owner CC0 statement retained; imported metadata and scoped notices recorded separately.,No scoped local notice found; see docs/credits.md and preserved source-pack notices.
tracks/GLB Tracks/monza_circuit_1998_layout_74.png,images,tracks,59314,fd31882eb5e0aba17fcfbf3c1c65f610de2dbd3080e6b1db71c6cbe273b366eb,retain,"Project course, runtime or authoring resource; static reachability alone cannot prove dynamic use.",See source-specific notices,Historical owner CC0 statement retained; imported metadata and scoped notices recorded separately.,No scoped local notice found; see docs/credits.md and preserved source-pack notices.
tracks/GLB Tracks/monza_circuit_1998_layout_75.png,images,tracks,92100,9e969e2ffb1202f40cd9e7620510c860a6b98ab1f627ab8c8d59e2a838dde31d,retain,"Project course, runtime or authoring resource; static reachability alone cannot prove dynamic use.",See source-specific notices,Historical owner CC0 statement retained; imported metadata and scoped notices recorded separately.,No scoped local notice found; see docs/credits.md and preserved source-pack notices.
tracks/GLB Tracks/monza_circuit_1998_layout_76.png,images,tracks,70314,72323e5c0cf0ffd361246e1402b40a0c0e9ddf4b285bbb491e62a0c83e108e95,retain,"Project course, runtime or authoring resource; static reachability alone cannot prove dynamic use.",See source-specific notices,Historical owner CC0 statement retained; imported metadata and scoped notices recorded separately.,No scoped local notice found; see docs/credits.md and preserved source-pack notices.
tracks/GLB Tracks/monza_circuit_1998_layout_77.png,images,tracks,104217,b606d5a0b732f2e0541a444bcb43b17249d38241760a54a1bcb2a7f6b5cd937c,retain,"Project course, runtime or authoring resource; static reachability alone cannot prove dynamic use.",See source-specific notices,Historical owner CC0 statement retained; imported metadata and scoped notices recorded separately.,No scoped local notice found; see docs/credits.md and preserved source-pack notices.
tracks/GLB Tracks/monza_circuit_1998_layout_78.png,images,tracks,120262,2f57373bb8b1ae8d1dbb53e297d38f3493425563f0585e8cac8e41d5810a818a,retain,"Project course, runtime or authoring resource; static reachability alone cannot prove dynamic use.",See source-specific notices,Historical owner CC0 statement retained; imported metadata and scoped notices recorded separately.,No scoped local notice found; see docs/credits.md and preserved source-pack notices.
tracks/GLB Tracks/monza_circuit_1998_layout_79.png,images,tracks,110258,3e122868abb721de5672cc8525aba1cbd45046c7b92e7c4a9e06bb62d61c213a,retain,"Project course, runtime or authoring resource; static reachability alone cannot prove dynamic use.",See source-specific notices,Historical owner CC0 statement retained; imported metadata and scoped notices recorded separately.,No scoped local notice found; see docs/credits.md and preserved source-pack notices.
tracks/GLB Tracks/monza_circuit_1998_layout_8.png,images,tracks,61915,652ebe595e89d528171ac101ce9cd3ad986ed8d14beeb0fdb418da6185ec010a,retain,"Project course, runtime or authoring resource; static reachability alone cannot prove dynamic use.",See source-specific notices,Historical owner CC0 statement retained; imported metadata and scoped notices recorded separately.,No scoped local notice found; see docs/credits.md and preserved source-pack notices.
tracks/GLB Tracks/monza_circuit_1998_layout_80.png,images,tracks,477658,e9059180a48cb5cfbf1c767e0a6b6fcc123a2c97694fb3f849b9d676a515c707,retain,"Project course, runtime or authoring resource; static reachability alone cannot prove dynamic use.",See source-specific notices,Historical owner CC0 statement retained; imported metadata and scoped notices recorded separately.,No scoped local notice found; see docs/credits.md and preserved source-pack notices.
tracks/GLB Tracks/monza_circuit_1998_layout_81.png,images,tracks,3703748,59abfd923ad2656459280d352b9b0fa9f277f71400edce851117da106319161d,retain,"Project course, runtime or authoring resource; static reachability alone cannot prove dynamic use.",See source-specific notices,Historical owner CC0 statement retained; imported metadata and scoped notices recorded separately.,No scoped local notice found; see docs/credits.md and preserved source-pack notices.
tracks/GLB Tracks/monza_circuit_1998_layout_82.png,images,tracks,3836858,a856efd54e89c414fc6de96779d1209779474a1455a53eea003b569328c11279,retain,"Project course, runtime or authoring resource; static reachability alone cannot prove dynamic use.",See source-specific notices,Historical owner CC0 statement retained; imported metadata and scoped notices recorded separately.,No scoped local notice found; see docs/credits.md and preserved source-pack notices.
tracks/GLB Tracks/monza_circuit_1998_layout_83.png,images,tracks,3689549,3e47fddca86849c56ee0c76769909da2923c1e1cf798f1d4d751e69a682fbeec,retain,"Project course, runtime or authoring resource; static reachability alone cannot prove dynamic use.",See source-specific notices,Historical owner CC0 statement retained; imported metadata and scoped notices recorded separately.,No scoped local notice found; see docs/credits.md and preserved source-pack notices.
tracks/GLB Tracks/monza_circuit_1998_layout_84.png,images,tracks,667075,d54e24ad152acea9d371dd173b30c37373ed09e5dcf9deee278ebbc93d0f2bbd,retain,"Project course, runtime or authoring resource; static reachability alone cannot prove dynamic use.",See source-specific notices,Historical owner CC0 statement retained; imported metadata and scoped notices recorded separately.,No scoped local notice found; see docs/credits.md and preserved source-pack notices.
tracks/GLB Tracks/monza_circuit_1998_layout_85.png,images,tracks,2345968,c3a94322b73cb6f5f2b843f7f06b6a04eb9711291dc5563bc43bf6fc5ec8997e,retain,"Project course, runtime or authoring resource; static reachability alone cannot prove dynamic use.",See source-specific notices,Historical owner CC0 statement retained; imported metadata and scoped notices recorded separately.,No scoped local notice found; see docs/credits.md and preserved source-pack notices.
tracks/GLB Tracks/monza_circuit_1998_layout_86.png,images,tracks,120265,3f755b53091e8ece22dafc04c138f8f00b0e575b72ad0ba71850ef61ee1ba14f,retain,"Project course, runtime or authoring resource; static reachability alone cannot prove dynamic use.",See source-specific notices,Historical owner CC0 statement retained; imported metadata and scoped notices recorded separately.,No scoped local notice found; see docs/credits.md and preserved source-pack notices.
tracks/GLB Tracks/monza_circuit_1998_layout_87.png,images,tracks,1686349,e027059f54e607e35124f68e19d32eb079cc0dfef55e50fd3624b8ce88411807,retain,"Project course, runtime or authoring resource; static reachability alone cannot prove dynamic use.",See source-specific notices,Historical owner CC0 statement retained; imported metadata and scoped notices recorded separately.,No scoped local notice found; see docs/credits.md and preserved source-pack notices.
tracks/GLB Tracks/monza_circuit_1998_layout_88.png,images,tracks,171365,677139ffbdb36d74da69d76a4e759fde5a14e32cbf924d556db4b3dd3720b80e,retain,"Project course, runtime or authoring resource; static reachability alone cannot prove dynamic use.",See source-specific notices,Historical owner CC0 statement retained; imported metadata and scoped notices recorded separately.,No scoped local notice found; see docs/credits.md and preserved source-pack notices.
tracks/GLB Tracks/monza_circuit_1998_layout_89.png,images,tracks,3718317,5e5ae0b0812ce2f509e2587393d3b1189cb2f2dd21fd49a302e953bfe4f2afc7,retain,"Project course, runtime or authoring resource; static reachability alone cannot prove dynamic use.",See source-specific notices,Historical owner CC0 statement retained; imported metadata and scoped notices recorded separately.,No scoped local notice found; see docs/credits.md and preserved source-pack notices.
tracks/GLB Tracks/monza_circuit_1998_layout_9.png,images,tracks,139099,230b949d4810d8d3ab09f3f2d027be94aaeb88dfb726928af2fa76d105272a4e,retain,"Project course, runtime or authoring resource; static reachability alone cannot prove dynamic use.",See source-specific notices,Historical owner CC0 statement retained; imported metadata and scoped notices recorded separately.,No scoped local notice found; see docs/credits.md and preserved source-pack notices.
tracks/GLB Tracks/monza_circuit_1998_layout_90.png,images,tracks,3332067,ea6e729d51c81d8cd29bb9cc9f4ef8d90a06e4456ba64251b6fdfee2cf7418f4,retain,"Project course, runtime or authoring resource; static reachability alone cannot prove dynamic use.",See source-specific notices,Historical owner CC0 statement retained; imported metadata and scoped notices recorded separately.,No scoped local notice found; see docs/credits.md and preserved source-pack notices.
tracks/GLB Tracks/monza_circuit_1998_layout_91.png,images,tracks,251183,a5a33a52de5991a66156966631cdca558d34effca7dd4e700e8e89c97988646e,retain,"Project course, runtime or authoring resource; static reachability alone cannot prove dynamic use.",See source-specific notices,Historical owner CC0 statement retained; imported metadata and scoped notices recorded separately.,No scoped local notice found; see docs/credits.md and preserved source-pack notices.
tracks/GLB Tracks/monza_circuit_1998_layout_92.png,images,tracks,88544,8fcd48612f391e43c9c17235368d029f558d1c2705ca495d1cb34b2c0c0d269d,retain,"Project course, runtime or authoring resource; static reachability alone cannot prove dynamic use.",See source-specific notices,Historical owner CC0 statement retained; imported metadata and scoped notices recorded separately.,No scoped local notice found; see docs/credits.md and preserved source-pack notices.
tracks/GLB Tracks/monza_circuit_1998_layout_93.png,images,tracks,18934,69dd03d807698d328aef0c75249502c1537a68e4e60b7ac186edc4dbcae5ca82,retain,"Project course, runtime or authoring resource; static reachability alone cannot prove dynamic use.",See source-specific notices,Historical owner CC0 statement retained; imported metadata and scoped notices recorded separately.,No scoped local notice found; see docs/credits.md and preserved source-pack notices.
tracks/GLB Tracks/monza_circuit_1998_layout_94.png,images,tracks,18728,1a99d6194a29173fd4468d102377f8103b34f426acc2da0f07e896b2811a82f5,retain,"Project course, runtime or authoring resource; static reachability alone cannot prove dynamic use.",See source-specific notices,Historical owner CC0 statement retained; imported metadata and scoped notices recorded separately.,No scoped local notice found; see docs/credits.md and preserved source-pack notices.
tracks/GLB Tracks/monza_circuit_1998_layout_95.png,images,tracks,7310,31440c7ecdb7852bb0fcbb21c3520d0cc26cc7c6f41ad92203a8a58ccb5d65ba,retain,"Project course, runtime or authoring resource; static reachability alone cannot prove dynamic use.",See source-specific notices,Historical owner CC0 statement retained; imported metadata and scoped notices recorded separately.,No scoped local notice found; see docs/credits.md and preserved source-pack notices.
tracks/GLB Tracks/monza_circuit_1998_layout_96.png,images,tracks,551977,971fdd457c0d888d709b4d4ab6f49fc2d4aa2f0adef78470152acecc6595f961,retain,"Project course, runtime or authoring resource; static reachability alone cannot prove dynamic use.",See source-specific notices,Historical owner CC0 statement retained; imported metadata and scoped notices recorded separately.,No scoped local notice found; see docs/credits.md and preserved source-pack notices.
tracks/GLB Tracks/monza_circuit_1998_layout_97.png,images,tracks,547422,869f7059a493953ec5cc5d7f1f2597041fb45f95057c611f55d75ceb6427a7b6,retain,"Project course, runtime or authoring resource; static reachability alone cannot prove dynamic use.",See source-specific notices,Historical owner CC0 statement retained; imported metadata and scoped notices recorded separately.,No scoped local notice found; see docs/credits.md and preserved source-pack notices.
tracks/GLB Tracks/monza_circuit_1998_layout_98.png,images,tracks,5774,c77b98357eb8d39bd8abebdc3c3201cf317069f7fac9d4d8d6c951506104a740,retain,"Project course, runtime or authoring resource; static reachability alone cannot prove dynamic use.",See source-specific notices,Historical owner CC0 statement retained; imported metadata and scoped notices recorded separately.,No scoped local notice found; see docs/credits.md and preserved source-pack notices.
tracks/GLB Tracks/nurburgring_gp_2016_layout.glb,models,tracks,91679016,5a87c64019ea7872eb0512d6700640fc0a1796bd56accf2283e1bdf5621268e5,retain,"Project course, runtime or authoring resource; static reachability alone cannot prove dynamic use.",See source-specific notices,Historical owner CC0 statement retained; imported metadata and scoped notices recorded separately.,No scoped local notice found; see docs/credits.md and preserved source-pack notices.
tracks/GLB Tracks/nurburgring_gp_2016_layout_0.png,images,tracks,1960,54c9b28c9923a4f8c4f24e3dd841a0701ffd7ea9e1c5de5b6ee4b97a95fde8fd,retain,"Project course, runtime or authoring resource; static reachability alone cannot prove dynamic use.",See source-specific notices,Historical owner CC0 statement retained; imported metadata and scoped notices recorded separately.,No scoped local notice found; see docs/credits.md and preserved source-pack notices.
tracks/GLB Tracks/nurburgring_gp_2016_layout_1.png,images,tracks,3957,c8ef2db0e2cb781ec96bb8cb55bdee8f10a64d8690e83c3f1c4e67bb2710b06a,retain,"Project course, runtime or authoring resource; static reachability alone cannot prove dynamic use.",See source-specific notices,Historical owner CC0 statement retained; imported metadata and scoped notices recorded separately.,No scoped local notice found; see docs/credits.md and preserved source-pack notices.
tracks/GLB Tracks/nurburgring_gp_2016_layout_10.png,images,tracks,3862793,f940880a8b47669d1fb003f148669b205b2322fa915650f2516b75e4aec64386,retain,"Project course, runtime or authoring resource; static reachability alone cannot prove dynamic use.",See source-specific notices,Historical owner CC0 statement retained; imported metadata and scoped notices recorded separately.,No scoped local notice found; see docs/credits.md and preserved source-pack notices.
tracks/GLB Tracks/nurburgring_gp_2016_layout_11.png,images,tracks,2608353,19d49ca9e2181ab46d361565740d4c841b3be42c10e120f644165588ef770836,retain,"Project course, runtime or authoring resource; static reachability alone cannot prove dynamic use.",See source-specific notices,Historical owner CC0 statement retained; imported metadata and scoped notices recorded separately.,No scoped local notice found; see docs/credits.md and preserved source-pack notices.
tracks/GLB Tracks/nurburgring_gp_2016_layout_12.png,images,tracks,2134102,9ad16400e70da0453383573ea7d948f0a1a2bef2f5a4a5e3c958d9da63191b2f,retain,"Project course, runtime or authoring resource; static reachability alone cannot prove dynamic use.",See source-specific notices,Historical owner CC0 statement retained; imported metadata and scoped notices recorded separately.,No scoped local notice found; see docs/credits.md and preserved source-pack notices.
tracks/GLB Tracks/nurburgring_gp_2016_layout_13.png,images,tracks,15789596,fa91d987ac1dcfd03b198e5ded171b48a8f432be4e68b87c892550e1b5f03373,retain,"Project course, runtime or authoring resource; static reachability alone cannot prove dynamic use.",See source-specific notices,Historical owner CC0 statement retained; imported metadata and scoped notices recorded separately.,No scoped local notice found; see docs/credits.md and preserved source-pack notices.
tracks/GLB Tracks/nurburgring_gp_2016_layout_14.png,images,tracks,69138,09bed29ad4ac60ffcb568caa2d9779e0cac9e6bf2a28ed9efef2282e1eb97c6a,retain,"Project course, runtime or authoring resource; static reachability alone cannot prove dynamic use.",See source-specific notices,Historical owner CC0 statement retained; imported metadata and scoped notices recorded separately.,No scoped local notice found; see docs/credits.md and preserved source-pack notices.
tracks/GLB Tracks/nurburgring_gp_2016_layout_15.png,images,tracks,6453,d0af992e025ea81b2946ff11c7cb45f4eddbff0fedbed3ce35cf701e70a08f26,retain,"Project course, runtime or authoring resource; static reachability alone cannot prove dynamic use.",See source-specific notices,Historical owner CC0 statement retained; imported metadata and scoped notices recorded separately.,No scoped local notice found; see docs/credits.md and preserved source-pack notices.
tracks/GLB Tracks/nurburgring_gp_2016_layout_16.png,images,tracks,3788934,0fd6918e9fef9f6f483e7ea029db9fef7f75a689705dad1bcaab58d8e4876088,retain,"Project course, runtime or authoring resource; static reachability alone cannot prove dynamic use.",See source-specific notices,Historical owner CC0 statement retained; imported metadata and scoped notices recorded separately.,No scoped local notice found; see docs/credits.md and preserved source-pack notices.
tracks/GLB Tracks/nurburgring_gp_2016_layout_17.png,images,tracks,4815597,57358c8c256533b25159bc03a362119fd38f05ddc46d0592b53612f755f5585c,retain,"Project course, runtime or authoring resource; static reachability alone cannot prove dynamic use.",See source-specific notices,Historical owner CC0 statement retained; imported metadata and scoped notices recorded separately.,No scoped local notice found; see docs/credits.md and preserved source-pack notices.
tracks/GLB Tracks/nurburgring_gp_2016_layout_18.png,images,tracks,4163945,0e91b23bb50408a410a6bd4ba6d8e2fac0d7cf6f10b609a0df25f8197bb197cd,retain,"Project course, runtime or authoring resource; static reachability alone cannot prove dynamic use.",See source-specific notices,Historical owner CC0 statement retained; imported metadata and scoped notices recorded separately.,No scoped local notice found; see docs/credits.md and preserved source-pack notices.
tracks/GLB Tracks/nurburgring_gp_2016_layout_19.png,images,tracks,61034,7cbbff62e8dfa49613a55a069c062fdc1a0c5e3584c36bf451b625d9f9e60703,retain,"Project course, runtime or authoring resource; static reachability alone cannot prove dynamic use.",See source-specific notices,Historical owner CC0 statement retained; imported metadata and scoped notices recorded separately.,No scoped local notice found; see docs/credits.md and preserved source-pack notices.
tracks/GLB Tracks/nurburgring_gp_2016_layout_2.png,images,tracks,1852,35136488df6f7b428e112c54bac3ec53dc39dc9d596a15e6b72d16cf6dee4075,retain,"Project course, runtime or authoring resource; static reachability alone cannot prove dynamic use.",See source-specific notices,Historical owner CC0 statement retained; imported metadata and scoped notices recorded separately.,No scoped local notice found; see docs/credits.md and preserved source-pack notices.
tracks/GLB Tracks/nurburgring_gp_2016_layout_20.png,images,tracks,1350481,cd385b2a3f3967774450f8a9139536950d1de04e3473f69187122ef23646f800,retain,"Project course, runtime or authoring resource; static reachability alone cannot prove dynamic use.",See source-specific notices,Historical owner CC0 statement retained; imported metadata and scoped notices recorded separately.,No scoped local notice found; see docs/credits.md and preserved source-pack notices.
tracks/GLB Tracks/nurburgring_gp_2016_layout_21.png,images,tracks,5951178,cc5756987d543bbbe994701f018dc35baad810df625b21f512bfe91079aef408,retain,"Project course, runtime or authoring resource; static reachability alone cannot prove dynamic use.",See source-specific notices,Historical owner CC0 statement retained; imported metadata and scoped notices recorded separately.,No scoped local notice found; see docs/credits.md and preserved source-pack notices.
tracks/GLB Tracks/nurburgring_gp_2016_layout_22.png,images,tracks,1567,aa5af8a0fa23016d9f31ceb93448330804eca530139a6a2e8cf7b45eef8cdc32,retain,"Project course, runtime or authoring resource; static reachability alone cannot prove dynamic use.",See source-specific notices,Historical owner CC0 statement retained; imported metadata and scoped notices recorded separately.,No scoped local notice found; see docs/credits.md and preserved source-pack notices.
tracks/GLB Tracks/nurburgring_gp_2016_layout_23.png,images,tracks,117607,02b1f6d4888caacddfe6ba890b9d64b800c3ef5b42b2a35f767fcc531960a54b,retain,"Project course, runtime or authoring resource; static reachability alone cannot prove dynamic use.",See source-specific notices,Historical owner CC0 statement retained; imported metadata and scoped notices recorded separately.,No scoped local notice found; see docs/credits.md and preserved source-pack notices.
tracks/GLB Tracks/nurburgring_gp_2016_layout_24.png,images,tracks,4833,030f4ed8262e145a59fd646b0c0d93ba70acad3a6c83f4cc228a2c0131ab963c,retain,"Project course, runtime or authoring resource; static reachability alone cannot prove dynamic use.",See source-specific notices,Historical owner CC0 statement retained; imported metadata and scoped notices recorded separately.,No scoped local notice found; see docs/credits.md and preserved source-pack notices.
tracks/GLB Tracks/nurburgring_gp_2016_layout_25.png,images,tracks,1753762,e9fa90650be972cf7f0c6267d273931e51f1f4f020eef387ff641c18794ebf13,retain,"Project course, runtime or authoring resource; static reachability alone cannot prove dynamic use.",See source-specific notices,Historical owner CC0 statement retained; imported metadata and scoped notices recorded separately.,No scoped local notice found; see docs/credits.md and preserved source-pack notices.
tracks/GLB Tracks/nurburgring_gp_2016_layout_26.png,images,tracks,566975,d06ac394e69cb17f1470208539e128947f7149a003d782a686702b86a79f8321,retain,"Project course, runtime or authoring resource; static reachability alone cannot prove dynamic use.",See source-specific notices,Historical owner CC0 statement retained; imported metadata and scoped notices recorded separately.,No scoped local notice found; see docs/credits.md and preserved source-pack notices.
tracks/GLB Tracks/nurburgring_gp_2016_layout_27.png,images,tracks,5463671,e009113262e04531bb0d1fe1bd9ba9bbfa38ce57e3720b2947671d44bc42447d,retain,"Project course, runtime or authoring resource; static reachability alone cannot prove dynamic use.",See source-specific notices,Historical owner CC0 statement retained; imported metadata and scoped notices recorded separately.,No scoped local notice found; see docs/credits.md and preserved source-pack notices.
tracks/GLB Tracks/nurburgring_gp_2016_layout_28.png,images,tracks,153827,b6a58215144ec2752f92b355a2158f82e259869fa621b7a0bc8e7f5e5fbf38d4,retain,"Project course, runtime or authoring resource; static reachability alone cannot prove dynamic use.",See source-specific notices,Historical owner CC0 statement retained; imported metadata and scoped notices recorded separately.,No scoped local notice found; see docs/credits.md and preserved source-pack notices.
tracks/GLB Tracks/nurburgring_gp_2016_layout_29.png,images,tracks,5435,0158e5ace8517e6e70ec30c56524b2a4ecf96f359ee35fdf43b87a18589d0343,retain,"Project course, runtime or authoring resource; static reachability alone cannot prove dynamic use.",See source-specific notices,Historical owner CC0 statement retained; imported metadata and scoped notices recorded separately.,No scoped local notice found; see docs/credits.md and preserved source-pack notices.
tracks/GLB Tracks/nurburgring_gp_2016_layout_3.png,images,tracks,1971,347b83a4357cdd24846397642dab0d37818440c399bbbfd2b408a35295798a73,retain,"Project course, runtime or authoring resource; static reachability alone cannot prove dynamic use.",See source-specific notices,Historical owner CC0 statement retained; imported metadata and scoped notices recorded separately.,No scoped local notice found; see docs/credits.md and preserved source-pack notices.
tracks/GLB Tracks/nurburgring_gp_2016_layout_30.png,images,tracks,176177,61ecc59f8a55ea5fc6081097448a957ce5e6040ec64cf2d75a8ed42c35e0041e,retain,"Project course, runtime or authoring resource; static reachability alone cannot prove dynamic use.",See source-specific notices,Historical owner CC0 statement retained; imported metadata and scoped notices recorded separately.,No scoped local notice found; see docs/credits.md and preserved source-pack notices.
tracks/GLB Tracks/nurburgring_gp_2016_layout_31.png,images,tracks,3773,8d3671f535b30781a74be3ae4ebba4e00c0bc8a7d9887d7c9c13380d5ae0a644,retain,"Project course, runtime or authoring resource; static reachability alone cannot prove dynamic use.",See source-specific notices,Historical owner CC0 statement retained; imported metadata and scoped notices recorded separately.,No scoped local notice found; see docs/credits.md and preserved source-pack notices.
tracks/GLB Tracks/nurburgring_gp_2016_layout_32.png,images,tracks,2191556,56bf685118f26c9b4de1b5cbc8389c95895a08c5aabcaef27974e0dd8a68dfd1,retain,"Project course, runtime or authoring resource; static reachability alone cannot prove dynamic use.",See source-specific notices,Historical owner CC0 statement retained; imported metadata and scoped notices recorded separately.,No scoped local notice found; see docs/credits.md and preserved source-pack notices.
tracks/GLB Tracks/nurburgring_gp_2016_layout_33.png,images,tracks,1539929,cbf4aadd77f519d6775aa498f753b111e2c097f04dd67df5605846d0a3640b77,retain,"Project course, runtime or authoring resource; static reachability alone cannot prove dynamic use.",See source-specific notices,Historical owner CC0 statement retained; imported metadata and scoped notices recorded separately.,No scoped local notice found; see docs/credits.md and preserved source-pack notices.
tracks/GLB Tracks/nurburgring_gp_2016_layout_34.png,images,tracks,556492,992757976c6310b7d089eb447a918783702c26258b15c7b2c4920a53df13bde8,retain,"Project course, runtime or authoring resource; static reachability alone cannot prove dynamic use.",See source-specific notices,Historical owner CC0 statement retained; imported metadata and scoped notices recorded separately.,No scoped local notice found; see docs/credits.md and preserved source-pack notices.
tracks/GLB Tracks/nurburgring_gp_2016_layout_35.png,images,tracks,197430,ac2b07150f65895499adc7121ea14d8b2222f25e3bcbc268695e502ebac50e6c,retain,"Project course, runtime or authoring resource; static reachability alone cannot prove dynamic use.",See source-specific notices,Historical owner CC0 statement retained; imported metadata and scoped notices recorded separately.,No scoped local notice found; see docs/credits.md and preserved source-pack notices.
tracks/GLB Tracks/nurburgring_gp_2016_layout_36.png,images,tracks,584805,49a2694649ebb283132783f9b3cbcb0d567a557e9fb8c590741a2eeb3ab0c435,retain,"Project course, runtime or authoring resource; static reachability alone cannot prove dynamic use.",See source-specific notices,Historical owner CC0 statement retained; imported metadata and scoped notices recorded separately.,No scoped local notice found; see docs/credits.md and preserved source-pack notices.
tracks/GLB Tracks/nurburgring_gp_2016_layout_37.png,images,tracks,3603709,4efb71fe39db28ef3d9dd0903428f9fefa900f01dd5c7a0eb4ea5c17d59d802a,retain,"Project course, runtime or authoring resource; static reachability alone cannot prove dynamic use.",See source-specific notices,Historical owner CC0 statement retained; imported metadata and scoped notices recorded separately.,No scoped local notice found; see docs/credits.md and preserved source-pack notices.
tracks/GLB Tracks/nurburgring_gp_2016_layout_38.png,images,tracks,519772,59d4760b7ff5a2348dfea7e1fbbbd7052e484497f33c3e8a6930da948f6a7569,retain,"Project course, runtime or authoring resource; static reachability alone cannot prove dynamic use.",See source-specific notices,Historical owner CC0 statement retained; imported metadata and scoped notices recorded separately.,No scoped local notice found; see docs/credits.md and preserved source-pack notices.
tracks/GLB Tracks/nurburgring_gp_2016_layout_39.png,images,tracks,2765534,41defa9395e3ad6d7def69e8d624f5c5e6c9c36496c8f123de64428217906e80,retain,"Project course, runtime or authoring resource; static reachability alone cannot prove dynamic use.",See source-specific notices,Historical owner CC0 statement retained; imported metadata and scoped notices recorded separately.,No scoped local notice found; see docs/credits.md and preserved source-pack notices.
tracks/GLB Tracks/nurburgring_gp_2016_layout_4.png,images,tracks,595953,1a6c5781fe771e5a184918f5f53aed29bd0908fd94bd22be3bf298200093b2be,retain,"Project course, runtime or authoring resource; static reachability alone cannot prove dynamic use.",See source-specific notices,Historical owner CC0 statement retained; imported metadata and scoped notices recorded separately.,No scoped local notice found; see docs/credits.md and preserved source-pack notices.
tracks/GLB Tracks/nurburgring_gp_2016_layout_40.png,images,tracks,22209,bd2876359df48bc9f2ee4379fea212cc5f3649f9f3c8fb7bdac499ad3a6c0216,retain,"Project course, runtime or authoring resource; static reachability alone cannot prove dynamic use.",See source-specific notices,Historical owner CC0 statement retained; imported metadata and scoped notices recorded separately.,No scoped local notice found; see docs/credits.md and preserved source-pack notices.
tracks/GLB Tracks/nurburgring_gp_2016_layout_41.png,images,tracks,942,591223929e4a2fdf0324ec093168b58b4993a3169f26f7b61c70e7115f5ee76e,retain,"Project course, runtime or authoring resource; static reachability alone cannot prove dynamic use.",See source-specific notices,Historical owner CC0 statement retained; imported metadata and scoped notices recorded separately.,No scoped local notice found; see docs/credits.md and preserved source-pack notices.
tracks/GLB Tracks/nurburgring_gp_2016_layout_42.png,images,tracks,3281,b9e9f5f6b47af44b23e012d870baddca4a247585afee4c2b14b992b00fe7edaf,retain,"Project course, runtime or authoring resource; static reachability alone cannot prove dynamic use.",See source-specific notices,Historical owner CC0 statement retained; imported metadata and scoped notices recorded separately.,No scoped local notice found; see docs/credits.md and preserved source-pack notices.
tracks/GLB Tracks/nurburgring_gp_2016_layout_43.png,images,tracks,2770132,76b0cf1ca05a40426162d97bb0e4f0de9c0a0d539953e1fab48e5372b8fa1f35,retain,"Project course, runtime or authoring resource; static reachability alone cannot prove dynamic use.",See source-specific notices,Historical owner CC0 statement retained; imported metadata and scoped notices recorded separately.,No scoped local notice found; see docs/credits.md and preserved source-pack notices.
tracks/GLB Tracks/nurburgring_gp_2016_layout_5.png,images,tracks,1991052,a7ce018b732c6e08dfa97e966cb48e6f544bb8095d9aa6b90f6b83f9c578bc6a,retain,"Project course, runtime or authoring resource; static reachability alone cannot prove dynamic use.",See source-specific notices,Historical owner CC0 statement retained; imported metadata and scoped notices recorded separately.,No scoped local notice found; see docs/credits.md and preserved source-pack notices.
tracks/GLB Tracks/nurburgring_gp_2016_layout_6.png,images,tracks,14314,15f4df15f9d57072c1ef3592c9b1328e616a51097221ff58a72e8e4dc183d34a,retain,"Project course, runtime or authoring resource; static reachability alone cannot prove dynamic use.",See source-specific notices,Historical owner CC0 statement retained; imported metadata and scoped notices recorded separately.,No scoped local notice found; see docs/credits.md and preserved source-pack notices.
tracks/GLB Tracks/nurburgring_gp_2016_layout_7.png,images,tracks,1762569,64502ce7a85b305c82fc4d101739f2ae7056f5ab61fbcf4de976208f30e4b20d,retain,"Project course, runtime or authoring resource; static reachability alone cannot prove dynamic use.",See source-specific notices,Historical owner CC0 statement retained; imported metadata and scoped notices recorded separately.,No scoped local notice found; see docs/credits.md and preserved source-pack notices.
tracks/GLB Tracks/nurburgring_gp_2016_layout_8.png,images,tracks,635930,6a9b77f18a4f461b0ff3101028201488b078aa8627d085790191d8f1daece614,retain,"Project course, runtime or authoring resource; static reachability alone cannot prove dynamic use.",See source-specific notices,Historical owner CC0 statement retained; imported metadata and scoped notices recorded separately.,No scoped local notice found; see docs/credits.md and preserved source-pack notices.
tracks/GLB Tracks/nurburgring_gp_2016_layout_9.png,images,tracks,1842013,96b41bb22d3628d93cf6a56d25e56f619cccf081e26f3c45d954205797668fba,retain,"Project course, runtime or authoring resource; static reachability alone cannot prove dynamic use.",See source-specific notices,Historical owner CC0 statement retained; imported metadata and scoped notices recorded separately.,No scoped local notice found; see docs/credits.md and preserved source-pack notices.
tracks/GLB Tracks/pool.glb,models,tracks,21213928,802984f8781735708c73b3295f7db604bc668fa8cad6c9d9ed0a018068e4f02b,retain,"Project course, runtime or authoring resource; static reachability alone cannot prove dynamic use.",See source-specific notices,Historical owner CC0 statement retained; imported metadata and scoped notices recorded separately.,No scoped local notice found; see docs/credits.md and preserved source-pack notices.
tracks/GLB Tracks/pool_0.jpg,images,tracks,1173229,fc0179e0bf1912035e888eaf73ba401353ddbcbcadb996615cf970fea2bdf47b,retain,"Project course, runtime or authoring resource; static reachability alone cannot prove dynamic use.",See source-specific notices,Historical owner CC0 statement retained; imported metadata and scoped notices recorded separately.,No scoped local notice found; see docs/credits.md and preserved source-pack notices.
tracks/GLB Tracks/pool_1.jpg,images,tracks,411565,364394552b3ed62628353d183af91838746d33b87522a0aa228a446c42b99d85,retain,"Project course, runtime or authoring resource; static reachability alone cannot prove dynamic use.",See source-specific notices,Historical owner CC0 statement retained; imported metadata and scoped notices recorded separately.,No scoped local notice found; see docs/credits.md and preserved source-pack notices.
tracks/GLB Tracks/pool_10.jpg,images,tracks,99771,46d0ed92632ec2cc4859b98cb4f13866b5c5f816126a71a2e4aa546ec37b03bc,retain,"Project course, runtime or authoring resource; static reachability alone cannot prove dynamic use.",See source-specific notices,Historical owner CC0 statement retained; imported metadata and scoped notices recorded separately.,No scoped local notice found; see docs/credits.md and preserved source-pack notices.
tracks/GLB Tracks/pool_11.jpg,images,tracks,143552,548b56009b5bdeff1143b5a1bf7b5ab1e0fb67d528602f56c282e5c143f9bb03,retain,"Project course, runtime or authoring resource; static reachability alone cannot prove dynamic use.",See source-specific notices,Historical owner CC0 statement retained; imported metadata and scoped notices recorded separately.,No scoped local notice found; see docs/credits.md and preserved source-pack notices.
tracks/GLB Tracks/pool_2.jpg,images,tracks,104682,d0ac779cd3ea2903450996a91e1cd57cf1ad112e54b3aff678353430d4e5666c,retain,"Project course, runtime or authoring resource; static reachability alone cannot prove dynamic use.",See source-specific notices,Historical owner CC0 statement retained; imported metadata and scoped notices recorded separately.,No scoped local notice found; see docs/credits.md and preserved source-pack notices.
tracks/GLB Tracks/pool_3.jpg,images,tracks,86452,c70631c443d0286bd91e04531451643132d296a6eb9f649a3ba09526a4620074,retain,"Project course, runtime or authoring resource; static reachability alone cannot prove dynamic use.",See source-specific notices,Historical owner CC0 statement retained; imported metadata and scoped notices recorded separately.,No scoped local notice found; see docs/credits.md and preserved source-pack notices.
tracks/GLB Tracks/pool_4.png,images,tracks,368595,0a5c4fac4c548ab22d29a0144fc0e4e2bcb63950cc62875325565ee36b1be36c,retain,"Project course, runtime or authoring resource; static reachability alone cannot prove dynamic use.",See source-specific notices,Historical owner CC0 statement retained; imported metadata and scoped notices recorded separately.,No scoped local notice found; see docs/credits.md and preserved source-pack notices.
tracks/GLB Tracks/pool_5.png,images,tracks,121697,9018649073390a3b39f60d40f89898aef1ae109f1874fcb5fa60be797eb7a536,retain,"Project course, runtime or authoring resource; static reachability alone cannot prove dynamic use.",See source-specific notices,Historical owner CC0 statement retained; imported metadata and scoped notices recorded separately.,No scoped local notice found; see docs/credits.md and preserved source-pack notices.
tracks/GLB Tracks/pool_6.jpg,images,tracks,170166,091147ccf17749090bc54a97a17e0f113e40d28d6db8eaeb040bfe30c9ac6158,retain,"Project course, runtime or authoring resource; static reachability alone cannot prove dynamic use.",See source-specific notices,Historical owner CC0 statement retained; imported metadata and scoped notices recorded separately.,No scoped local notice found; see docs/credits.md and preserved source-pack notices.
tracks/GLB Tracks/pool_7.jpg,images,tracks,793266,9a208d963516941c67ca92ff9215b0879f6f1706002150d92b8f90f1e6e19b6c,retain,"Project course, runtime or authoring resource; static reachability alone cannot prove dynamic use.",See source-specific notices,Historical owner CC0 statement retained; imported metadata and scoped notices recorded separately.,No scoped local notice found; see docs/credits.md and preserved source-pack notices.
tracks/GLB Tracks/pool_8.jpg,images,tracks,1058038,ec37fb67a532022db6beb12da4f0863ad87dd8692ea5527b9dba8e9ce78321db,retain,"Project course, runtime or authoring resource; static reachability alone cannot prove dynamic use.",See source-specific notices,Historical owner CC0 statement retained; imported metadata and scoped notices recorded separately.,No scoped local notice found; see docs/credits.md and preserved source-pack notices.
tracks/GLB Tracks/pool_9.jpg,images,tracks,1216209,bde27a161c843b7b1e5bf54da23a75e615cd899e12934d2cb1cbe218c5b94038,retain,"Project course, runtime or authoring resource; static reachability alone cannot prove dynamic use.",See source-specific notices,Historical owner CC0 statement retained; imported metadata and scoped notices recorded separately.,No scoped local notice found; see docs/credits.md and preserved source-pack notices.
tracks/GLB Tracks/race_game_environment.glb,models,tracks,36478592,e61e2ea9abae8f38181e40f3dd41f92f0320eaceefa0ad95cb44d3e58bcd7971,retain,"Project course, runtime or authoring resource; static reachability alone cannot prove dynamic use.",See source-specific notices,Historical owner CC0 statement retained; imported metadata and scoped notices recorded separately.,No scoped local notice found; see docs/credits.md and preserved source-pack notices.
tracks/GLB Tracks/race_game_environment_0.png,images,tracks,268,df58f74ae381ac1ac03e7699a06481ce1697d5e4d8834c623dce479d6e158991,retain,"Project course, runtime or authoring resource; static reachability alone cannot prove dynamic use.",See source-specific notices,Historical owner CC0 statement retained; imported metadata and scoped notices recorded separately.,No scoped local notice found; see docs/credits.md and preserved source-pack notices.
tracks/GLB Tracks/race_game_environment_1.jpg,images,tracks,113103,93ed5a318aacfaea5cfe84a9f14fcafea5c6931ee7da736a7a0d71a156992862,retain,"Project course, runtime or authoring resource; static reachability alone cannot prove dynamic use.",See source-specific notices,Historical owner CC0 statement retained; imported metadata and scoped notices recorded separately.,No scoped local notice found; see docs/credits.md and preserved source-pack notices.
tracks/GLB Tracks/race_track.glb,models,tracks,26318108,be77a66c7cf488f164d292ffca58949b8e95dd5e8724d6e2d038db1d28c355e5,retain,"Project course, runtime or authoring resource; static reachability alone cannot prove dynamic use.",See source-specific notices,Historical owner CC0 statement retained; imported metadata and scoped notices recorded separately.,No scoped local notice found; see docs/credits.md and preserved source-pack notices.
tracks/GLB Tracks/race_track_0.png,images,tracks,207,50209af612979d8a0e3a9a05860f3da26df6ee849cb2430438afe0385e1922d6,retain,"Project course, runtime or authoring resource; static reachability alone cannot prove dynamic use.",See source-specific notices,Historical owner CC0 statement retained; imported metadata and scoped notices recorded separately.,No scoped local notice found; see docs/credits.md and preserved source-pack notices.
tracks/GLB Tracks/race_track_1.png,images,tracks,3537,a6f67a9d02c276977245b1d91f4485c3f912328fc06cb8f4cdb6d3764e519c84,retain,"Project course, runtime or authoring resource; static reachability alone cannot prove dynamic use.",See source-specific notices,Historical owner CC0 statement retained; imported metadata and scoped notices recorded separately.,No scoped local notice found; see docs/credits.md and preserved source-pack notices.
tracks/GLB Tracks/race_track_map.glb,models,tracks,72406464,81dd8a585c4c75380da2466f5b90c56910e97473fb233ae241ad1319cd25b806,retain,"Project course, runtime or authoring resource; static reachability alone cannot prove dynamic use.",See source-specific notices,Historical owner CC0 statement retained; imported metadata and scoped notices recorded separately.,No scoped local notice found; see docs/credits.md and preserved source-pack notices.
tracks/GLB Tracks/race_track_map_0.jpg,images,tracks,622444,96bd291c49d673dbba0829c6eeef56051dc5f4d11918fce9bbbb54bc15d9ab0d,retain,"Project course, runtime or authoring resource; static reachability alone cannot prove dynamic use.",See source-specific notices,Historical owner CC0 statement retained; imported metadata and scoped notices recorded separately.,No scoped local notice found; see docs/credits.md and preserved source-pack notices.
tracks/GLB Tracks/race_track_map_1.png,images,tracks,683141,e479fada301a46d744b30701f30d7b9b80068e003feb1462ec8c01f2a6245865,retain,"Project course, runtime or authoring resource; static reachability alone cannot prove dynamic use.",See source-specific notices,Historical owner CC0 statement retained; imported metadata and scoped notices recorded separately.,No scoped local notice found; see docs/credits.md and preserved source-pack notices.
tracks/GLB Tracks/race_track_map_10.png,images,tracks,1463314,5ffa588068711997d91b356f8361acf5833f44908c9b68cdad592b3e54a4abae,retain,"Project course, runtime or authoring resource; static reachability alone cannot prove dynamic use.",See source-specific notices,Historical owner CC0 statement retained; imported metadata and scoped notices recorded separately.,No scoped local notice found; see docs/credits.md and preserved source-pack notices.
tracks/GLB Tracks/race_track_map_11.png,images,tracks,1541866,e85f4d6492e7d5eb6ca3af50df97585a2ae986ce42f7013f6bb4c0c740fc97ea,retain,"Project course, runtime or authoring resource; static reachability alone cannot prove dynamic use.",See source-specific notices,Historical owner CC0 statement retained; imported metadata and scoped notices recorded separately.,No scoped local notice found; see docs/credits.md and preserved source-pack notices.
tracks/GLB Tracks/race_track_map_12.png,images,tracks,1061307,0d23307b26f1511bfff550dde80f40c82f0386c40c6bc6d59e6f5e67c6573844,retain,"Project course, runtime or authoring resource; static reachability alone cannot prove dynamic use.",See source-specific notices,Historical owner CC0 statement retained; imported metadata and scoped notices recorded separately.,No scoped local notice found; see docs/credits.md and preserved source-pack notices.
tracks/GLB Tracks/race_track_map_13.png,images,tracks,1533763,2d41d2073c822572544185ef5ccf33d2b89b01d4a9947e8abfaa0c03aac466f1,retain,"Project course, runtime or authoring resource; static reachability alone cannot prove dynamic use.",See source-specific notices,Historical owner CC0 statement retained; imported metadata and scoped notices recorded separately.,No scoped local notice found; see docs/credits.md and preserved source-pack notices.
tracks/GLB Tracks/race_track_map_14.jpg,images,tracks,608903,64011270c7b0b9cd35e7a56db5e1eb777a878c316e0b3049e5ca35c8f9ba781c,retain,"Project course, runtime or authoring resource; static reachability alone cannot prove dynamic use.",See source-specific notices,Historical owner CC0 statement retained; imported metadata and scoped notices recorded separately.,No scoped local notice found; see docs/credits.md and preserved source-pack notices.
tracks/GLB Tracks/race_track_map_15.jpg,images,tracks,698570,5ad3704e4652f191dcc48ed654c77f6ae6292b691e2735b2c15820fbb59d1455,retain,"Project course, runtime or authoring resource; static reachability alone cannot prove dynamic use.",See source-specific notices,Historical owner CC0 statement retained; imported metadata and scoped notices recorded separately.,No scoped local notice found; see docs/credits.md and preserved source-pack notices.
tracks/GLB Tracks/race_track_map_16.jpg,images,tracks,664237,b625aa7aca6afaf8cfb9ec81860750fc955cbde927c696cd0e4cf08006a562b1,retain,"Project course, runtime or authoring resource; static reachability alone cannot prove dynamic use.",See source-specific notices,Historical owner CC0 statement retained; imported metadata and scoped notices recorded separately.,No scoped local notice found; see docs/credits.md and preserved source-pack notices.
tracks/GLB Tracks/race_track_map_17.jpg,images,tracks,876470,0d9eb34cf356717324951db69ad9abd8e247b4d329f451da1aafad94ec1066fd,retain,"Project course, runtime or authoring resource; static reachability alone cannot prove dynamic use.",See source-specific notices,Historical owner CC0 statement retained; imported metadata and scoped notices recorded separately.,No scoped local notice found; see docs/credits.md and preserved source-pack notices.
tracks/GLB Tracks/race_track_map_18.jpg,images,tracks,698378,63de05a684a9821e869e080f16e3e3994664ed3013b6821b11217a106541cab6,retain,"Project course, runtime or authoring resource; static reachability alone cannot prove dynamic use.",See source-specific notices,Historical owner CC0 statement retained; imported metadata and scoped notices recorded separately.,No scoped local notice found; see docs/credits.md and preserved source-pack notices.
tracks/GLB Tracks/race_track_map_19.jpg,images,tracks,643342,d166f159d0aef0438b337876c56f3df2ac518ec1c3b28c316ff2e2d587124039,retain,"Project course, runtime or authoring resource; static reachability alone cannot prove dynamic use.",See source-specific notices,Historical owner CC0 statement retained; imported metadata and scoped notices recorded separately.,No scoped local notice found; see docs/credits.md and preserved source-pack notices.
tracks/GLB Tracks/race_track_map_2.jpg,images,tracks,1540062,d03c3256af666e6e38fddff3903298954e8c7c850ddda5200346482cacdf9b4c,retain,"Project course, runtime or authoring resource; static reachability alone cannot prove dynamic use.",See source-specific notices,Historical owner CC0 statement retained; imported metadata and scoped notices recorded separately.,No scoped local notice found; see docs/credits.md and preserved source-pack notices.
tracks/GLB Tracks/race_track_map_20.png,images,tracks,25349,01e10da8713da53cc897164040334fece5f0f6c25c584efcd85b3c68ccdf1cb8,retain,"Project course, runtime or authoring resource; static reachability alone cannot prove dynamic use.",See source-specific notices,Historical owner CC0 statement retained; imported metadata and scoped notices recorded separately.,No scoped local notice found; see docs/credits.md and preserved source-pack notices.
tracks/GLB Tracks/race_track_map_21.png,images,tracks,20872,47a5b9c0913c638c4360e9c4d5cce8b977b3ea1d2b33ff59faa567481b8a9cfa,retain,"Project course, runtime or authoring resource; static reachability alone cannot prove dynamic use.",See source-specific notices,Historical owner CC0 statement retained; imported metadata and scoped notices recorded separately.,No scoped local notice found; see docs/credits.md and preserved source-pack notices.
tracks/GLB Tracks/race_track_map_22.png,images,tracks,1642045,f2b1e730feb7556914deab0f5c8c956de4b1c95650b9740af7d1d36be1217409,retain,"Project course, runtime or authoring resource; static reachability alone cannot prove dynamic use.",See source-specific notices,Historical owner CC0 statement retained; imported metadata and scoped notices recorded separately.,No scoped local notice found; see docs/credits.md and preserved source-pack notices.
tracks/GLB Tracks/race_track_map_23.png,images,tracks,405783,855b73691e8fd70e8242885877776cc9cd65e235d7d8c7b52ae983b3ad3f4f6f,retain,"Project course, runtime or authoring resource; static reachability alone cannot prove dynamic use.",See source-specific notices,Historical owner CC0 statement retained; imported metadata and scoped notices recorded separately.,No scoped local notice found; see docs/credits.md and preserved source-pack notices.
tracks/GLB Tracks/race_track_map_24.png,images,tracks,1826788,0eeb6574ee3d725e1007ed4475efb5d231164c1c17814e08b80e73b3349013fe,retain,"Project course, runtime or authoring resource; static reachability alone cannot prove dynamic use.",See source-specific notices,Historical owner CC0 statement retained; imported metadata and scoped notices recorded separately.,No scoped local notice found; see docs/credits.md and preserved source-pack notices.
tracks/GLB Tracks/race_track_map_25.png,images,tracks,645183,04bcfdd5ee10ba5865a56c25becb1d3c53da4ceaee0d73017b0c33b1a2ab08a0,retain,"Project course, runtime or authoring resource; static reachability alone cannot prove dynamic use.",See source-specific notices,Historical owner CC0 statement retained; imported metadata and scoped notices recorded separately.,No scoped local notice found; see docs/credits.md and preserved source-pack notices.
tracks/GLB Tracks/race_track_map_3.png,images,tracks,910376,21546f64ef4e2e5e03628028421307a4fa651e4f867185c899d74f59c1b68ca1,retain,"Project course, runtime or authoring resource; static reachability alone cannot prove dynamic use.",See source-specific notices,Historical owner CC0 statement retained; imported metadata and scoped notices recorded separately.,No scoped local notice found; see docs/credits.md and preserved source-pack notices.
tracks/GLB Tracks/race_track_map_4.jpg,images,tracks,239361,5446b52654da55d9e6c073d12b29f0616f77ed48f0057cd8265bbbef473d0b4c,retain,"Project course, runtime or authoring resource; static reachability alone cannot prove dynamic use.",See source-specific notices,Historical owner CC0 statement retained; imported metadata and scoped notices recorded separately.,No scoped local notice found; see docs/credits.md and preserved source-pack notices.
tracks/GLB Tracks/race_track_map_5.png,images,tracks,194960,36c7d07be8dba0e2433c137a2a9aae2091b73a4a3815d032dec205cf9a8c218d,retain,"Project course, runtime or authoring resource; static reachability alone cannot prove dynamic use.",See source-specific notices,Historical owner CC0 statement retained; imported metadata and scoped notices recorded separately.,No scoped local notice found; see docs/credits.md and preserved source-pack notices.
tracks/GLB Tracks/race_track_map_6.jpg,images,tracks,755889,bbdbb30445d09ce93473fd545160d68c3ffd86c00755aaf63cec2e8a6b1f0fa5,retain,"Project course, runtime or authoring resource; static reachability alone cannot prove dynamic use.",See source-specific notices,Historical owner CC0 statement retained; imported metadata and scoped notices recorded separately.,No scoped local notice found; see docs/credits.md and preserved source-pack notices.
tracks/GLB Tracks/race_track_map_7.jpg,images,tracks,829090,87e8630022af7dfd1464b852498c64be327b7088b5727891254c7eee6d317995,retain,"Project course, runtime or authoring resource; static reachability alone cannot prove dynamic use.",See source-specific notices,Historical owner CC0 statement retained; imported metadata and scoped notices recorded separately.,No scoped local notice found; see docs/credits.md and preserved source-pack notices.
tracks/GLB Tracks/race_track_map_8.png,images,tracks,472932,3df0b304821f640092ba540efc97d708675081293203474e735bdf5c7b32a159,retain,"Project course, runtime or authoring resource; static reachability alone cannot prove dynamic use.",See source-specific notices,Historical owner CC0 statement retained; imported metadata and scoped notices recorded separately.,No scoped local notice found; see docs/credits.md and preserved source-pack notices.
tracks/GLB Tracks/race_track_map_9.png,images,tracks,1847864,46451d014263a9651eceabfeed11138301f0d07d2970651472891a2340499d39,retain,"Project course, runtime or authoring resource; static reachability alone cannot prove dynamic use.",See source-specific notices,Historical owner CC0 statement retained; imported metadata and scoped notices recorded separately.,No scoped local notice found; see docs/credits.md and preserved source-pack notices.
tracks/GLB Tracks/raceway_map.glb,models,tracks,8998880,ffab0ae83d44aacb4d543c9d73497403f353731057467aba84462aa32e6595e0,retain,"Project course, runtime or authoring resource; static reachability alone cannot prove dynamic use.",See source-specific notices,Historical owner CC0 statement retained; imported metadata and scoped notices recorded separately.,No scoped local notice found; see docs/credits.md and preserved source-pack notices.
tracks/GLB Tracks/raceway_map_0.png,images,tracks,3003893,183a74b4f75c03ea3ec3c4ff4e8e9f1ebb5b890e734ee49cba40a14daf4c08e0,retain,"Project course, runtime or authoring resource; static reachability alone cannot prove dynamic use.",See source-specific notices,Historical owner CC0 statement retained; imported metadata and scoped notices recorded separately.,No scoped local notice found; see docs/credits.md and preserved source-pack notices.
tracks/GLB Tracks/raceway_map_1.png,images,tracks,4924205,d8f72aeaf46a83fa320aeee8ff0490223a27f40cd19b308c835473d7f9a4df7c,retain,"Project course, runtime or authoring resource; static reachability alone cannot prove dynamic use.",See source-specific notices,Historical owner CC0 statement retained; imported metadata and scoped notices recorded separately.,No scoped local notice found; see docs/credits.md and preserved source-pack notices.
tracks/GLB Tracks/raceway_map_2.png,images,tracks,186022,ef43c3f76c2d10425010206bed1d9801a2d39212c197e4bbc225f244bc92dc49,retain,"Project course, runtime or authoring resource; static reachability alone cannot prove dynamic use.",See source-specific notices,Historical owner CC0 statement retained; imported metadata and scoped notices recorded separately.,No scoped local notice found; see docs/credits.md and preserved source-pack notices.
tracks/GLB Tracks/silverstone_circuit_2024_layout (1).glb,models,tracks,165815852,228c897e5c15674fd62d936160f0599602ca28c61e13aaf32555fd0084d58783,retain,"Project course, runtime or authoring resource; static reachability alone cannot prove dynamic use.",See source-specific notices,Historical owner CC0 statement retained; imported metadata and scoped notices recorded separately.,No scoped local notice found; see docs/credits.md and preserved source-pack notices.
tracks/GLB Tracks/silverstone_circuit_2024_layout (1)_0.png,images,tracks,465174,56cb19eaea84124e6ae8defb87b7ee9de34aa722482eb6cdfc18bd5325f6f6ca,retain,"Project course, runtime or authoring resource; static reachability alone cannot prove dynamic use.",See source-specific notices,Historical owner CC0 statement retained; imported metadata and scoped notices recorded separately.,No scoped local notice found; see docs/credits.md and preserved source-pack notices.
tracks/GLB Tracks/silverstone_circuit_2024_layout (1)_1.png,images,tracks,192187,1b2ab15518cf29dd4e831c1e7dfe0bff6e04598e6dbd60a34f6fce97fe6e5e85,retain,"Project course, runtime or authoring resource; static reachability alone cannot prove dynamic use.",See source-specific notices,Historical owner CC0 statement retained; imported metadata and scoped notices recorded separately.,No scoped local notice found; see docs/credits.md and preserved source-pack notices.
tracks/GLB Tracks/silverstone_circuit_2024_layout (1)_10.png,images,tracks,172661,bed9957fcea126d875b2dae20f877c527abece7e23999852638da03a34d83924,retain,"Project course, runtime or authoring resource; static reachability alone cannot prove dynamic use.",See source-specific notices,Historical owner CC0 statement retained; imported metadata and scoped notices recorded separately.,No scoped local notice found; see docs/credits.md and preserved source-pack notices.
tracks/GLB Tracks/silverstone_circuit_2024_layout (1)_11.png,images,tracks,398186,a068e7666a833163194c07b04df413020fecea41d2fe01e50bf9531fae9368f8,retain,"Project course, runtime or authoring resource; static reachability alone cannot prove dynamic use.",See source-specific notices,Historical owner CC0 statement retained; imported metadata and scoped notices recorded separately.,No scoped local notice found; see docs/credits.md and preserved source-pack notices.
tracks/GLB Tracks/silverstone_circuit_2024_layout (1)_12.png,images,tracks,257805,45311577da01e74a6d81c432322722ec0a2fc17ceacc55a2648fe52c9aad2651,retain,"Project course, runtime or authoring resource; static reachability alone cannot prove dynamic use.",See source-specific notices,Historical owner CC0 statement retained; imported metadata and scoped notices recorded separately.,No scoped local notice found; see docs/credits.md and preserved source-pack notices.
tracks/GLB Tracks/silverstone_circuit_2024_layout (1)_13.png,images,tracks,31881,303c63a24509d8739f282e7ae89fea31776ddb378371fd59055f192e0909b436,retain,"Project course, runtime or authoring resource; static reachability alone cannot prove dynamic use.",See source-specific notices,Historical owner CC0 statement retained; imported metadata and scoped notices recorded separately.,No scoped local notice found; see docs/credits.md and preserved source-pack notices.
tracks/GLB Tracks/silverstone_circuit_2024_layout (1)_14.png,images,tracks,271431,f865d3a4e4bea41357dfccb350c3718f7ba19e1f1330929e2381830f58a221be,retain,"Project course, runtime or authoring resource; static reachability alone cannot prove dynamic use.",See source-specific notices,Historical owner CC0 statement retained; imported metadata and scoped notices recorded separately.,No scoped local notice found; see docs/credits.md and preserved source-pack notices.
tracks/GLB Tracks/silverstone_circuit_2024_layout (1)_15.png,images,tracks,92848,f59efcfc797b6b4a9d7e70ba19ed9b13a92824cc1a51041ae1fcaeb83e191d07,retain,"Project course, runtime or authoring resource; static reachability alone cannot prove dynamic use.",See source-specific notices,Historical owner CC0 statement retained; imported metadata and scoped notices recorded separately.,No scoped local notice found; see docs/credits.md and preserved source-pack notices.
tracks/GLB Tracks/silverstone_circuit_2024_layout (1)_16.png,images,tracks,271299,0069e6fc0b9427eb0d08ae6d24d531d044b73c41cf87bb290b9e2425d9f67ae1,retain,"Project course, runtime or authoring resource; static reachability alone cannot prove dynamic use.",See source-specific notices,Historical owner CC0 statement retained; imported metadata and scoped notices recorded separately.,No scoped local notice found; see docs/credits.md and preserved source-pack notices.
tracks/GLB Tracks/silverstone_circuit_2024_layout (1)_17.png,images,tracks,84,69e116a12c77305f50a4a1e8cac2370f89acdb2c6877da19b7f810e5083d7807,retain,"Project course, runtime or authoring resource; static reachability alone cannot prove dynamic use.",See source-specific notices,Historical owner CC0 statement retained; imported metadata and scoped notices recorded separately.,No scoped local notice found; see docs/credits.md and preserved source-pack notices.
tracks/GLB Tracks/silverstone_circuit_2024_layout (1)_18.png,images,tracks,441878,35a0830edfb1d84a13bfae714e5215bf2fadedb58950743f0438f1a76ddbccd9,retain,"Project course, runtime or authoring resource; static reachability alone cannot prove dynamic use.",See source-specific notices,Historical owner CC0 statement retained; imported metadata and scoped notices recorded separately.,No scoped local notice found; see docs/credits.md and preserved source-pack notices.
tracks/GLB Tracks/silverstone_circuit_2024_layout (1)_19.png,images,tracks,217937,4f8b730fd556aa02be790f9f25a4f1ef741561785f276c67a646d77143f7ae9c,retain,"Project course, runtime or authoring resource; static reachability alone cannot prove dynamic use.",See source-specific notices,Historical owner CC0 statement retained; imported metadata and scoped notices recorded separately.,No scoped local notice found; see docs/credits.md and preserved source-pack notices.
tracks/GLB Tracks/silverstone_circuit_2024_layout (1)_2.png,images,tracks,59531,4ada2b417d1802a546a91cb92fdaf6a256ce32901fc3263268f81bf2b0251785,retain,"Project course, runtime or authoring resource; static reachability alone cannot prove dynamic use.",See source-specific notices,Historical owner CC0 statement retained; imported metadata and scoped notices recorded separately.,No scoped local notice found; see docs/credits.md and preserved source-pack notices.
tracks/GLB Tracks/silverstone_circuit_2024_layout (1)_20.png,images,tracks,240771,ce6aa8f831ef3e4613a6c4d51cc11728c457ee88efc86a639ab6afc2ebb590b6,retain,"Project course, runtime or authoring resource; static reachability alone cannot prove dynamic use.",See source-specific notices,Historical owner CC0 statement retained; imported metadata and scoped notices recorded separately.,No scoped local notice found; see docs/credits.md and preserved source-pack notices.
tracks/GLB Tracks/silverstone_circuit_2024_layout (1)_21.png,images,tracks,114668,f4ca0305cf18c923584c0ab407b992aba25137d74982e7117d227274e6a9547a,retain,"Project course, runtime or authoring resource; static reachability alone cannot prove dynamic use.",See source-specific notices,Historical owner CC0 statement retained; imported metadata and scoped notices recorded separately.,No scoped local notice found; see docs/credits.md and preserved source-pack notices.
tracks/GLB Tracks/silverstone_circuit_2024_layout (1)_22.png,images,tracks,90873,50c869681356476a97ad76a2fdb22283d5b64bcc89682b777b5ce528ec318c3f,retain,"Project course, runtime or authoring resource; static reachability alone cannot prove dynamic use.",See source-specific notices,Historical owner CC0 statement retained; imported metadata and scoped notices recorded separately.,No scoped local notice found; see docs/credits.md and preserved source-pack notices.
tracks/GLB Tracks/silverstone_circuit_2024_layout (1)_23.png,images,tracks,226870,7efa2d3b4c591d907da56c9bbbe6cf74f3ba52e35850eb68c22b087e76e47d43,retain,"Project course, runtime or authoring resource; static reachability alone cannot prove dynamic use.",See source-specific notices,Historical owner CC0 statement retained; imported metadata and scoped notices recorded separately.,No scoped local notice found; see docs/credits.md and preserved source-pack notices.
tracks/GLB Tracks/silverstone_circuit_2024_layout (1)_24.png,images,tracks,106975,2423b656acf11e8e19573c5f09441f532260e897290065e988dfc8f89a23d4a5,retain,"Project course, runtime or authoring resource; static reachability alone cannot prove dynamic use.",See source-specific notices,Historical owner CC0 statement retained; imported metadata and scoped notices recorded separately.,No scoped local notice found; see docs/credits.md and preserved source-pack notices.
tracks/GLB Tracks/silverstone_circuit_2024_layout (1)_25.png,images,tracks,56829,2bf7bfbcc2ff4b0e2a73f985708b1086bfe2dcda019762e5c0ca43cd8b16ffbc,retain,"Project course, runtime or authoring resource; static reachability alone cannot prove dynamic use.",See source-specific notices,Historical owner CC0 statement retained; imported metadata and scoped notices recorded separately.,No scoped local notice found; see docs/credits.md and preserved source-pack notices.
tracks/GLB Tracks/silverstone_circuit_2024_layout (1)_26.png,images,tracks,477,d2c40dd44cf804ac781ca49a46233706380d5a38f824c7499e00b725129203d0,retain,"Project course, runtime or authoring resource; static reachability alone cannot prove dynamic use.",See source-specific notices,Historical owner CC0 statement retained; imported metadata and scoped notices recorded separately.,No scoped local notice found; see docs/credits.md and preserved source-pack notices.
tracks/GLB Tracks/silverstone_circuit_2024_layout (1)_27.png,images,tracks,243,a110e63e2ab137f9d6ce0694cd4a6003f98968998e34586a1426cd264267c4e2,retain,"Project course, runtime or authoring resource; static reachability alone cannot prove dynamic use.",See source-specific notices,Historical owner CC0 statement retained; imported metadata and scoped notices recorded separately.,No scoped local notice found; see docs/credits.md and preserved source-pack notices.
tracks/GLB Tracks/silverstone_circuit_2024_layout (1)_28.png,images,tracks,69,eef144d685cefeb857f4522cac723df922cb82e92b39fa513285622ff1969ee5,retain,"Project course, runtime or authoring resource; static reachability alone cannot prove dynamic use.",See source-specific notices,Historical owner CC0 statement retained; imported metadata and scoped notices recorded separately.,No scoped local notice found; see docs/credits.md and preserved source-pack notices.
tracks/GLB Tracks/silverstone_circuit_2024_layout (1)_29.png,images,tracks,19636,2a332ce9ac576657fd6b04c4a5a10b01ba80f610f7894ce3d2eaabc24ba76eaf,retain,"Project course, runtime or authoring resource; static reachability alone cannot prove dynamic use.",See source-specific notices,Historical owner CC0 statement retained; imported metadata and scoped notices recorded separately.,No scoped local notice found; see docs/credits.md and preserved source-pack notices.
tracks/GLB Tracks/silverstone_circuit_2024_layout (1)_3.png,images,tracks,92809,d5d26d297c2d393eef5d6a5cededc138af7317127564c05ab0587452d74d111f,retain,"Project course, runtime or authoring resource; static reachability alone cannot prove dynamic use.",See source-specific notices,Historical owner CC0 statement retained; imported metadata and scoped notices recorded separately.,No scoped local notice found; see docs/credits.md and preserved source-pack notices.
tracks/GLB Tracks/silverstone_circuit_2024_layout (1)_30.png,images,tracks,481201,4499363f8bf0deaa7ee1a1e371fa65dd0bbe9e42ad3ca950427f506308d114af,retain,"Project course, runtime or authoring resource; static reachability alone cannot prove dynamic use.",See source-specific notices,Historical owner CC0 statement retained; imported metadata and scoped notices recorded separately.,No scoped local notice found; see docs/credits.md and preserved source-pack notices.
tracks/GLB Tracks/silverstone_circuit_2024_layout (1)_31.png,images,tracks,87,36746d9130d054253babcfee26a17c0a4dc03bcde3fe4167513a0166ef237b60,retain,"Project course, runtime or authoring resource; static reachability alone cannot prove dynamic use.",See source-specific notices,Historical owner CC0 statement retained; imported metadata and scoped notices recorded separately.,No scoped local notice found; see docs/credits.md and preserved source-pack notices.
tracks/GLB Tracks/silverstone_circuit_2024_layout (1)_32.png,images,tracks,9768,c7dedd63b7cd2a266bb3d015d9f807e8e6ff6171dd007a36584a9f13f5cc8f27,retain,"Project course, runtime or authoring resource; static reachability alone cannot prove dynamic use.",See source-specific notices,Historical owner CC0 statement retained; imported metadata and scoped notices recorded separately.,No scoped local notice found; see docs/credits.md and preserved source-pack notices.
tracks/GLB Tracks/silverstone_circuit_2024_layout (1)_33.png,images,tracks,99577,0e2692b9993901fa1ae86f98206088712a5d3b03e4f3a34c397e0e78fb6cfaa7,retain,"Project course, runtime or authoring resource; static reachability alone cannot prove dynamic use.",See source-specific notices,Historical owner CC0 statement retained; imported metadata and scoped notices recorded separately.,No scoped local notice found; see docs/credits.md and preserved source-pack notices.
tracks/GLB Tracks/silverstone_circuit_2024_layout (1)_34.png,images,tracks,667075,d54e24ad152acea9d371dd173b30c37373ed09e5dcf9deee278ebbc93d0f2bbd,retain,"Project course, runtime or authoring resource; static reachability alone cannot prove dynamic use.",See source-specific notices,Historical owner CC0 statement retained; imported metadata and scoped notices recorded separately.,No scoped local notice found; see docs/credits.md and preserved source-pack notices.
tracks/GLB Tracks/silverstone_circuit_2024_layout (1)_35.png,images,tracks,575132,663379bb35c8e9de0088ecf6e90843900bc65cd158733bb94d5cb6b2dbe54e53,retain,"Project course, runtime or authoring resource; static reachability alone cannot prove dynamic use.",See source-specific notices,Historical owner CC0 statement retained; imported metadata and scoped notices recorded separately.,No scoped local notice found; see docs/credits.md and preserved source-pack notices.
tracks/GLB Tracks/silverstone_circuit_2024_layout (1)_36.png,images,tracks,164810,e1bbd514e4347e47930a5a47cccdd88f348ff303a4f8b59150f53b8aab45c740,retain,"Project course, runtime or authoring resource; static reachability alone cannot prove dynamic use.",See source-specific notices,Historical owner CC0 statement retained; imported metadata and scoped notices recorded separately.,No scoped local notice found; see docs/credits.md and preserved source-pack notices.
tracks/GLB Tracks/silverstone_circuit_2024_layout (1)_37.png,images,tracks,374,fe052d28945425ee52b402e35bb008424c0b3bc7cbfdf7a18cb454e911dbbdb0,retain,"Project course, runtime or authoring resource; static reachability alone cannot prove dynamic use.",See source-specific notices,Historical owner CC0 statement retained; imported metadata and scoped notices recorded separately.,No scoped local notice found; see docs/credits.md and preserved source-pack notices.
tracks/GLB Tracks/silverstone_circuit_2024_layout (1)_38.png,images,tracks,1765,41b6d51fb865f18449c38eb9946f5da50d797ddb428040cd62ea0e05f978dd1f,retain,"Project course, runtime or authoring resource; static reachability alone cannot prove dynamic use.",See source-specific notices,Historical owner CC0 statement retained; imported metadata and scoped notices recorded separately.,No scoped local notice found; see docs/credits.md and preserved source-pack notices.
tracks/GLB Tracks/silverstone_circuit_2024_layout (1)_39.png,images,tracks,949,3f964d84e205957e32c486f7eb0c9cb32f2c11d2f6cdcdb00b77e3f8d2433866,retain,"Project course, runtime or authoring resource; static reachability alone cannot prove dynamic use.",See source-specific notices,Historical owner CC0 statement retained; imported metadata and scoped notices recorded separately.,No scoped local notice found; see docs/credits.md and preserved source-pack notices.
tracks/GLB Tracks/silverstone_circuit_2024_layout (1)_4.png,images,tracks,4810,dbf6f03eb9967c8b3411dcfc28f85ab6e448b89d95da7f426849b425d6c3e0c1,retain,"Project course, runtime or authoring resource; static reachability alone cannot prove dynamic use.",See source-specific notices,Historical owner CC0 statement retained; imported metadata and scoped notices recorded separately.,No scoped local notice found; see docs/credits.md and preserved source-pack notices.
tracks/GLB Tracks/silverstone_circuit_2024_layout (1)_40.png,images,tracks,27688,881e58976dd418faeab2c5bb3c10ec6546ed2ad632cf50cbd64d38aa28dae7fb,retain,"Project course, runtime or authoring resource; static reachability alone cannot prove dynamic use.",See source-specific notices,Historical owner CC0 statement retained; imported metadata and scoped notices recorded separately.,No scoped local notice found; see docs/credits.md and preserved source-pack notices.
tracks/GLB Tracks/silverstone_circuit_2024_layout (1)_41.png,images,tracks,581060,410ab3b1f33f8920ca7d51b5b8c1f12b50273d4286f014c91908ce3348bed4a0,retain,"Project course, runtime or authoring resource; static reachability alone cannot prove dynamic use.",See source-specific notices,Historical owner CC0 statement retained; imported metadata and scoped notices recorded separately.,No scoped local notice found; see docs/credits.md and preserved source-pack notices.
tracks/GLB Tracks/silverstone_circuit_2024_layout (1)_42.png,images,tracks,463116,7a670009c99acadb049bf8b3a17fe7df3b69d3dd72dfababe15508fdb3f465e7,retain,"Project course, runtime or authoring resource; static reachability alone cannot prove dynamic use.",See source-specific notices,Historical owner CC0 statement retained; imported metadata and scoped notices recorded separately.,No scoped local notice found; see docs/credits.md and preserved source-pack notices.
tracks/GLB Tracks/silverstone_circuit_2024_layout (1)_43.png,images,tracks,265724,7a2c05675e4d0f028eb99b2c73d6c47a3aa92c5ac5bd66e5f9383c91effac462,retain,"Project course, runtime or authoring resource; static reachability alone cannot prove dynamic use.",See source-specific notices,Historical owner CC0 statement retained; imported metadata and scoped notices recorded separately.,No scoped local notice found; see docs/credits.md and preserved source-pack notices.
tracks/GLB Tracks/silverstone_circuit_2024_layout (1)_44.png,images,tracks,176704,158b7500cff75412b2bbd0391ebd87118c4aa1a4fd762aa188d3425e48497986,retain,"Project course, runtime or authoring resource; static reachability alone cannot prove dynamic use.",See source-specific notices,Historical owner CC0 statement retained; imported metadata and scoped notices recorded separately.,No scoped local notice found; see docs/credits.md and preserved source-pack notices.
tracks/GLB Tracks/silverstone_circuit_2024_layout (1)_45.png,images,tracks,920,72987a2de68a7817232066666b03ec8229d125a16c0dc84b4e40b0d3c3391b4a,retain,"Project course, runtime or authoring resource; static reachability alone cannot prove dynamic use.",See source-specific notices,Historical owner CC0 statement retained; imported metadata and scoped notices recorded separately.,No scoped local notice found; see docs/credits.md and preserved source-pack notices.
tracks/GLB Tracks/silverstone_circuit_2024_layout (1)_46.png,images,tracks,503,085fc6b65e48501481f5d108ea9effd4f3204c6575ad9097775680ff1822018a,retain,"Project course, runtime or authoring resource; static reachability alone cannot prove dynamic use.",See source-specific notices,Historical owner CC0 statement retained; imported metadata and scoped notices recorded separately.,No scoped local notice found; see docs/credits.md and preserved source-pack notices.
tracks/GLB Tracks/silverstone_circuit_2024_layout (1)_47.png,images,tracks,324818,ad72faa96a6128037ac6004f06a8f749f20290d8cc99b644b01d59d9640ab743,retain,"Project course, runtime or authoring resource; static reachability alone cannot prove dynamic use.",See source-specific notices,Historical owner CC0 statement retained; imported metadata and scoped notices recorded separately.,No scoped local notice found; see docs/credits.md and preserved source-pack notices.
tracks/GLB Tracks/silverstone_circuit_2024_layout (1)_48.png,images,tracks,132452,32274fd845d2de8f7dfe32cf9efbba2f0be37c25abc797062c5b18539cc7f6c1,retain,"Project course, runtime or authoring resource; static reachability alone cannot prove dynamic use.",See source-specific notices,Historical owner CC0 statement retained; imported metadata and scoped notices recorded separately.,No scoped local notice found; see docs/credits.md and preserved source-pack notices.
tracks/GLB Tracks/silverstone_circuit_2024_layout (1)_49.png,images,tracks,5108,3d224d77dc9e6b8daf27c5d6def05b54d78e69a24e45a7ef422f10bb8ecc7919,retain,"Project course, runtime or authoring resource; static reachability alone cannot prove dynamic use.",See source-specific notices,Historical owner CC0 statement retained; imported metadata and scoped notices recorded separately.,No scoped local notice found; see docs/credits.md and preserved source-pack notices.
tracks/GLB Tracks/silverstone_circuit_2024_layout (1)_5.png,images,tracks,126,a95daf5de70169a0c607318ddd7f748d89c7586fbd5ac3a5936c82971454e63a,retain,"Project course, runtime or authoring resource; static reachability alone cannot prove dynamic use.",See source-specific notices,Historical owner CC0 statement retained; imported metadata and scoped notices recorded separately.,No scoped local notice found; see docs/credits.md and preserved source-pack notices.
tracks/GLB Tracks/silverstone_circuit_2024_layout (1)_50.png,images,tracks,263100,6ca58eaaa5a56794e908560c8fc6ac1403f40ae862c41c6e77ce603daed7c8b0,retain,"Project course, runtime or authoring resource; static reachability alone cannot prove dynamic use.",See source-specific notices,Historical owner CC0 statement retained; imported metadata and scoped notices recorded separately.,No scoped local notice found; see docs/credits.md and preserved source-pack notices.
tracks/GLB Tracks/silverstone_circuit_2024_layout (1)_51.png,images,tracks,213762,e4067e80e396bdf36bd60535b36a16fd4021d226ba4703c1b1a6b59d5777a568,retain,"Project course, runtime or authoring resource; static reachability alone cannot prove dynamic use.",See source-specific notices,Historical owner CC0 statement retained; imported metadata and scoped notices recorded separately.,No scoped local notice found; see docs/credits.md and preserved source-pack notices.
tracks/GLB Tracks/silverstone_circuit_2024_layout (1)_52.png,images,tracks,95650,36327db237c0f98e5ee9dcbde82b0bf4d93c71403c7cefca3c32affe35521a72,retain,"Project course, runtime or authoring resource; static reachability alone cannot prove dynamic use.",See source-specific notices,Historical owner CC0 statement retained; imported metadata and scoped notices recorded separately.,No scoped local notice found; see docs/credits.md and preserved source-pack notices.
tracks/GLB Tracks/silverstone_circuit_2024_layout (1)_53.png,images,tracks,163990,8479f2a656ec7df62bc7de15c091a910ed462e1562ef6750b88e696109745271,retain,"Project course, runtime or authoring resource; static reachability alone cannot prove dynamic use.",See source-specific notices,Historical owner CC0 statement retained; imported metadata and scoped notices recorded separately.,No scoped local notice found; see docs/credits.md and preserved source-pack notices.
tracks/GLB Tracks/silverstone_circuit_2024_layout (1)_54.png,images,tracks,87450,308b03475ebead46c0e338faf1b52b8acc9eab2ca88328e2949592675570fb70,retain,"Project course, runtime or authoring resource; static reachability alone cannot prove dynamic use.",See source-specific notices,Historical owner CC0 statement retained; imported metadata and scoped notices recorded separately.,No scoped local notice found; see docs/credits.md and preserved source-pack notices.
tracks/GLB Tracks/silverstone_circuit_2024_layout (1)_55.png,images,tracks,21858,dd48d464db2f7ad72b26026ab3b06140ec8723dd2c3ce8d974470dcecaea062b,retain,"Project course, runtime or authoring resource; static reachability alone cannot prove dynamic use.",See source-specific notices,Historical owner CC0 statement retained; imported metadata and scoped notices recorded separately.,No scoped local notice found; see docs/credits.md and preserved source-pack notices.
tracks/GLB Tracks/silverstone_circuit_2024_layout (1)_56.png,images,tracks,41994,4e00766e76c873a4822a182f7157722e86a43097eb2d4e021e139ed05e40ee5e,retain,"Project course, runtime or authoring resource; static reachability alone cannot prove dynamic use.",See source-specific notices,Historical owner CC0 statement retained; imported metadata and scoped notices recorded separately.,No scoped local notice found; see docs/credits.md and preserved source-pack notices.
tracks/GLB Tracks/silverstone_circuit_2024_layout (1)_57.png,images,tracks,381360,0ceea833c433980a8ba8a8ac662ec9f89e6670761e76f19e4b986a0769fccb2e,retain,"Project course, runtime or authoring resource; static reachability alone cannot prove dynamic use.",See source-specific notices,Historical owner CC0 statement retained; imported metadata and scoped notices recorded separately.,No scoped local notice found; see docs/credits.md and preserved source-pack notices.
tracks/GLB Tracks/silverstone_circuit_2024_layout (1)_58.png,images,tracks,75304,e9e7ed0770ef591dcbcb54a7d30b5e45a93bf72c531b406bf3c933aa284b720b,retain,"Project course, runtime or authoring resource; static reachability alone cannot prove dynamic use.",See source-specific notices,Historical owner CC0 statement retained; imported metadata and scoped notices recorded separately.,No scoped local notice found; see docs/credits.md and preserved source-pack notices.
tracks/GLB Tracks/silverstone_circuit_2024_layout (1)_59.png,images,tracks,28667262,c64c9f68487413475463c665c495a9403f29422fa109f78b094753d65fa2ef81,retain,"Project course, runtime or authoring resource; static reachability alone cannot prove dynamic use.",See source-specific notices,Historical owner CC0 statement retained; imported metadata and scoped notices recorded separately.,No scoped local notice found; see docs/credits.md and preserved source-pack notices.
tracks/GLB Tracks/silverstone_circuit_2024_layout (1)_6.png,images,tracks,507832,680b54658dd06ad651a0b657bda01c5d7f7218114159d62f4cc982c0bbfc405a,retain,"Project course, runtime or authoring resource; static reachability alone cannot prove dynamic use.",See source-specific notices,Historical owner CC0 statement retained; imported metadata and scoped notices recorded separately.,No scoped local notice found; see docs/credits.md and preserved source-pack notices.
tracks/GLB Tracks/silverstone_circuit_2024_layout (1)_60.png,images,tracks,14120287,d0c54123b767a96c31b4d750a0b1d08022bbfaffd889373e5b5c92558220a796,retain,"Project course, runtime or authoring resource; static reachability alone cannot prove dynamic use.",See source-specific notices,Historical owner CC0 statement retained; imported metadata and scoped notices recorded separately.,No scoped local notice found; see docs/credits.md and preserved source-pack notices.
tracks/GLB Tracks/silverstone_circuit_2024_layout (1)_61.png,images,tracks,8056063,37c7d2f2de2008b7714c5cd6833ac2f9f2fee135b792e729a99a45ecfc3384ac,retain,"Project course, runtime or authoring resource; static reachability alone cannot prove dynamic use.",See source-specific notices,Historical owner CC0 statement retained; imported metadata and scoped notices recorded separately.,No scoped local notice found; see docs/credits.md and preserved source-pack notices.
tracks/GLB Tracks/silverstone_circuit_2024_layout (1)_62.png,images,tracks,399652,f390bc6d6c3489af58131f0199813b2ed241358d176635250b5d5f99f85731ef,retain,"Project course, runtime or authoring resource; static reachability alone cannot prove dynamic use.",See source-specific notices,Historical owner CC0 statement retained; imported metadata and scoped notices recorded separately.,No scoped local notice found; see docs/credits.md and preserved source-pack notices.
tracks/GLB Tracks/silverstone_circuit_2024_layout (1)_63.png,images,tracks,38068,8ad0a75345327c61f2ba5e6535621aa10abf5102a23ad9367f08186f412237ed,retain,"Project course, runtime or authoring resource; static reachability alone cannot prove dynamic use.",See source-specific notices,Historical owner CC0 statement retained; imported metadata and scoped notices recorded separately.,No scoped local notice found; see docs/credits.md and preserved source-pack notices.
tracks/GLB Tracks/silverstone_circuit_2024_layout (1)_64.png,images,tracks,72808,20b99fee2d25d9f9a597d1dfbbf035f177a65925be2ceae61c6cebbbf8322f7b,retain,"Project course, runtime or authoring resource; static reachability alone cannot prove dynamic use.",See source-specific notices,Historical owner CC0 statement retained; imported metadata and scoped notices recorded separately.,No scoped local notice found; see docs/credits.md and preserved source-pack notices.
tracks/GLB Tracks/silverstone_circuit_2024_layout (1)_65.png,images,tracks,138981,f069bf440e4685fc83010b09d4a0a11f61d6ee7d7f6e26ea43d7cd18149cd7f8,retain,"Project course, runtime or authoring resource; static reachability alone cannot prove dynamic use.",See source-specific notices,Historical owner CC0 statement retained; imported metadata and scoped notices recorded separately.,No scoped local notice found; see docs/credits.md and preserved source-pack notices.
tracks/GLB Tracks/silverstone_circuit_2024_layout (1)_66.png,images,tracks,76295,51424e548002e4881ce9b3d0d48ee0139ee7c55427a03b4de181692acc89b905,retain,"Project course, runtime or authoring resource; static reachability alone cannot prove dynamic use.",See source-specific notices,Historical owner CC0 statement retained; imported metadata and scoped notices recorded separately.,No scoped local notice found; see docs/credits.md and preserved source-pack notices.
tracks/GLB Tracks/silverstone_circuit_2024_layout (1)_67.png,images,tracks,57405,8b3e61ab6716668d858f8657b93457b974fc11b7911cc2f71a463af3908b77f6,retain,"Project course, runtime or authoring resource; static reachability alone cannot prove dynamic use.",See source-specific notices,Historical owner CC0 statement retained; imported metadata and scoped notices recorded separately.,No scoped local notice found; see docs/credits.md and preserved source-pack notices.
tracks/GLB Tracks/silverstone_circuit_2024_layout (1)_68.png,images,tracks,413499,224d04efb6b1ad79529a40a3c541fbbe8df02d6b65ca86d450ee16ded231e3a2,retain,"Project course, runtime or authoring resource; static reachability alone cannot prove dynamic use.",See source-specific notices,Historical owner CC0 statement retained; imported metadata and scoped notices recorded separately.,No scoped local notice found; see docs/credits.md and preserved source-pack notices.
tracks/GLB Tracks/silverstone_circuit_2024_layout (1)_7.png,images,tracks,4781,2df3dd53e60ec1611a74908986db1d1db0cc39c1275720774b1b3868c4cfcdbc,retain,"Project course, runtime or authoring resource; static reachability alone cannot prove dynamic use.",See source-specific notices,Historical owner CC0 statement retained; imported metadata and scoped notices recorded separately.,No scoped local notice found; see docs/credits.md and preserved source-pack notices.
tracks/GLB Tracks/silverstone_circuit_2024_layout (1)_8.png,images,tracks,377,2520157a6a10a67542ff8921b1b2b9b50ac4791f6f0db55a7641360ce628e02b,retain,"Project course, runtime or authoring resource; static reachability alone cannot prove dynamic use.",See source-specific notices,Historical owner CC0 statement retained; imported metadata and scoped notices recorded separately.,No scoped local notice found; see docs/credits.md and preserved source-pack notices.
tracks/GLB Tracks/silverstone_circuit_2024_layout (1)_9.png,images,tracks,194988,1840e8d42970f9e592c0c01087abe56f9a84d249538698087edfbaf092c1eb4f,retain,"Project course, runtime or authoring resource; static reachability alone cannot prove dynamic use.",See source-specific notices,Historical owner CC0 statement retained; imported metadata and scoped notices recorded separately.,No scoped local notice found; see docs/credits.md and preserved source-pack notices.
tracks/GLB Tracks/silverstone_circuit_2024_layout.glb,models,tracks,165815852,228c897e5c15674fd62d936160f0599602ca28c61e13aaf32555fd0084d58783,retain,"Project course, runtime or authoring resource; static reachability alone cannot prove dynamic use.",See source-specific notices,Historical owner CC0 statement retained; imported metadata and scoped notices recorded separately.,No scoped local notice found; see docs/credits.md and preserved source-pack notices.
tracks/GLB Tracks/silverstone_circuit_2024_layout_0.png,images,tracks,465174,56cb19eaea84124e6ae8defb87b7ee9de34aa722482eb6cdfc18bd5325f6f6ca,retain,"Project course, runtime or authoring resource; static reachability alone cannot prove dynamic use.",See source-specific notices,Historical owner CC0 statement retained; imported metadata and scoped notices recorded separately.,No scoped local notice found; see docs/credits.md and preserved source-pack notices.
tracks/GLB Tracks/silverstone_circuit_2024_layout_1.png,images,tracks,192187,1b2ab15518cf29dd4e831c1e7dfe0bff6e04598e6dbd60a34f6fce97fe6e5e85,retain,"Project course, runtime or authoring resource; static reachability alone cannot prove dynamic use.",See source-specific notices,Historical owner CC0 statement retained; imported metadata and scoped notices recorded separately.,No scoped local notice found; see docs/credits.md and preserved source-pack notices.
tracks/GLB Tracks/silverstone_circuit_2024_layout_10.png,images,tracks,172661,bed9957fcea126d875b2dae20f877c527abece7e23999852638da03a34d83924,retain,"Project course, runtime or authoring resource; static reachability alone cannot prove dynamic use.",See source-specific notices,Historical owner CC0 statement retained; imported metadata and scoped notices recorded separately.,No scoped local notice found; see docs/credits.md and preserved source-pack notices.
tracks/GLB Tracks/silverstone_circuit_2024_layout_11.png,images,tracks,398186,a068e7666a833163194c07b04df413020fecea41d2fe01e50bf9531fae9368f8,retain,"Project course, runtime or authoring resource; static reachability alone cannot prove dynamic use.",See source-specific notices,Historical owner CC0 statement retained; imported metadata and scoped notices recorded separately.,No scoped local notice found; see docs/credits.md and preserved source-pack notices.
tracks/GLB Tracks/silverstone_circuit_2024_layout_12.png,images,tracks,257805,45311577da01e74a6d81c432322722ec0a2fc17ceacc55a2648fe52c9aad2651,retain,"Project course, runtime or authoring resource; static reachability alone cannot prove dynamic use.",See source-specific notices,Historical owner CC0 statement retained; imported metadata and scoped notices recorded separately.,No scoped local notice found; see docs/credits.md and preserved source-pack notices.
tracks/GLB Tracks/silverstone_circuit_2024_layout_13.png,images,tracks,31881,303c63a24509d8739f282e7ae89fea31776ddb378371fd59055f192e0909b436,retain,"Project course, runtime or authoring resource; static reachability alone cannot prove dynamic use.",See source-specific notices,Historical owner CC0 statement retained; imported metadata and scoped notices recorded separately.,No scoped local notice found; see docs/credits.md and preserved source-pack notices.
tracks/GLB Tracks/silverstone_circuit_2024_layout_14.png,images,tracks,271431,f865d3a4e4bea41357dfccb350c3718f7ba19e1f1330929e2381830f58a221be,retain,"Project course, runtime or authoring resource; static reachability alone cannot prove dynamic use.",See source-specific notices,Historical owner CC0 statement retained; imported metadata and scoped notices recorded separately.,No scoped local notice found; see docs/credits.md and preserved source-pack notices.
tracks/GLB Tracks/silverstone_circuit_2024_layout_15.png,images,tracks,92848,f59efcfc797b6b4a9d7e70ba19ed9b13a92824cc1a51041ae1fcaeb83e191d07,retain,"Project course, runtime or authoring resource; static reachability alone cannot prove dynamic use.",See source-specific notices,Historical owner CC0 statement retained; imported metadata and scoped notices recorded separately.,No scoped local notice found; see docs/credits.md and preserved source-pack notices.
tracks/GLB Tracks/silverstone_circuit_2024_layout_16.png,images,tracks,271299,0069e6fc0b9427eb0d08ae6d24d531d044b73c41cf87bb290b9e2425d9f67ae1,retain,"Project course, runtime or authoring resource; static reachability alone cannot prove dynamic use.",See source-specific notices,Historical owner CC0 statement retained; imported metadata and scoped notices recorded separately.,No scoped local notice found; see docs/credits.md and preserved source-pack notices.
tracks/GLB Tracks/silverstone_circuit_2024_layout_17.png,images,tracks,84,69e116a12c77305f50a4a1e8cac2370f89acdb2c6877da19b7f810e5083d7807,retain,"Project course, runtime or authoring resource; static reachability alone cannot prove dynamic use.",See source-specific notices,Historical owner CC0 statement retained; imported metadata and scoped notices recorded separately.,No scoped local notice found; see docs/credits.md and preserved source-pack notices.
tracks/GLB Tracks/silverstone_circuit_2024_layout_18.png,images,tracks,441878,35a0830edfb1d84a13bfae714e5215bf2fadedb58950743f0438f1a76ddbccd9,retain,"Project course, runtime or authoring resource; static reachability alone cannot prove dynamic use.",See source-specific notices,Historical owner CC0 statement retained; imported metadata and scoped notices recorded separately.,No scoped local notice found; see docs/credits.md and preserved source-pack notices.
tracks/GLB Tracks/silverstone_circuit_2024_layout_19.png,images,tracks,217937,4f8b730fd556aa02be790f9f25a4f1ef741561785f276c67a646d77143f7ae9c,retain,"Project course, runtime or authoring resource; static reachability alone cannot prove dynamic use.",See source-specific notices,Historical owner CC0 statement retained; imported metadata and scoped notices recorded separately.,No scoped local notice found; see docs/credits.md and preserved source-pack notices.
tracks/GLB Tracks/silverstone_circuit_2024_layout_2.png,images,tracks,59531,4ada2b417d1802a546a91cb92fdaf6a256ce32901fc3263268f81bf2b0251785,retain,"Project course, runtime or authoring resource; static reachability alone cannot prove dynamic use.",See source-specific notices,Historical owner CC0 statement retained; imported metadata and scoped notices recorded separately.,No scoped local notice found; see docs/credits.md and preserved source-pack notices.
tracks/GLB Tracks/silverstone_circuit_2024_layout_20.png,images,tracks,240771,ce6aa8f831ef3e4613a6c4d51cc11728c457ee88efc86a639ab6afc2ebb590b6,retain,"Project course, runtime or authoring resource; static reachability alone cannot prove dynamic use.",See source-specific notices,Historical owner CC0 statement retained; imported metadata and scoped notices recorded separately.,No scoped local notice found; see docs/credits.md and preserved source-pack notices.
tracks/GLB Tracks/silverstone_circuit_2024_layout_21.png,images,tracks,114668,f4ca0305cf18c923584c0ab407b992aba25137d74982e7117d227274e6a9547a,retain,"Project course, runtime or authoring resource; static reachability alone cannot prove dynamic use.",See source-specific notices,Historical owner CC0 statement retained; imported metadata and scoped notices recorded separately.,No scoped local notice found; see docs/credits.md and preserved source-pack notices.
tracks/GLB Tracks/silverstone_circuit_2024_layout_22.png,images,tracks,90873,50c869681356476a97ad76a2fdb22283d5b64bcc89682b777b5ce528ec318c3f,retain,"Project course, runtime or authoring resource; static reachability alone cannot prove dynamic use.",See source-specific notices,Historical owner CC0 statement retained; imported metadata and scoped notices recorded separately.,No scoped local notice found; see docs/credits.md and preserved source-pack notices.
tracks/GLB Tracks/silverstone_circuit_2024_layout_23.png,images,tracks,226870,7efa2d3b4c591d907da56c9bbbe6cf74f3ba52e35850eb68c22b087e76e47d43,retain,"Project course, runtime or authoring resource; static reachability alone cannot prove dynamic use.",See source-specific notices,Historical owner CC0 statement retained; imported metadata and scoped notices recorded separately.,No scoped local notice found; see docs/credits.md and preserved source-pack notices.
tracks/GLB Tracks/silverstone_circuit_2024_layout_24.png,images,tracks,106975,2423b656acf11e8e19573c5f09441f532260e897290065e988dfc8f89a23d4a5,retain,"Project course, runtime or authoring resource; static reachability alone cannot prove dynamic use.",See source-specific notices,Historical owner CC0 statement retained; imported metadata and scoped notices recorded separately.,No scoped local notice found; see docs/credits.md and preserved source-pack notices.
tracks/GLB Tracks/silverstone_circuit_2024_layout_25.png,images,tracks,56829,2bf7bfbcc2ff4b0e2a73f985708b1086bfe2dcda019762e5c0ca43cd8b16ffbc,retain,"Project course, runtime or authoring resource; static reachability alone cannot prove dynamic use.",See source-specific notices,Historical owner CC0 statement retained; imported metadata and scoped notices recorded separately.,No scoped local notice found; see docs/credits.md and preserved source-pack notices.
tracks/GLB Tracks/silverstone_circuit_2024_layout_26.png,images,tracks,477,d2c40dd44cf804ac781ca49a46233706380d5a38f824c7499e00b725129203d0,retain,"Project course, runtime or authoring resource; static reachability alone cannot prove dynamic use.",See source-specific notices,Historical owner CC0 statement retained; imported metadata and scoped notices recorded separately.,No scoped local notice found; see docs/credits.md and preserved source-pack notices.
tracks/GLB Tracks/silverstone_circuit_2024_layout_27.png,images,tracks,243,a110e63e2ab137f9d6ce0694cd4a6003f98968998e34586a1426cd264267c4e2,retain,"Project course, runtime or authoring resource; static reachability alone cannot prove dynamic use.",See source-specific notices,Historical owner CC0 statement retained; imported metadata and scoped notices recorded separately.,No scoped local notice found; see docs/credits.md and preserved source-pack notices.
tracks/GLB Tracks/silverstone_circuit_2024_layout_28.png,images,tracks,69,eef144d685cefeb857f4522cac723df922cb82e92b39fa513285622ff1969ee5,retain,"Project course, runtime or authoring resource; static reachability alone cannot prove dynamic use.",See source-specific notices,Historical owner CC0 statement retained; imported metadata and scoped notices recorded separately.,No scoped local notice found; see docs/credits.md and preserved source-pack notices.
tracks/GLB Tracks/silverstone_circuit_2024_layout_29.png,images,tracks,19636,2a332ce9ac576657fd6b04c4a5a10b01ba80f610f7894ce3d2eaabc24ba76eaf,retain,"Project course, runtime or authoring resource; static reachability alone cannot prove dynamic use.",See source-specific notices,Historical owner CC0 statement retained; imported metadata and scoped notices recorded separately.,No scoped local notice found; see docs/credits.md and preserved source-pack notices.
tracks/GLB Tracks/silverstone_circuit_2024_layout_3.png,images,tracks,92809,d5d26d297c2d393eef5d6a5cededc138af7317127564c05ab0587452d74d111f,retain,"Project course, runtime or authoring resource; static reachability alone cannot prove dynamic use.",See source-specific notices,Historical owner CC0 statement retained; imported metadata and scoped notices recorded separately.,No scoped local notice found; see docs/credits.md and preserved source-pack notices.
tracks/GLB Tracks/silverstone_circuit_2024_layout_30.png,images,tracks,481201,4499363f8bf0deaa7ee1a1e371fa65dd0bbe9e42ad3ca950427f506308d114af,retain,"Project course, runtime or authoring resource; static reachability alone cannot prove dynamic use.",See source-specific notices,Historical owner CC0 statement retained; imported metadata and scoped notices recorded separately.,No scoped local notice found; see docs/credits.md and preserved source-pack notices.
tracks/GLB Tracks/silverstone_circuit_2024_layout_31.png,images,tracks,87,36746d9130d054253babcfee26a17c0a4dc03bcde3fe4167513a0166ef237b60,retain,"Project course, runtime or authoring resource; static reachability alone cannot prove dynamic use.",See source-specific notices,Historical owner CC0 statement retained; imported metadata and scoped notices recorded separately.,No scoped local notice found; see docs/credits.md and preserved source-pack notices.
tracks/GLB Tracks/silverstone_circuit_2024_layout_32.png,images,tracks,9768,c7dedd63b7cd2a266bb3d015d9f807e8e6ff6171dd007a36584a9f13f5cc8f27,retain,"Project course, runtime or authoring resource; static reachability alone cannot prove dynamic use.",See source-specific notices,Historical owner CC0 statement retained; imported metadata and scoped notices recorded separately.,No scoped local notice found; see docs/credits.md and preserved source-pack notices.
tracks/GLB Tracks/silverstone_circuit_2024_layout_33.png,images,tracks,99577,0e2692b9993901fa1ae86f98206088712a5d3b03e4f3a34c397e0e78fb6cfaa7,retain,"Project course, runtime or authoring resource; static reachability alone cannot prove dynamic use.",See source-specific notices,Historical owner CC0 statement retained; imported metadata and scoped notices recorded separately.,No scoped local notice found; see docs/credits.md and preserved source-pack notices.
tracks/GLB Tracks/silverstone_circuit_2024_layout_34.png,images,tracks,667075,d54e24ad152acea9d371dd173b30c37373ed09e5dcf9deee278ebbc93d0f2bbd,retain,"Project course, runtime or authoring resource; static reachability alone cannot prove dynamic use.",See source-specific notices,Historical owner CC0 statement retained; imported metadata and scoped notices recorded separately.,No scoped local notice found; see docs/credits.md and preserved source-pack notices.
tracks/GLB Tracks/silverstone_circuit_2024_layout_35.png,images,tracks,575132,663379bb35c8e9de0088ecf6e90843900bc65cd158733bb94d5cb6b2dbe54e53,retain,"Project course, runtime or authoring resource; static reachability alone cannot prove dynamic use.",See source-specific notices,Historical owner CC0 statement retained; imported metadata and scoped notices recorded separately.,No scoped local notice found; see docs/credits.md and preserved source-pack notices.
tracks/GLB Tracks/silverstone_circuit_2024_layout_36.png,images,tracks,164810,e1bbd514e4347e47930a5a47cccdd88f348ff303a4f8b59150f53b8aab45c740,retain,"Project course, runtime or authoring resource; static reachability alone cannot prove dynamic use.",See source-specific notices,Historical owner CC0 statement retained; imported metadata and scoped notices recorded separately.,No scoped local notice found; see docs/credits.md and preserved source-pack notices.
tracks/GLB Tracks/silverstone_circuit_2024_layout_37.png,images,tracks,374,fe052d28945425ee52b402e35bb008424c0b3bc7cbfdf7a18cb454e911dbbdb0,retain,"Project course, runtime or authoring resource; static reachability alone cannot prove dynamic use.",See source-specific notices,Historical owner CC0 statement retained; imported metadata and scoped notices recorded separately.,No scoped local notice found; see docs/credits.md and preserved source-pack notices.
tracks/GLB Tracks/silverstone_circuit_2024_layout_38.png,images,tracks,1765,41b6d51fb865f18449c38eb9946f5da50d797ddb428040cd62ea0e05f978dd1f,retain,"Project course, runtime or authoring resource; static reachability alone cannot prove dynamic use.",See source-specific notices,Historical owner CC0 statement retained; imported metadata and scoped notices recorded separately.,No scoped local notice found; see docs/credits.md and preserved source-pack notices.
tracks/GLB Tracks/silverstone_circuit_2024_layout_39.png,images,tracks,949,3f964d84e205957e32c486f7eb0c9cb32f2c11d2f6cdcdb00b77e3f8d2433866,retain,"Project course, runtime or authoring resource; static reachability alone cannot prove dynamic use.",See source-specific notices,Historical owner CC0 statement retained; imported metadata and scoped notices recorded separately.,No scoped local notice found; see docs/credits.md and preserved source-pack notices.
tracks/GLB Tracks/silverstone_circuit_2024_layout_4.png,images,tracks,4810,dbf6f03eb9967c8b3411dcfc28f85ab6e448b89d95da7f426849b425d6c3e0c1,retain,"Project course, runtime or authoring resource; static reachability alone cannot prove dynamic use.",See source-specific notices,Historical owner CC0 statement retained; imported metadata and scoped notices recorded separately.,No scoped local notice found; see docs/credits.md and preserved source-pack notices.
tracks/GLB Tracks/silverstone_circuit_2024_layout_40.png,images,tracks,27688,881e58976dd418faeab2c5bb3c10ec6546ed2ad632cf50cbd64d38aa28dae7fb,retain,"Project course, runtime or authoring resource; static reachability alone cannot prove dynamic use.",See source-specific notices,Historical owner CC0 statement retained; imported metadata and scoped notices recorded separately.,No scoped local notice found; see docs/credits.md and preserved source-pack notices.
tracks/GLB Tracks/silverstone_circuit_2024_layout_41.png,images,tracks,581060,410ab3b1f33f8920ca7d51b5b8c1f12b50273d4286f014c91908ce3348bed4a0,retain,"Project course, runtime or authoring resource; static reachability alone cannot prove dynamic use.",See source-specific notices,Historical owner CC0 statement retained; imported metadata and scoped notices recorded separately.,No scoped local notice found; see docs/credits.md and preserved source-pack notices.
tracks/GLB Tracks/silverstone_circuit_2024_layout_42.png,images,tracks,463116,7a670009c99acadb049bf8b3a17fe7df3b69d3dd72dfababe15508fdb3f465e7,retain,"Project course, runtime or authoring resource; static reachability alone cannot prove dynamic use.",See source-specific notices,Historical owner CC0 statement retained; imported metadata and scoped notices recorded separately.,No scoped local notice found; see docs/credits.md and preserved source-pack notices.
tracks/GLB Tracks/silverstone_circuit_2024_layout_43.png,images,tracks,265724,7a2c05675e4d0f028eb99b2c73d6c47a3aa92c5ac5bd66e5f9383c91effac462,retain,"Project course, runtime or authoring resource; static reachability alone cannot prove dynamic use.",See source-specific notices,Historical owner CC0 statement retained; imported metadata and scoped notices recorded separately.,No scoped local notice found; see docs/credits.md and preserved source-pack notices.
tracks/GLB Tracks/silverstone_circuit_2024_layout_44.png,images,tracks,176704,158b7500cff75412b2bbd0391ebd87118c4aa1a4fd762aa188d3425e48497986,retain,"Project course, runtime or authoring resource; static reachability alone cannot prove dynamic use.",See source-specific notices,Historical owner CC0 statement retained; imported metadata and scoped notices recorded separately.,No scoped local notice found; see docs/credits.md and preserved source-pack notices.
tracks/GLB Tracks/silverstone_circuit_2024_layout_45.png,images,tracks,920,72987a2de68a7817232066666b03ec8229d125a16c0dc84b4e40b0d3c3391b4a,retain,"Project course, runtime or authoring resource; static reachability alone cannot prove dynamic use.",See source-specific notices,Historical owner CC0 statement retained; imported metadata and scoped notices recorded separately.,No scoped local notice found; see docs/credits.md and preserved source-pack notices.
tracks/GLB Tracks/silverstone_circuit_2024_layout_46.png,images,tracks,503,085fc6b65e48501481f5d108ea9effd4f3204c6575ad9097775680ff1822018a,retain,"Project course, runtime or authoring resource; static reachability alone cannot prove dynamic use.",See source-specific notices,Historical owner CC0 statement retained; imported metadata and scoped notices recorded separately.,No scoped local notice found; see docs/credits.md and preserved source-pack notices.
tracks/GLB Tracks/silverstone_circuit_2024_layout_47.png,images,tracks,324818,ad72faa96a6128037ac6004f06a8f749f20290d8cc99b644b01d59d9640ab743,retain,"Project course, runtime or authoring resource; static reachability alone cannot prove dynamic use.",See source-specific notices,Historical owner CC0 statement retained; imported metadata and scoped notices recorded separately.,No scoped local notice found; see docs/credits.md and preserved source-pack notices.
tracks/GLB Tracks/silverstone_circuit_2024_layout_48.png,images,tracks,132452,32274fd845d2de8f7dfe32cf9efbba2f0be37c25abc797062c5b18539cc7f6c1,retain,"Project course, runtime or authoring resource; static reachability alone cannot prove dynamic use.",See source-specific notices,Historical owner CC0 statement retained; imported metadata and scoped notices recorded separately.,No scoped local notice found; see docs/credits.md and preserved source-pack notices.
tracks/GLB Tracks/silverstone_circuit_2024_layout_49.png,images,tracks,5108,3d224d77dc9e6b8daf27c5d6def05b54d78e69a24e45a7ef422f10bb8ecc7919,retain,"Project course, runtime or authoring resource; static reachability alone cannot prove dynamic use.",See source-specific notices,Historical owner CC0 statement retained; imported metadata and scoped notices recorded separately.,No scoped local notice found; see docs/credits.md and preserved source-pack notices.
tracks/GLB Tracks/silverstone_circuit_2024_layout_5.png,images,tracks,126,a95daf5de70169a0c607318ddd7f748d89c7586fbd5ac3a5936c82971454e63a,retain,"Project course, runtime or authoring resource; static reachability alone cannot prove dynamic use.",See source-specific notices,Historical owner CC0 statement retained; imported metadata and scoped notices recorded separately.,No scoped local notice found; see docs/credits.md and preserved source-pack notices.
tracks/GLB Tracks/silverstone_circuit_2024_layout_50.png,images,tracks,263100,6ca58eaaa5a56794e908560c8fc6ac1403f40ae862c41c6e77ce603daed7c8b0,retain,"Project course, runtime or authoring resource; static reachability alone cannot prove dynamic use.",See source-specific notices,Historical owner CC0 statement retained; imported metadata and scoped notices recorded separately.,No scoped local notice found; see docs/credits.md and preserved source-pack notices.
tracks/GLB Tracks/silverstone_circuit_2024_layout_51.png,images,tracks,213762,e4067e80e396bdf36bd60535b36a16fd4021d226ba4703c1b1a6b59d5777a568,retain,"Project course, runtime or authoring resource; static reachability alone cannot prove dynamic use.",See source-specific notices,Historical owner CC0 statement retained; imported metadata and scoped notices recorded separately.,No scoped local notice found; see docs/credits.md and preserved source-pack notices.
tracks/GLB Tracks/silverstone_circuit_2024_layout_52.png,images,tracks,95650,36327db237c0f98e5ee9dcbde82b0bf4d93c71403c7cefca3c32affe35521a72,retain,"Project course, runtime or authoring resource; static reachability alone cannot prove dynamic use.",See source-specific notices,Historical owner CC0 statement retained; imported metadata and scoped notices recorded separately.,No scoped local notice found; see docs/credits.md and preserved source-pack notices.
tracks/GLB Tracks/silverstone_circuit_2024_layout_53.png,images,tracks,163990,8479f2a656ec7df62bc7de15c091a910ed462e1562ef6750b88e696109745271,retain,"Project course, runtime or authoring resource; static reachability alone cannot prove dynamic use.",See source-specific notices,Historical owner CC0 statement retained; imported metadata and scoped notices recorded separately.,No scoped local notice found; see docs/credits.md and preserved source-pack notices.
tracks/GLB Tracks/silverstone_circuit_2024_layout_54.png,images,tracks,87450,308b03475ebead46c0e338faf1b52b8acc9eab2ca88328e2949592675570fb70,retain,"Project course, runtime or authoring resource; static reachability alone cannot prove dynamic use.",See source-specific notices,Historical owner CC0 statement retained; imported metadata and scoped notices recorded separately.,No scoped local notice found; see docs/credits.md and preserved source-pack notices.
tracks/GLB Tracks/silverstone_circuit_2024_layout_55.png,images,tracks,21858,dd48d464db2f7ad72b26026ab3b06140ec8723dd2c3ce8d974470dcecaea062b,retain,"Project course, runtime or authoring resource; static reachability alone cannot prove dynamic use.",See source-specific notices,Historical owner CC0 statement retained; imported metadata and scoped notices recorded separately.,No scoped local notice found; see docs/credits.md and preserved source-pack notices.
tracks/GLB Tracks/silverstone_circuit_2024_layout_56.png,images,tracks,41994,4e00766e76c873a4822a182f7157722e86a43097eb2d4e021e139ed05e40ee5e,retain,"Project course, runtime or authoring resource; static reachability alone cannot prove dynamic use.",See source-specific notices,Historical owner CC0 statement retained; imported metadata and scoped notices recorded separately.,No scoped local notice found; see docs/credits.md and preserved source-pack notices.
tracks/GLB Tracks/silverstone_circuit_2024_layout_57.png,images,tracks,381360,0ceea833c433980a8ba8a8ac662ec9f89e6670761e76f19e4b986a0769fccb2e,retain,"Project course, runtime or authoring resource; static reachability alone cannot prove dynamic use.",See source-specific notices,Historical owner CC0 statement retained; imported metadata and scoped notices recorded separately.,No scoped local notice found; see docs/credits.md and preserved source-pack notices.
tracks/GLB Tracks/silverstone_circuit_2024_layout_58.png,images,tracks,75304,e9e7ed0770ef591dcbcb54a7d30b5e45a93bf72c531b406bf3c933aa284b720b,retain,"Project course, runtime or authoring resource; static reachability alone cannot prove dynamic use.",See source-specific notices,Historical owner CC0 statement retained; imported metadata and scoped notices recorded separately.,No scoped local notice found; see docs/credits.md and preserved source-pack notices.
tracks/GLB Tracks/silverstone_circuit_2024_layout_59.png,images,tracks,28667262,c64c9f68487413475463c665c495a9403f29422fa109f78b094753d65fa2ef81,retain,"Project course, runtime or authoring resource; static reachability alone cannot prove dynamic use.",See source-specific notices,Historical owner CC0 statement retained; imported metadata and scoped notices recorded separately.,No scoped local notice found; see docs/credits.md and preserved source-pack notices.
tracks/GLB Tracks/silverstone_circuit_2024_layout_6.png,images,tracks,507832,680b54658dd06ad651a0b657bda01c5d7f7218114159d62f4cc982c0bbfc405a,retain,"Project course, runtime or authoring resource; static reachability alone cannot prove dynamic use.",See source-specific notices,Historical owner CC0 statement retained; imported metadata and scoped notices recorded separately.,No scoped local notice found; see docs/credits.md and preserved source-pack notices.
tracks/GLB Tracks/silverstone_circuit_2024_layout_60.png,images,tracks,14120287,d0c54123b767a96c31b4d750a0b1d08022bbfaffd889373e5b5c92558220a796,retain,"Project course, runtime or authoring resource; static reachability alone cannot prove dynamic use.",See source-specific notices,Historical owner CC0 statement retained; imported metadata and scoped notices recorded separately.,No scoped local notice found; see docs/credits.md and preserved source-pack notices.
tracks/GLB Tracks/silverstone_circuit_2024_layout_61.png,images,tracks,8056063,37c7d2f2de2008b7714c5cd6833ac2f9f2fee135b792e729a99a45ecfc3384ac,retain,"Project course, runtime or authoring resource; static reachability alone cannot prove dynamic use.",See source-specific notices,Historical owner CC0 statement retained; imported metadata and scoped notices recorded separately.,No scoped local notice found; see docs/credits.md and preserved source-pack notices.
tracks/GLB Tracks/silverstone_circuit_2024_layout_62.png,images,tracks,399652,f390bc6d6c3489af58131f0199813b2ed241358d176635250b5d5f99f85731ef,retain,"Project course, runtime or authoring resource; static reachability alone cannot prove dynamic use.",See source-specific notices,Historical owner CC0 statement retained; imported metadata and scoped notices recorded separately.,No scoped local notice found; see docs/credits.md and preserved source-pack notices.
tracks/GLB Tracks/silverstone_circuit_2024_layout_63.png,images,tracks,38068,8ad0a75345327c61f2ba5e6535621aa10abf5102a23ad9367f08186f412237ed,retain,"Project course, runtime or authoring resource; static reachability alone cannot prove dynamic use.",See source-specific notices,Historical owner CC0 statement retained; imported metadata and scoped notices recorded separately.,No scoped local notice found; see docs/credits.md and preserved source-pack notices.
tracks/GLB Tracks/silverstone_circuit_2024_layout_64.png,images,tracks,72808,20b99fee2d25d9f9a597d1dfbbf035f177a65925be2ceae61c6cebbbf8322f7b,retain,"Project course, runtime or authoring resource; static reachability alone cannot prove dynamic use.",See source-specific notices,Historical owner CC0 statement retained; imported metadata and scoped notices recorded separately.,No scoped local notice found; see docs/credits.md and preserved source-pack notices.
tracks/GLB Tracks/silverstone_circuit_2024_layout_65.png,images,tracks,138981,f069bf440e4685fc83010b09d4a0a11f61d6ee7d7f6e26ea43d7cd18149cd7f8,retain,"Project course, runtime or authoring resource; static reachability alone cannot prove dynamic use.",See source-specific notices,Historical owner CC0 statement retained; imported metadata and scoped notices recorded separately.,No scoped local notice found; see docs/credits.md and preserved source-pack notices.
tracks/GLB Tracks/silverstone_circuit_2024_layout_66.png,images,tracks,76295,51424e548002e4881ce9b3d0d48ee0139ee7c55427a03b4de181692acc89b905,retain,"Project course, runtime or authoring resource; static reachability alone cannot prove dynamic use.",See source-specific notices,Historical owner CC0 statement retained; imported metadata and scoped notices recorded separately.,No scoped local notice found; see docs/credits.md and preserved source-pack notices.
tracks/GLB Tracks/silverstone_circuit_2024_layout_67.png,images,tracks,57405,8b3e61ab6716668d858f8657b93457b974fc11b7911cc2f71a463af3908b77f6,retain,"Project course, runtime or authoring resource; static reachability alone cannot prove dynamic use.",See source-specific notices,Historical owner CC0 statement retained; imported metadata and scoped notices recorded separately.,No scoped local notice found; see docs/credits.md and preserved source-pack notices.
tracks/GLB Tracks/silverstone_circuit_2024_layout_68.png,images,tracks,413499,224d04efb6b1ad79529a40a3c541fbbe8df02d6b65ca86d450ee16ded231e3a2,retain,"Project course, runtime or authoring resource; static reachability alone cannot prove dynamic use.",See source-specific notices,Historical owner CC0 statement retained; imported metadata and scoped notices recorded separately.,No scoped local notice found; see docs/credits.md and preserved source-pack notices.
tracks/GLB Tracks/silverstone_circuit_2024_layout_7.png,images,tracks,4781,2df3dd53e60ec1611a74908986db1d1db0cc39c1275720774b1b3868c4cfcdbc,retain,"Project course, runtime or authoring resource; static reachability alone cannot prove dynamic use.",See source-specific notices,Historical owner CC0 statement retained; imported metadata and scoped notices recorded separately.,No scoped local notice found; see docs/credits.md and preserved source-pack notices.
tracks/GLB Tracks/silverstone_circuit_2024_layout_8.png,images,tracks,377,2520157a6a10a67542ff8921b1b2b9b50ac4791f6f0db55a7641360ce628e02b,retain,"Project course, runtime or authoring resource; static reachability alone cannot prove dynamic use.",See source-specific notices,Historical owner CC0 statement retained; imported metadata and scoped notices recorded separately.,No scoped local notice found; see docs/credits.md and preserved source-pack notices.
tracks/GLB Tracks/silverstone_circuit_2024_layout_9.png,images,tracks,194988,1840e8d42970f9e592c0c01087abe56f9a84d249538698087edfbaf092c1eb4f,retain,"Project course, runtime or authoring resource; static reachability alone cannot prove dynamic use.",See source-specific notices,Historical owner CC0 statement retained; imported metadata and scoped notices recorded separately.,No scoped local notice found; see docs/credits.md and preserved source-pack notices.
tracks/GLB Tracks/suzuka_circuit_2001_layout.glb,models,tracks,61987648,9992eb661a919a59911f048f77fd73e5948e6f72bdbc7abcd704a68f749036b9,retain,"Project course, runtime or authoring resource; static reachability alone cannot prove dynamic use.",See source-specific notices,Historical owner CC0 statement retained; imported metadata and scoped notices recorded separately.,No scoped local notice found; see docs/credits.md and preserved source-pack notices.
tracks/GLB Tracks/suzuka_circuit_2001_layout_0.png,images,tracks,69266,36abc93cd3493bd31bb8680edcdf3f13bf50f823d7f9b8772ac493aadef83350,retain,"Project course, runtime or authoring resource; static reachability alone cannot prove dynamic use.",See source-specific notices,Historical owner CC0 statement retained; imported metadata and scoped notices recorded separately.,No scoped local notice found; see docs/credits.md and preserved source-pack notices.
tracks/GLB Tracks/suzuka_circuit_2001_layout_1.png,images,tracks,314267,5ece43d0a3efcc82190f17dd392de1093ecaedadc05fa13972764bb4b55017fb,retain,"Project course, runtime or authoring resource; static reachability alone cannot prove dynamic use.",See source-specific notices,Historical owner CC0 statement retained; imported metadata and scoped notices recorded separately.,No scoped local notice found; see docs/credits.md and preserved source-pack notices.
tracks/GLB Tracks/suzuka_circuit_2001_layout_10.png,images,tracks,30408,3f04d8791d8bca1712f2666d2555ce2cfb506badb7a47cf4b917a0611baf5787,retain,"Project course, runtime or authoring resource; static reachability alone cannot prove dynamic use.",See source-specific notices,Historical owner CC0 statement retained; imported metadata and scoped notices recorded separately.,No scoped local notice found; see docs/credits.md and preserved source-pack notices.
tracks/GLB Tracks/suzuka_circuit_2001_layout_100.png,images,tracks,14819,2d2137bd3d34ad0b6cc67d3cbf8102235de3f9026499fbe2a30c61f6ba423208,retain,"Project course, runtime or authoring resource; static reachability alone cannot prove dynamic use.",See source-specific notices,Historical owner CC0 statement retained; imported metadata and scoped notices recorded separately.,No scoped local notice found; see docs/credits.md and preserved source-pack notices.
tracks/GLB Tracks/suzuka_circuit_2001_layout_101.png,images,tracks,670,a0afa64f4b4dcb45d1ed959a4da2811837a617e4a7be1598af73280f47f5a7e0,retain,"Project course, runtime or authoring resource; static reachability alone cannot prove dynamic use.",See source-specific notices,Historical owner CC0 statement retained; imported metadata and scoped notices recorded separately.,No scoped local notice found; see docs/credits.md and preserved source-pack notices.
tracks/GLB Tracks/suzuka_circuit_2001_layout_102.png,images,tracks,809923,e49026078e22af1cf3172a29bba80ed57ab9fa7369755ace0a3b90fca108ea2c,retain,"Project course, runtime or authoring resource; static reachability alone cannot prove dynamic use.",See source-specific notices,Historical owner CC0 statement retained; imported metadata and scoped notices recorded separately.,No scoped local notice found; see docs/credits.md and preserved source-pack notices.
tracks/GLB Tracks/suzuka_circuit_2001_layout_103.png,images,tracks,605443,b5c27e435978cebe953a44e4b2b4257ffe7c05f3ce12253bc94363d7597d8429,retain,"Project course, runtime or authoring resource; static reachability alone cannot prove dynamic use.",See source-specific notices,Historical owner CC0 statement retained; imported metadata and scoped notices recorded separately.,No scoped local notice found; see docs/credits.md and preserved source-pack notices.
tracks/GLB Tracks/suzuka_circuit_2001_layout_104.png,images,tracks,44463,46d62cd0901d59d4cc9cef8657711e170e89ca41c03df60939dda248445c4f77,retain,"Project course, runtime or authoring resource; static reachability alone cannot prove dynamic use.",See source-specific notices,Historical owner CC0 statement retained; imported metadata and scoped notices recorded separately.,No scoped local notice found; see docs/credits.md and preserved source-pack notices.
tracks/GLB Tracks/suzuka_circuit_2001_layout_105.png,images,tracks,291734,046f70eb3ad2cc975ec288afb5168992241d3a53d7026cfde60c24b0d2769c37,retain,"Project course, runtime or authoring resource; static reachability alone cannot prove dynamic use.",See source-specific notices,Historical owner CC0 statement retained; imported metadata and scoped notices recorded separately.,No scoped local notice found; see docs/credits.md and preserved source-pack notices.
tracks/GLB Tracks/suzuka_circuit_2001_layout_106.png,images,tracks,1766651,a1d0f5c3e7b90db2c5e18ef174808b9ce2d2adcc2ba896d6e8124fcf480dd681,retain,"Project course, runtime or authoring resource; static reachability alone cannot prove dynamic use.",See source-specific notices,Historical owner CC0 statement retained; imported metadata and scoped notices recorded separately.,No scoped local notice found; see docs/credits.md and preserved source-pack notices.
tracks/GLB Tracks/suzuka_circuit_2001_layout_107.png,images,tracks,1432851,6d863d3cd1a1f6ec32899cbbd2201722f31ccfcd601e0dada1921e22ac3e0bb5,retain,"Project course, runtime or authoring resource; static reachability alone cannot prove dynamic use.",See source-specific notices,Historical owner CC0 statement retained; imported metadata and scoped notices recorded separately.,No scoped local notice found; see docs/credits.md and preserved source-pack notices.
tracks/GLB Tracks/suzuka_circuit_2001_layout_108.png,images,tracks,513868,c24be447c2e8dd9c705c91493fcc5448485d85bb91787c87a28fdf0727aa3d32,retain,"Project course, runtime or authoring resource; static reachability alone cannot prove dynamic use.",See source-specific notices,Historical owner CC0 statement retained; imported metadata and scoped notices recorded separately.,No scoped local notice found; see docs/credits.md and preserved source-pack notices.
tracks/GLB Tracks/suzuka_circuit_2001_layout_109.png,images,tracks,578264,1945a580c76060b83177fec05d09f54e52eceffc68763ecd2310ea8565e55a30,retain,"Project course, runtime or authoring resource; static reachability alone cannot prove dynamic use.",See source-specific notices,Historical owner CC0 statement retained; imported metadata and scoped notices recorded separately.,No scoped local notice found; see docs/credits.md and preserved source-pack notices.
tracks/GLB Tracks/suzuka_circuit_2001_layout_11.png,images,tracks,132604,408523739ca6dd2ae529bac811ff93ac8db6a67279e0c7c67c83767ac3e890ef,retain,"Project course, runtime or authoring resource; static reachability alone cannot prove dynamic use.",See source-specific notices,Historical owner CC0 statement retained; imported metadata and scoped notices recorded separately.,No scoped local notice found; see docs/credits.md and preserved source-pack notices.
tracks/GLB Tracks/suzuka_circuit_2001_layout_110.png,images,tracks,19715,2a980fc954ddf90bb2bda093ef8da2be281ab514645dbd478ad509fdf591c007,retain,"Project course, runtime or authoring resource; static reachability alone cannot prove dynamic use.",See source-specific notices,Historical owner CC0 statement retained; imported metadata and scoped notices recorded separately.,No scoped local notice found; see docs/credits.md and preserved source-pack notices.
tracks/GLB Tracks/suzuka_circuit_2001_layout_111.png,images,tracks,219953,55c96fddc3e6be47bc6ccbf5d1b1427c642e7ece6e8fa75deb21e822afb502ab,retain,"Project course, runtime or authoring resource; static reachability alone cannot prove dynamic use.",See source-specific notices,Historical owner CC0 statement retained; imported metadata and scoped notices recorded separately.,No scoped local notice found; see docs/credits.md and preserved source-pack notices.
tracks/GLB Tracks/suzuka_circuit_2001_layout_12.png,images,tracks,130492,455d5b9fa323c19eb88299079e1351553a3fec510023f6a86342a01063148b93,retain,"Project course, runtime or authoring resource; static reachability alone cannot prove dynamic use.",See source-specific notices,Historical owner CC0 statement retained; imported metadata and scoped notices recorded separately.,No scoped local notice found; see docs/credits.md and preserved source-pack notices.
tracks/GLB Tracks/suzuka_circuit_2001_layout_13.png,images,tracks,158887,904bf2fd010436d8284a3d995870b9c82ed93ae5991a64e91e4e6f47ce5e28a1,retain,"Project course, runtime or authoring resource; static reachability alone cannot prove dynamic use.",See source-specific notices,Historical owner CC0 statement retained; imported metadata and scoped notices recorded separately.,No scoped local notice found; see docs/credits.md and preserved source-pack notices.
tracks/GLB Tracks/suzuka_circuit_2001_layout_14.png,images,tracks,248852,8d55e9bf86ab8bdd09d5d0c8866a1ee571db00be13e26dd99041603affd2e958,retain,"Project course, runtime or authoring resource; static reachability alone cannot prove dynamic use.",See source-specific notices,Historical owner CC0 statement retained; imported metadata and scoped notices recorded separately.,No scoped local notice found; see docs/credits.md and preserved source-pack notices.
tracks/GLB Tracks/suzuka_circuit_2001_layout_15.png,images,tracks,43703,9bb0c2f4e5893e4ea2ddf6e101a715ce78f6aaf5bd079d486a736da5cd9329c9,retain,"Project course, runtime or authoring resource; static reachability alone cannot prove dynamic use.",See source-specific notices,Historical owner CC0 statement retained; imported metadata and scoped notices recorded separately.,No scoped local notice found; see docs/credits.md and preserved source-pack notices.
tracks/GLB Tracks/suzuka_circuit_2001_layout_16.png,images,tracks,47517,407808ca4d89b1621ba5f95eb0b130cb79369b096ca1ceb185f8e498974ee55d,retain,"Project course, runtime or authoring resource; static reachability alone cannot prove dynamic use.",See source-specific notices,Historical owner CC0 statement retained; imported metadata and scoped notices recorded separately.,No scoped local notice found; see docs/credits.md and preserved source-pack notices.
tracks/GLB Tracks/suzuka_circuit_2001_layout_17.png,images,tracks,145243,8fea12e0fe2dc70a15000d9f36fd6771f3b03a61b333288c961b01ddd92d0a83,retain,"Project course, runtime or authoring resource; static reachability alone cannot prove dynamic use.",See source-specific notices,Historical owner CC0 statement retained; imported metadata and scoped notices recorded separately.,No scoped local notice found; see docs/credits.md and preserved source-pack notices.
tracks/GLB Tracks/suzuka_circuit_2001_layout_18.png,images,tracks,163948,fdc39605e612a0d37e9e5ea3fc8de4ffc025362ccc804268bdcdd1d13f62d0bf,retain,"Project course, runtime or authoring resource; static reachability alone cannot prove dynamic use.",See source-specific notices,Historical owner CC0 statement retained; imported metadata and scoped notices recorded separately.,No scoped local notice found; see docs/credits.md and preserved source-pack notices.
tracks/GLB Tracks/suzuka_circuit_2001_layout_19.png,images,tracks,490604,b57e8f2791752d37a790a10f990a0b658c008fb1b65af44d6bf286dd217a3f02,retain,"Project course, runtime or authoring resource; static reachability alone cannot prove dynamic use.",See source-specific notices,Historical owner CC0 statement retained; imported metadata and scoped notices recorded separately.,No scoped local notice found; see docs/credits.md and preserved source-pack notices.
tracks/GLB Tracks/suzuka_circuit_2001_layout_2.png,images,tracks,383953,56d22faa57ac9b2d3563c25f387fd22bdb05dc75c7e170ff2424c1277b7c094a,retain,"Project course, runtime or authoring resource; static reachability alone cannot prove dynamic use.",See source-specific notices,Historical owner CC0 statement retained; imported metadata and scoped notices recorded separately.,No scoped local notice found; see docs/credits.md and preserved source-pack notices.
tracks/GLB Tracks/suzuka_circuit_2001_layout_20.png,images,tracks,243120,6e47fb9ec806465e6ea6e62777decde82b5418cf52d31e1da5271488eb514ef8,retain,"Project course, runtime or authoring resource; static reachability alone cannot prove dynamic use.",See source-specific notices,Historical owner CC0 statement retained; imported metadata and scoped notices recorded separately.,No scoped local notice found; see docs/credits.md and preserved source-pack notices.
tracks/GLB Tracks/suzuka_circuit_2001_layout_21.png,images,tracks,619513,cb4c4702e5079215ef27f43416baecad3984bddb39e73d13c77928225fd2c3b6,retain,"Project course, runtime or authoring resource; static reachability alone cannot prove dynamic use.",See source-specific notices,Historical owner CC0 statement retained; imported metadata and scoped notices recorded separately.,No scoped local notice found; see docs/credits.md and preserved source-pack notices.
tracks/GLB Tracks/suzuka_circuit_2001_layout_22.png,images,tracks,16441,0b87405a4b9760d91ff562fbd9e0e989b48c694ab486745b6620bd7f3d8361f3,retain,"Project course, runtime or authoring resource; static reachability alone cannot prove dynamic use.",See source-specific notices,Historical owner CC0 statement retained; imported metadata and scoped notices recorded separately.,No scoped local notice found; see docs/credits.md and preserved source-pack notices.
tracks/GLB Tracks/suzuka_circuit_2001_layout_23.png,images,tracks,140317,6f85e8e06b7498b501ca43152a598fd496d66ecbd53092ddc829e624ae743b2c,retain,"Project course, runtime or authoring resource; static reachability alone cannot prove dynamic use.",See source-specific notices,Historical owner CC0 statement retained; imported metadata and scoped notices recorded separately.,No scoped local notice found; see docs/credits.md and preserved source-pack notices.
tracks/GLB Tracks/suzuka_circuit_2001_layout_24.png,images,tracks,151066,78cf83bb9fd85ce98ac73f0a9e86e7387c593f0068c1a08970282d945fbd6c4d,retain,"Project course, runtime or authoring resource; static reachability alone cannot prove dynamic use.",See source-specific notices,Historical owner CC0 statement retained; imported metadata and scoped notices recorded separately.,No scoped local notice found; see docs/credits.md and preserved source-pack notices.
tracks/GLB Tracks/suzuka_circuit_2001_layout_25.png,images,tracks,214628,bb6f83f0566892f2dbb1b0c00424cda11a36ac18c1487491ba90bd7430b5f6a3,retain,"Project course, runtime or authoring resource; static reachability alone cannot prove dynamic use.",See source-specific notices,Historical owner CC0 statement retained; imported metadata and scoped notices recorded separately.,No scoped local notice found; see docs/credits.md and preserved source-pack notices.
tracks/GLB Tracks/suzuka_circuit_2001_layout_26.png,images,tracks,84,2c885be4150609e2d5bc57aa40a49d907fff61d386f0e67787b4555732e1e84d,retain,"Project course, runtime or authoring resource; static reachability alone cannot prove dynamic use.",See source-specific notices,Historical owner CC0 statement retained; imported metadata and scoped notices recorded separately.,No scoped local notice found; see docs/credits.md and preserved source-pack notices.
tracks/GLB Tracks/suzuka_circuit_2001_layout_27.png,images,tracks,338903,2d75213e700e68f0e4d50c6520371648dda7921f3c042cc38195de858b3f61ce,retain,"Project course, runtime or authoring resource; static reachability alone cannot prove dynamic use.",See source-specific notices,Historical owner CC0 statement retained; imported metadata and scoped notices recorded separately.,No scoped local notice found; see docs/credits.md and preserved source-pack notices.
tracks/GLB Tracks/suzuka_circuit_2001_layout_28.png,images,tracks,43409,48caa7e089e6d91d5db0ae49bbb3b8b41681223cab6106f8ac60ac4bc256a793,retain,"Project course, runtime or authoring resource; static reachability alone cannot prove dynamic use.",See source-specific notices,Historical owner CC0 statement retained; imported metadata and scoped notices recorded separately.,No scoped local notice found; see docs/credits.md and preserved source-pack notices.
tracks/GLB Tracks/suzuka_circuit_2001_layout_29.png,images,tracks,56575,876d525f94438ac8a59f5786436a568b48eadd9efa0180c4881d3477da289bd8,retain,"Project course, runtime or authoring resource; static reachability alone cannot prove dynamic use.",See source-specific notices,Historical owner CC0 statement retained; imported metadata and scoped notices recorded separately.,No scoped local notice found; see docs/credits.md and preserved source-pack notices.
tracks/GLB Tracks/suzuka_circuit_2001_layout_3.png,images,tracks,70024,e003831dadfb25e4fe98d04368b0eb87b61eaf38a1d6bb092328c025a3216c07,retain,"Project course, runtime or authoring resource; static reachability alone cannot prove dynamic use.",See source-specific notices,Historical owner CC0 statement retained; imported metadata and scoped notices recorded separately.,No scoped local notice found; see docs/credits.md and preserved source-pack notices.
tracks/GLB Tracks/suzuka_circuit_2001_layout_30.png,images,tracks,40077,fbf355918fffb3d2e346a8182ed2629861b60cd56b32a40fe9f547f6d8179ec2,retain,"Project course, runtime or authoring resource; static reachability alone cannot prove dynamic use.",See source-specific notices,Historical owner CC0 statement retained; imported metadata and scoped notices recorded separately.,No scoped local notice found; see docs/credits.md and preserved source-pack notices.
tracks/GLB Tracks/suzuka_circuit_2001_layout_31.png,images,tracks,1277,9a6cf4080d93517116ee499fe87943508629b526bd7a2cfefec84d543a61215c,retain,"Project course, runtime or authoring resource; static reachability alone cannot prove dynamic use.",See source-specific notices,Historical owner CC0 statement retained; imported metadata and scoped notices recorded separately.,No scoped local notice found; see docs/credits.md and preserved source-pack notices.
tracks/GLB Tracks/suzuka_circuit_2001_layout_32.png,images,tracks,232679,232d19df9fa2b241319d430c6d1cd4aabd7eb59326711583d7c7fc7758f7b3fa,retain,"Project course, runtime or authoring resource; static reachability alone cannot prove dynamic use.",See source-specific notices,Historical owner CC0 statement retained; imported metadata and scoped notices recorded separately.,No scoped local notice found; see docs/credits.md and preserved source-pack notices.
tracks/GLB Tracks/suzuka_circuit_2001_layout_33.png,images,tracks,199349,7bd48f6fca95ac1c361748268f3a444718be3fca6d6a1f97e33f6fc155cc6bf2,retain,"Project course, runtime or authoring resource; static reachability alone cannot prove dynamic use.",See source-specific notices,Historical owner CC0 statement retained; imported metadata and scoped notices recorded separately.,No scoped local notice found; see docs/credits.md and preserved source-pack notices.
tracks/GLB Tracks/suzuka_circuit_2001_layout_34.png,images,tracks,226275,0263a0bab101e2ddaa501a6cbe0bb5f8d82950fc0b8e3855e5b7524d0fda1f31,retain,"Project course, runtime or authoring resource; static reachability alone cannot prove dynamic use.",See source-specific notices,Historical owner CC0 statement retained; imported metadata and scoped notices recorded separately.,No scoped local notice found; see docs/credits.md and preserved source-pack notices.
tracks/GLB Tracks/suzuka_circuit_2001_layout_35.png,images,tracks,195020,d35d714276f9833887ee72baff39c3f6235d71090fe43f961c8068a5f975b49a,retain,"Project course, runtime or authoring resource; static reachability alone cannot prove dynamic use.",See source-specific notices,Historical owner CC0 statement retained; imported metadata and scoped notices recorded separately.,No scoped local notice found; see docs/credits.md and preserved source-pack notices.
tracks/GLB Tracks/suzuka_circuit_2001_layout_36.png,images,tracks,50566,0c63efed356ff65bdab58b38daae1d74a554f4e99b2617dec45e82d76ea4d8d3,retain,"Project course, runtime or authoring resource; static reachability alone cannot prove dynamic use.",See source-specific notices,Historical owner CC0 statement retained; imported metadata and scoped notices recorded separately.,No scoped local notice found; see docs/credits.md and preserved source-pack notices.
tracks/GLB Tracks/suzuka_circuit_2001_layout_37.png,images,tracks,58024,b455de09fbe7ff8c77e07513f48ba947322ecdbcf8c5162ce56569557c8e35d1,retain,"Project course, runtime or authoring resource; static reachability alone cannot prove dynamic use.",See source-specific notices,Historical owner CC0 statement retained; imported metadata and scoped notices recorded separately.,No scoped local notice found; see docs/credits.md and preserved source-pack notices.
tracks/GLB Tracks/suzuka_circuit_2001_layout_38.png,images,tracks,3398,40cf397ed74e1819aca74d9253f99707093ed9a697fcf1e79070050df3e9ea42,retain,"Project course, runtime or authoring resource; static reachability alone cannot prove dynamic use.",See source-specific notices,Historical owner CC0 statement retained; imported metadata and scoped notices recorded separately.,No scoped local notice found; see docs/credits.md and preserved source-pack notices.
tracks/GLB Tracks/suzuka_circuit_2001_layout_39.png,images,tracks,428294,8de957d22c5d83ea4633b294a71686952b255c453465447794340b8db59a027f,retain,"Project course, runtime or authoring resource; static reachability alone cannot prove dynamic use.",See source-specific notices,Historical owner CC0 statement retained; imported metadata and scoped notices recorded separately.,No scoped local notice found; see docs/credits.md and preserved source-pack notices.
tracks/GLB Tracks/suzuka_circuit_2001_layout_4.png,images,tracks,97769,cdf6aa9b90da1b95f44d76630673399ea11199b45e716ffcbccd7bb73ed95a4f,retain,"Project course, runtime or authoring resource; static reachability alone cannot prove dynamic use.",See source-specific notices,Historical owner CC0 statement retained; imported metadata and scoped notices recorded separately.,No scoped local notice found; see docs/credits.md and preserved source-pack notices.
tracks/GLB Tracks/suzuka_circuit_2001_layout_40.png,images,tracks,7644,114ba014566f5e9072819a443ac5ee082e6569540401c7efb2c3cff45278f891,retain,"Project course, runtime or authoring resource; static reachability alone cannot prove dynamic use.",See source-specific notices,Historical owner CC0 statement retained; imported metadata and scoped notices recorded separately.,No scoped local notice found; see docs/credits.md and preserved source-pack notices.
tracks/GLB Tracks/suzuka_circuit_2001_layout_41.png,images,tracks,3884914,2f0b829d1670ba0ac3eacdedca94ca9d54ef75ef0216004724039ac9e7cacb4a,retain,"Project course, runtime or authoring resource; static reachability alone cannot prove dynamic use.",See source-specific notices,Historical owner CC0 statement retained; imported metadata and scoped notices recorded separately.,No scoped local notice found; see docs/credits.md and preserved source-pack notices.
tracks/GLB Tracks/suzuka_circuit_2001_layout_42.png,images,tracks,1679814,89e13837ecd78de562a5b9d942a37feff69b69299485b10a210d00df6c9f7e66,retain,"Project course, runtime or authoring resource; static reachability alone cannot prove dynamic use.",See source-specific notices,Historical owner CC0 statement retained; imported metadata and scoped notices recorded separately.,No scoped local notice found; see docs/credits.md and preserved source-pack notices.
tracks/GLB Tracks/suzuka_circuit_2001_layout_43.png,images,tracks,6478,5a48c74077bc8b1698f0a87144a07d9a9b955c1581778dd5f6a8ae1e265a76df,retain,"Project course, runtime or authoring resource; static reachability alone cannot prove dynamic use.",See source-specific notices,Historical owner CC0 statement retained; imported metadata and scoped notices recorded separately.,No scoped local notice found; see docs/credits.md and preserved source-pack notices.
tracks/GLB Tracks/suzuka_circuit_2001_layout_44.png,images,tracks,81,662dd6f5b368fa71535be2c427275100b59c9ce02eb5d92900afc37f03b12c8f,retain,"Project course, runtime or authoring resource; static reachability alone cannot prove dynamic use.",See source-specific notices,Historical owner CC0 statement retained; imported metadata and scoped notices recorded separately.,No scoped local notice found; see docs/credits.md and preserved source-pack notices.
tracks/GLB Tracks/suzuka_circuit_2001_layout_45.png,images,tracks,227062,e875fe67f7dda6b26e6f08af766f36bcf017810a6318a36c5014ed9df0667af0,retain,"Project course, runtime or authoring resource; static reachability alone cannot prove dynamic use.",See source-specific notices,Historical owner CC0 statement retained; imported metadata and scoped notices recorded separately.,No scoped local notice found; see docs/credits.md and preserved source-pack notices.
tracks/GLB Tracks/suzuka_circuit_2001_layout_46.png,images,tracks,208336,5908ab9fc9faafe45273000d30756854c56b4bf16c8acc3a26431ba6fcbfe353,retain,"Project course, runtime or authoring resource; static reachability alone cannot prove dynamic use.",See source-specific notices,Historical owner CC0 statement retained; imported metadata and scoped notices recorded separately.,No scoped local notice found; see docs/credits.md and preserved source-pack notices.
tracks/GLB Tracks/suzuka_circuit_2001_layout_47.png,images,tracks,2503,ee8e5c99c24a0d264e3c20a99544ab8e3a55a3a620ee3aafea844c7a45f204f4,retain,"Project course, runtime or authoring resource; static reachability alone cannot prove dynamic use.",See source-specific notices,Historical owner CC0 statement retained; imported metadata and scoped notices recorded separately.,No scoped local notice found; see docs/credits.md and preserved source-pack notices.
tracks/GLB Tracks/suzuka_circuit_2001_layout_48.png,images,tracks,24303,3e733e885d1832b18b0dcdb7e4b90a89e4cc1791d046e77bf0d626c7058757e5,retain,"Project course, runtime or authoring resource; static reachability alone cannot prove dynamic use.",See source-specific notices,Historical owner CC0 statement retained; imported metadata and scoped notices recorded separately.,No scoped local notice found; see docs/credits.md and preserved source-pack notices.
tracks/GLB Tracks/suzuka_circuit_2001_layout_49.png,images,tracks,256879,914e39872653afe065e82a8535b9fe0fc4ccc3054a4f9b12330a750dda664bf3,retain,"Project course, runtime or authoring resource; static reachability alone cannot prove dynamic use.",See source-specific notices,Historical owner CC0 statement retained; imported metadata and scoped notices recorded separately.,No scoped local notice found; see docs/credits.md and preserved source-pack notices.
tracks/GLB Tracks/suzuka_circuit_2001_layout_5.png,images,tracks,637967,55b5e40a76ff69c5c15eb033b89c0dd9de631bdf837b48e0a7ccc3ad36a0f854,retain,"Project course, runtime or authoring resource; static reachability alone cannot prove dynamic use.",See source-specific notices,Historical owner CC0 statement retained; imported metadata and scoped notices recorded separately.,No scoped local notice found; see docs/credits.md and preserved source-pack notices.
tracks/GLB Tracks/suzuka_circuit_2001_layout_50.png,images,tracks,28029,7b6333e1aabc26947c03b56b17aa33c360cbb87cf527fa3f0bdc23a7964ae677,retain,"Project course, runtime or authoring resource; static reachability alone cannot prove dynamic use.",See source-specific notices,Historical owner CC0 statement retained; imported metadata and scoped notices recorded separately.,No scoped local notice found; see docs/credits.md and preserved source-pack notices.
tracks/GLB Tracks/suzuka_circuit_2001_layout_51.png,images,tracks,37898,2e35c7473ba76a0052101e33c909914a46812825ee4a520d2edbffdfd244ec0f,retain,"Project course, runtime or authoring resource; static reachability alone cannot prove dynamic use.",See source-specific notices,Historical owner CC0 statement retained; imported metadata and scoped notices recorded separately.,No scoped local notice found; see docs/credits.md and preserved source-pack notices.
tracks/GLB Tracks/suzuka_circuit_2001_layout_52.png,images,tracks,198056,8727526ebe3bb9592d9a2a96d4d7cb7f033cc3d3fd0fc8374140dc0814db756e,retain,"Project course, runtime or authoring resource; static reachability alone cannot prove dynamic use.",See source-specific notices,Historical owner CC0 statement retained; imported metadata and scoped notices recorded separately.,No scoped local notice found; see docs/credits.md and preserved source-pack notices.
tracks/GLB Tracks/suzuka_circuit_2001_layout_53.png,images,tracks,24161,fb71db3bd6758b19067b532421bbb18fac3881989223cb183a36c871118cb7b9,retain,"Project course, runtime or authoring resource; static reachability alone cannot prove dynamic use.",See source-specific notices,Historical owner CC0 statement retained; imported metadata and scoped notices recorded separately.,No scoped local notice found; see docs/credits.md and preserved source-pack notices.
tracks/GLB Tracks/suzuka_circuit_2001_layout_54.png,images,tracks,892,b9ba670bd90b280b6d19ea2d39e63720a235a737f542ff53bf212eb31edde0ad,retain,"Project course, runtime or authoring resource; static reachability alone cannot prove dynamic use.",See source-specific notices,Historical owner CC0 statement retained; imported metadata and scoped notices recorded separately.,No scoped local notice found; see docs/credits.md and preserved source-pack notices.
tracks/GLB Tracks/suzuka_circuit_2001_layout_55.png,images,tracks,69932,708cbc72d53d42b122c589f27ef9b94342f52ec2af9f3feaf9a7ecd8be233221,retain,"Project course, runtime or authoring resource; static reachability alone cannot prove dynamic use.",See source-specific notices,Historical owner CC0 statement retained; imported metadata and scoped notices recorded separately.,No scoped local notice found; see docs/credits.md and preserved source-pack notices.
tracks/GLB Tracks/suzuka_circuit_2001_layout_56.png,images,tracks,4826,0f6f519ed3c30c03f8b9a1b2dcca32235b30cfdbdc857be39a0ac17058a3896f,retain,"Project course, runtime or authoring resource; static reachability alone cannot prove dynamic use.",See source-specific notices,Historical owner CC0 statement retained; imported metadata and scoped notices recorded separately.,No scoped local notice found; see docs/credits.md and preserved source-pack notices.
tracks/GLB Tracks/suzuka_circuit_2001_layout_57.png,images,tracks,375561,ac92df70d4ca086eb48185f403c9d1735169e31fe605a8c03324c17a62624246,retain,"Project course, runtime or authoring resource; static reachability alone cannot prove dynamic use.",See source-specific notices,Historical owner CC0 statement retained; imported metadata and scoped notices recorded separately.,No scoped local notice found; see docs/credits.md and preserved source-pack notices.
tracks/GLB Tracks/suzuka_circuit_2001_layout_58.png,images,tracks,223826,df7af336046275553dfd20b5ddf324359e281c2408f52750e30faf75e1675719,retain,"Project course, runtime or authoring resource; static reachability alone cannot prove dynamic use.",See source-specific notices,Historical owner CC0 statement retained; imported metadata and scoped notices recorded separately.,No scoped local notice found; see docs/credits.md and preserved source-pack notices.
tracks/GLB Tracks/suzuka_circuit_2001_layout_59.png,images,tracks,398816,6a323f81603b0ab3a25850aee83190eb4947b5e1b8d7188caea3a9481c654ca2,retain,"Project course, runtime or authoring resource; static reachability alone cannot prove dynamic use.",See source-specific notices,Historical owner CC0 statement retained; imported metadata and scoped notices recorded separately.,No scoped local notice found; see docs/credits.md and preserved source-pack notices.
tracks/GLB Tracks/suzuka_circuit_2001_layout_6.png,images,tracks,558755,164d7bb33e1e96c21e9c5f7d74d1c4001352e1caf2ae3f2f6e90a99dc3936411,retain,"Project course, runtime or authoring resource; static reachability alone cannot prove dynamic use.",See source-specific notices,Historical owner CC0 statement retained; imported metadata and scoped notices recorded separately.,No scoped local notice found; see docs/credits.md and preserved source-pack notices.
tracks/GLB Tracks/suzuka_circuit_2001_layout_60.png,images,tracks,198806,682b285100f30dfdc0bdc481ff3f0cb9c382e3a278f2f6fddea64543169af575,retain,"Project course, runtime or authoring resource; static reachability alone cannot prove dynamic use.",See source-specific notices,Historical owner CC0 statement retained; imported metadata and scoped notices recorded separately.,No scoped local notice found; see docs/credits.md and preserved source-pack notices.
tracks/GLB Tracks/suzuka_circuit_2001_layout_61.png,images,tracks,19853,228b57a5f8901ae0d7426c976fdc974de471d81bad25302720342c1d93dfee10,retain,"Project course, runtime or authoring resource; static reachability alone cannot prove dynamic use.",See source-specific notices,Historical owner CC0 statement retained; imported metadata and scoped notices recorded separately.,No scoped local notice found; see docs/credits.md and preserved source-pack notices.
tracks/GLB Tracks/suzuka_circuit_2001_layout_62.png,images,tracks,3619,c53a6c63dd0f18f7863fc387c77a36694fc74e8a0192df0c43057e6385a23ea5,retain,"Project course, runtime or authoring resource; static reachability alone cannot prove dynamic use.",See source-specific notices,Historical owner CC0 statement retained; imported metadata and scoped notices recorded separately.,No scoped local notice found; see docs/credits.md and preserved source-pack notices.
tracks/GLB Tracks/suzuka_circuit_2001_layout_63.png,images,tracks,1009,ac78ec61dc31bece3f71385d3e342ea9fd784db719386be815e0f61324653775,retain,"Project course, runtime or authoring resource; static reachability alone cannot prove dynamic use.",See source-specific notices,Historical owner CC0 statement retained; imported metadata and scoped notices recorded separately.,No scoped local notice found; see docs/credits.md and preserved source-pack notices.
tracks/GLB Tracks/suzuka_circuit_2001_layout_64.png,images,tracks,2936,524b2ca08fbc474e4f3d097ac0c641cdc82e6057974606cebc9afca29f2bf6f4,retain,"Project course, runtime or authoring resource; static reachability alone cannot prove dynamic use.",See source-specific notices,Historical owner CC0 statement retained; imported metadata and scoped notices recorded separately.,No scoped local notice found; see docs/credits.md and preserved source-pack notices.
tracks/GLB Tracks/suzuka_circuit_2001_layout_65.png,images,tracks,25137,b93caba1b0d60cfa98fab7eacb371e1d395fbe7e9f0a113d7cfc39e1eb24a8d5,retain,"Project course, runtime or authoring resource; static reachability alone cannot prove dynamic use.",See source-specific notices,Historical owner CC0 statement retained; imported metadata and scoped notices recorded separately.,No scoped local notice found; see docs/credits.md and preserved source-pack notices.
tracks/GLB Tracks/suzuka_circuit_2001_layout_66.png,images,tracks,2553,a89f7831e928425e78d7b0848d5538f312b6333a325cb6e1b229a3e8ebda59a9,retain,"Project course, runtime or authoring resource; static reachability alone cannot prove dynamic use.",See source-specific notices,Historical owner CC0 statement retained; imported metadata and scoped notices recorded separately.,No scoped local notice found; see docs/credits.md and preserved source-pack notices.
tracks/GLB Tracks/suzuka_circuit_2001_layout_67.png,images,tracks,84,cb734de325823051b33b0dd9b629b34038240d48c29a1f8b7f561a1521cfe480,retain,"Project course, runtime or authoring resource; static reachability alone cannot prove dynamic use.",See source-specific notices,Historical owner CC0 statement retained; imported metadata and scoped notices recorded separately.,No scoped local notice found; see docs/credits.md and preserved source-pack notices.
tracks/GLB Tracks/suzuka_circuit_2001_layout_68.png,images,tracks,99305,438ba2dd42f2e7fa78251e736d01b38ac40237bdfd27d526a0bcf6d8222d048b,retain,"Project course, runtime or authoring resource; static reachability alone cannot prove dynamic use.",See source-specific notices,Historical owner CC0 statement retained; imported metadata and scoped notices recorded separately.,No scoped local notice found; see docs/credits.md and preserved source-pack notices.
tracks/GLB Tracks/suzuka_circuit_2001_layout_69.png,images,tracks,2126,420f1dd28180cf4c0126fe950af89d01a5225dc367099ff17cb69ac49aeaa9ee,retain,"Project course, runtime or authoring resource; static reachability alone cannot prove dynamic use.",See source-specific notices,Historical owner CC0 statement retained; imported metadata and scoped notices recorded separately.,No scoped local notice found; see docs/credits.md and preserved source-pack notices.
tracks/GLB Tracks/suzuka_circuit_2001_layout_7.png,images,tracks,11103,5e41a785f88f0f83f6e41f4793229bb860baa1e2b7a138c3da710d4e513f0550,retain,"Project course, runtime or authoring resource; static reachability alone cannot prove dynamic use.",See source-specific notices,Historical owner CC0 statement retained; imported metadata and scoped notices recorded separately.,No scoped local notice found; see docs/credits.md and preserved source-pack notices.
tracks/GLB Tracks/suzuka_circuit_2001_layout_70.png,images,tracks,53594,de3637795e4c13cc73b0338160dac65d62b5baa28219ef7177a346498119c5f0,retain,"Project course, runtime or authoring resource; static reachability alone cannot prove dynamic use.",See source-specific notices,Historical owner CC0 statement retained; imported metadata and scoped notices recorded separately.,No scoped local notice found; see docs/credits.md and preserved source-pack notices.
tracks/GLB Tracks/suzuka_circuit_2001_layout_71.png,images,tracks,123443,81c1aa5afca48685fdb0bb24575a4be6484cd30052eac90f00f97ae400ee0dbb,retain,"Project course, runtime or authoring resource; static reachability alone cannot prove dynamic use.",See source-specific notices,Historical owner CC0 statement retained; imported metadata and scoped notices recorded separately.,No scoped local notice found; see docs/credits.md and preserved source-pack notices.
tracks/GLB Tracks/suzuka_circuit_2001_layout_72.png,images,tracks,4606,144a826c4b4308a70e9202dfb48559d9a123947f69006d902b0523ead474c8b5,retain,"Project course, runtime or authoring resource; static reachability alone cannot prove dynamic use.",See source-specific notices,Historical owner CC0 statement retained; imported metadata and scoped notices recorded separately.,No scoped local notice found; see docs/credits.md and preserved source-pack notices.
tracks/GLB Tracks/suzuka_circuit_2001_layout_73.png,images,tracks,143104,3e3b9951413d881798c424dd9a86c39f46307b0a0d7c4ceafa7c18169f9da033,retain,"Project course, runtime or authoring resource; static reachability alone cannot prove dynamic use.",See source-specific notices,Historical owner CC0 statement retained; imported metadata and scoped notices recorded separately.,No scoped local notice found; see docs/credits.md and preserved source-pack notices.
tracks/GLB Tracks/suzuka_circuit_2001_layout_74.png,images,tracks,4353,6cc25b17f878e9cb6f51c8a9b321f90be07b4dbaddb58bebf442cae84818f758,retain,"Project course, runtime or authoring resource; static reachability alone cannot prove dynamic use.",See source-specific notices,Historical owner CC0 statement retained; imported metadata and scoped notices recorded separately.,No scoped local notice found; see docs/credits.md and preserved source-pack notices.
tracks/GLB Tracks/suzuka_circuit_2001_layout_75.png,images,tracks,60896,16066a100007f4a5b39df2acf40c3170c0868742c753044c697b7e5161bc42a0,retain,"Project course, runtime or authoring resource; static reachability alone cannot prove dynamic use.",See source-specific notices,Historical owner CC0 statement retained; imported metadata and scoped notices recorded separately.,No scoped local notice found; see docs/credits.md and preserved source-pack notices.
tracks/GLB Tracks/suzuka_circuit_2001_layout_76.png,images,tracks,796601,07f5cdb19397ebaaf6475e01c5becc64f086ab784cfe30cc7415a23e33132044,retain,"Project course, runtime or authoring resource; static reachability alone cannot prove dynamic use.",See source-specific notices,Historical owner CC0 statement retained; imported metadata and scoped notices recorded separately.,No scoped local notice found; see docs/credits.md and preserved source-pack notices.
tracks/GLB Tracks/suzuka_circuit_2001_layout_77.png,images,tracks,938712,d5548fca28800168c4e589c893bd69dfc902fef06a448efccbc255f550abc79b,retain,"Project course, runtime or authoring resource; static reachability alone cannot prove dynamic use.",See source-specific notices,Historical owner CC0 statement retained; imported metadata and scoped notices recorded separately.,No scoped local notice found; see docs/credits.md and preserved source-pack notices.
tracks/GLB Tracks/suzuka_circuit_2001_layout_78.png,images,tracks,1772352,c485832d66609cd4bab143fa34490555be73b32f685061323602861760d64d61,retain,"Project course, runtime or authoring resource; static reachability alone cannot prove dynamic use.",See source-specific notices,Historical owner CC0 statement retained; imported metadata and scoped notices recorded separately.,No scoped local notice found; see docs/credits.md and preserved source-pack notices.
tracks/GLB Tracks/suzuka_circuit_2001_layout_79.png,images,tracks,2106756,014ea6fe2a509cb9c7b95ca0ba1416f3541c27217b628158e0aae3699445629f,retain,"Project course, runtime or authoring resource; static reachability alone cannot prove dynamic use.",See source-specific notices,Historical owner CC0 statement retained; imported metadata and scoped notices recorded separately.,No scoped local notice found; see docs/credits.md and preserved source-pack notices.
tracks/GLB Tracks/suzuka_circuit_2001_layout_8.png,images,tracks,13091,2e72cfc99d98e751ffcbf912878dbce90a01d3d0e316eadb9355c52d988b5815,retain,"Project course, runtime or authoring resource; static reachability alone cannot prove dynamic use.",See source-specific notices,Historical owner CC0 statement retained; imported metadata and scoped notices recorded separately.,No scoped local notice found; see docs/credits.md and preserved source-pack notices.
tracks/GLB Tracks/suzuka_circuit_2001_layout_80.png,images,tracks,2343908,9a797d78c17110dbd1e5f0c7da49055d02237618e70b46a9a11aefa5f486aaa4,retain,"Project course, runtime or authoring resource; static reachability alone cannot prove dynamic use.",See source-specific notices,Historical owner CC0 statement retained; imported metadata and scoped notices recorded separately.,No scoped local notice found; see docs/credits.md and preserved source-pack notices.
tracks/GLB Tracks/suzuka_circuit_2001_layout_81.png,images,tracks,544590,268536f82320b8423f6ce5a3b65ce8c77eedd7441b2eca5bbbcee7d8c9bb65c1,retain,"Project course, runtime or authoring resource; static reachability alone cannot prove dynamic use.",See source-specific notices,Historical owner CC0 statement retained; imported metadata and scoped notices recorded separately.,No scoped local notice found; see docs/credits.md and preserved source-pack notices.
tracks/GLB Tracks/suzuka_circuit_2001_layout_82.png,images,tracks,2271148,fed255d59d102f1055bc8f25019905f35714ae3aad6cd947a0474aad7f591100,retain,"Project course, runtime or authoring resource; static reachability alone cannot prove dynamic use.",See source-specific notices,Historical owner CC0 statement retained; imported metadata and scoped notices recorded separately.,No scoped local notice found; see docs/credits.md and preserved source-pack notices.
tracks/GLB Tracks/suzuka_circuit_2001_layout_83.png,images,tracks,174161,73ff6f8e98c9a8dc6d3af849f484bdf919f54da08c5a1cca5afeb967fa29c0cb,retain,"Project course, runtime or authoring resource; static reachability alone cannot prove dynamic use.",See source-specific notices,Historical owner CC0 statement retained; imported metadata and scoped notices recorded separately.,No scoped local notice found; see docs/credits.md and preserved source-pack notices.
tracks/GLB Tracks/suzuka_circuit_2001_layout_84.png,images,tracks,1646872,055fcd2574a3f04db37f098be2062342d9b33d0c763fd4d00a2ac15b47e4d209,retain,"Project course, runtime or authoring resource; static reachability alone cannot prove dynamic use.",See source-specific notices,Historical owner CC0 statement retained; imported metadata and scoped notices recorded separately.,No scoped local notice found; see docs/credits.md and preserved source-pack notices.
tracks/GLB Tracks/suzuka_circuit_2001_layout_85.png,images,tracks,974534,c7b415cc1b0744824e3e0f9b4edb7e30dae88cc7307fe5bc9027303d3cab11dd,retain,"Project course, runtime or authoring resource; static reachability alone cannot prove dynamic use.",See source-specific notices,Historical owner CC0 statement retained; imported metadata and scoped notices recorded separately.,No scoped local notice found; see docs/credits.md and preserved source-pack notices.
tracks/GLB Tracks/suzuka_circuit_2001_layout_86.png,images,tracks,1635371,c1b1bd6ed6dcb1b41785038b6d53b73983ad66499db680720afce88bef6af312,retain,"Project course, runtime or authoring resource; static reachability alone cannot prove dynamic use.",See source-specific notices,Historical owner CC0 statement retained; imported metadata and scoped notices recorded separately.,No scoped local notice found; see docs/credits.md and preserved source-pack notices.
tracks/GLB Tracks/suzuka_circuit_2001_layout_87.png,images,tracks,1995203,3803d51dbc725633614a84f458dd42d7346f8be9feba3b6c965232816e29ac66,retain,"Project course, runtime or authoring resource; static reachability alone cannot prove dynamic use.",See source-specific notices,Historical owner CC0 statement retained; imported metadata and scoped notices recorded separately.,No scoped local notice found; see docs/credits.md and preserved source-pack notices.
tracks/GLB Tracks/suzuka_circuit_2001_layout_88.png,images,tracks,1622658,4aa6a544230e2cb877b17f695af43c178f60e00dc3de8be2326fb26d28381641,retain,"Project course, runtime or authoring resource; static reachability alone cannot prove dynamic use.",See source-specific notices,Historical owner CC0 statement retained; imported metadata and scoped notices recorded separately.,No scoped local notice found; see docs/credits.md and preserved source-pack notices.
tracks/GLB Tracks/suzuka_circuit_2001_layout_89.png,images,tracks,1648136,e3afbd4e2e3cfc65195bbeb41434b48e2ab5a2cd67447057345d8a4936009d36,retain,"Project course, runtime or authoring resource; static reachability alone cannot prove dynamic use.",See source-specific notices,Historical owner CC0 statement retained; imported metadata and scoped notices recorded separately.,No scoped local notice found; see docs/credits.md and preserved source-pack notices.
tracks/GLB Tracks/suzuka_circuit_2001_layout_9.png,images,tracks,32400,6572f7e6213ce6a40682d7e5f3bd69f6182b60fd6f3e845262deb9fd80ba1623,retain,"Project course, runtime or authoring resource; static reachability alone cannot prove dynamic use.",See source-specific notices,Historical owner CC0 statement retained; imported metadata and scoped notices recorded separately.,No scoped local notice found; see docs/credits.md and preserved source-pack notices.
tracks/GLB Tracks/suzuka_circuit_2001_layout_90.png,images,tracks,35330,8f9c050fd51abb3f72140dddd54f545bafc32d751ef815b62dd9784b06df1d29,retain,"Project course, runtime or authoring resource; static reachability alone cannot prove dynamic use.",See source-specific notices,Historical owner CC0 statement retained; imported metadata and scoped notices recorded separately.,No scoped local notice found; see docs/credits.md and preserved source-pack notices.
tracks/GLB Tracks/suzuka_circuit_2001_layout_91.png,images,tracks,27121,2cd65d9e0b23a5452565e97ea8e073bc2e44613a1323ee7921d4af17facd49dc,retain,"Project course, runtime or authoring resource; static reachability alone cannot prove dynamic use.",See source-specific notices,Historical owner CC0 statement retained; imported metadata and scoped notices recorded separately.,No scoped local notice found; see docs/credits.md and preserved source-pack notices.
tracks/GLB Tracks/suzuka_circuit_2001_layout_92.png,images,tracks,64410,e2eb77b7751cdc6f3cdba218c30dfdf7719a5834e24e74a8f6ba33cc80eb4926,retain,"Project course, runtime or authoring resource; static reachability alone cannot prove dynamic use.",See source-specific notices,Historical owner CC0 statement retained; imported metadata and scoped notices recorded separately.,No scoped local notice found; see docs/credits.md and preserved source-pack notices.
tracks/GLB Tracks/suzuka_circuit_2001_layout_93.png,images,tracks,183508,c5b0a6c357529a536660e9c7d88d74640dec3c1a8357f69d9bd5c53bbf13467e,retain,"Project course, runtime or authoring resource; static reachability alone cannot prove dynamic use.",See source-specific notices,Historical owner CC0 statement retained; imported metadata and scoped notices recorded separately.,No scoped local notice found; see docs/credits.md and preserved source-pack notices.
tracks/GLB Tracks/suzuka_circuit_2001_layout_94.png,images,tracks,42224,dc08535b4cc533f24dfb0f79c48f1143d634acc0184ec282d89b20e39ccf69e2,retain,"Project course, runtime or authoring resource; static reachability alone cannot prove dynamic use.",See source-specific notices,Historical owner CC0 statement retained; imported metadata and scoped notices recorded separately.,No scoped local notice found; see docs/credits.md and preserved source-pack notices.
tracks/GLB Tracks/suzuka_circuit_2001_layout_95.png,images,tracks,1771,069f6168510f703c69f4b31541f7e264bc75d65353246bf56f3ba912e25e2f11,retain,"Project course, runtime or authoring resource; static reachability alone cannot prove dynamic use.",See source-specific notices,Historical owner CC0 statement retained; imported metadata and scoped notices recorded separately.,No scoped local notice found; see docs/credits.md and preserved source-pack notices.
tracks/GLB Tracks/suzuka_circuit_2001_layout_96.png,images,tracks,66959,a7e42734bd00945dba0399fba3b62f204d6a6a13d8c77a1397486dadbb2db922,retain,"Project course, runtime or authoring resource; static reachability alone cannot prove dynamic use.",See source-specific notices,Historical owner CC0 statement retained; imported metadata and scoped notices recorded separately.,No scoped local notice found; see docs/credits.md and preserved source-pack notices.
tracks/GLB Tracks/suzuka_circuit_2001_layout_97.png,images,tracks,5119,d5262539402a87b2139f744ac713709bc5a266d2a6aa56181afd80dcd9681870,retain,"Project course, runtime or authoring resource; static reachability alone cannot prove dynamic use.",See source-specific notices,Historical owner CC0 statement retained; imported metadata and scoped notices recorded separately.,No scoped local notice found; see docs/credits.md and preserved source-pack notices.
tracks/GLB Tracks/suzuka_circuit_2001_layout_98.png,images,tracks,15729,068c32369d108070c80a0421090363d3f39a8c80648f0f2c184b5f9739f36498,retain,"Project course, runtime or authoring resource; static reachability alone cannot prove dynamic use.",See source-specific notices,Historical owner CC0 statement retained; imported metadata and scoped notices recorded separately.,No scoped local notice found; see docs/credits.md and preserved source-pack notices.
tracks/GLB Tracks/suzuka_circuit_2001_layout_99.png,images,tracks,18931,3f99b45477f0f88c36f48083595d746c6d7b2c3e2bbac3d2fb4507430929468b,retain,"Project course, runtime or authoring resource; static reachability alone cannot prove dynamic use.",See source-specific notices,Historical owner CC0 statement retained; imported metadata and scoped notices recorded separately.,No scoped local notice found; see docs/credits.md and preserved source-pack notices.
tracks/GLB Tracks/table_top_racing_-_firefly_bbq.glb,models,tracks,14098972,59c8aa23122438ef3662b00878ac22d81351b066560e25022359ff66937548b3,retain,"Project course, runtime or authoring resource; static reachability alone cannot prove dynamic use.",See source-specific notices,Historical owner CC0 statement retained; imported metadata and scoped notices recorded separately.,No scoped local notice found; see docs/credits.md and preserved source-pack notices.
tracks/GLB Tracks/table_top_racing_-_firefly_bbq_0.png,images,tracks,306392,f7472261ab47e1cc40cf74bed80a60040b34c8fd169deeb72ec10338ca8a96d0,retain,"Project course, runtime or authoring resource; static reachability alone cannot prove dynamic use.",See source-specific notices,Historical owner CC0 statement retained; imported metadata and scoped notices recorded separately.,No scoped local notice found; see docs/credits.md and preserved source-pack notices.
tracks/GLB Tracks/table_top_racing_-_firefly_bbq_1.png,images,tracks,2195721,425720bb9fd498f9d2a7cdf052be9316b1144b54cdbf8298e5c824fcc43f8c12,retain,"Project course, runtime or authoring resource; static reachability alone cannot prove dynamic use.",See source-specific notices,Historical owner CC0 statement retained; imported metadata and scoped notices recorded separately.,No scoped local notice found; see docs/credits.md and preserved source-pack notices.
tracks/GLB Tracks/table_top_racing_-_firefly_bbq_2.png,images,tracks,2972353,b71b6c60cf1036c40bce541f478da55ff5d972220c8625a8665bfb6b4ccf0a9a,retain,"Project course, runtime or authoring resource; static reachability alone cannot prove dynamic use.",See source-specific notices,Historical owner CC0 statement retained; imported metadata and scoped notices recorded separately.,No scoped local notice found; see docs/credits.md and preserved source-pack notices.
tracks/GLB Tracks/table_top_racing_-_firefly_bbq_3.png,images,tracks,1688319,e590ff94c8f7ada3fc3e5f1096f0091e6475fb82fc9e45893f979130e8d223cf,retain,"Project course, runtime or authoring resource; static reachability alone cannot prove dynamic use.",See source-specific notices,Historical owner CC0 statement retained; imported metadata and scoped notices recorded separately.,No scoped local notice found; see docs/credits.md and preserved source-pack notices.
tracks/GLB Tracks/table_top_racing_-_firefly_bbq_4.png,images,tracks,629525,64b1699538f71a48c4070f0ea012e4e3442ed438cc877ed77ac31b46eaf1d6aa,retain,"Project course, runtime or authoring resource; static reachability alone cannot prove dynamic use.",See source-specific notices,Historical owner CC0 statement retained; imported metadata and scoped notices recorded separately.,No scoped local notice found; see docs/credits.md and preserved source-pack notices.
tracks/GLB Tracks/table_top_racing_-_firefly_bbq_5.png,images,tracks,1431351,758dc0c56c4babba7cae900c45d023f1fb630c6a807df8bb97faeb5a54c6722f,retain,"Project course, runtime or authoring resource; static reachability alone cannot prove dynamic use.",See source-specific notices,Historical owner CC0 statement retained; imported metadata and scoped notices recorded separately.,No scoped local notice found; see docs/credits.md and preserved source-pack notices.
tracks/GLB Tracks/table_top_racing_-_firefly_bbq_6.png,images,tracks,1619907,c011092c6d529d0bd6240229f77874db1a30df23f84c85b9af2c2ae628e70390,retain,"Project course, runtime or authoring resource; static reachability alone cannot prove dynamic use.",See source-specific notices,Historical owner CC0 statement retained; imported metadata and scoped notices recorded separately.,No scoped local notice found; see docs/credits.md and preserved source-pack notices.
tracks/GLB Tracks/table_top_racing_-_firefly_bbq_7.png,images,tracks,1733354,5406eef7271c4c96798f576c8b5559d44f2e346fdd6e4585cffd5ba3c1403b6f,retain,"Project course, runtime or authoring resource; static reachability alone cannot prove dynamic use.",See source-specific notices,Historical owner CC0 statement retained; imported metadata and scoped notices recorded separately.,No scoped local notice found; see docs/credits.md and preserved source-pack notices.
tracks/GLB Tracks/table_top_racing_-_firefly_bbq_8.png,images,tracks,880963,a39b701a2c6fb2bb147eeab6eaf1f89118331f8a71fa0eaae55376ace7af2d1d,retain,"Project course, runtime or authoring resource; static reachability alone cannot prove dynamic use.",See source-specific notices,Historical owner CC0 statement retained; imported metadata and scoped notices recorded separately.,No scoped local notice found; see docs/credits.md and preserved source-pack notices.
tracks/GLB Tracks/table_top_racing_-_moonlight_junk_heap.glb,models,tracks,13585836,e18d779405452b4bf5abedb8ac3b8168e9d5a6c73fb99f285b533e39173a9388,retain,"Project course, runtime or authoring resource; static reachability alone cannot prove dynamic use.",See source-specific notices,Historical owner CC0 statement retained; imported metadata and scoped notices recorded separately.,No scoped local notice found; see docs/credits.md and preserved source-pack notices.
tracks/GLB Tracks/table_top_racing_-_moonlight_junk_heap_0.png,images,tracks,1623550,a20af8f8a4d8e9ab95b5bf8e226a7db9c0abe15b572e2cb9ba080890323b7fbd,retain,"Project course, runtime or authoring resource; static reachability alone cannot prove dynamic use.",See source-specific notices,Historical owner CC0 statement retained; imported metadata and scoped notices recorded separately.,No scoped local notice found; see docs/credits.md and preserved source-pack notices.
tracks/GLB Tracks/table_top_racing_-_moonlight_junk_heap_1.png,images,tracks,1370362,e5e5b3a3c5991ee7167a2991d992976753b9876e0bdcd07e8a444d25eadde05a,retain,"Project course, runtime or authoring resource; static reachability alone cannot prove dynamic use.",See source-specific notices,Historical owner CC0 statement retained; imported metadata and scoped notices recorded separately.,No scoped local notice found; see docs/credits.md and preserved source-pack notices.
tracks/GLB Tracks/table_top_racing_-_moonlight_junk_heap_2.png,images,tracks,2109889,5aaa891979a996cd2cd40ffeaae2e25f40b5f1ef0db6d8eef9300db1dd273263,retain,"Project course, runtime or authoring resource; static reachability alone cannot prove dynamic use.",See source-specific notices,Historical owner CC0 statement retained; imported metadata and scoped notices recorded separately.,No scoped local notice found; see docs/credits.md and preserved source-pack notices.
tracks/GLB Tracks/table_top_racing_-_moonlight_junk_heap_3.png,images,tracks,1355659,5114c8cf88cc11211767c0bb4d039ae9e6f4066a2dd72b825c1f9a9e7453a4f0,retain,"Project course, runtime or authoring resource; static reachability alone cannot prove dynamic use.",See source-specific notices,Historical owner CC0 statement retained; imported metadata and scoped notices recorded separately.,No scoped local notice found; see docs/credits.md and preserved source-pack notices.
tracks/GLB Tracks/table_top_racing_-_moonlight_junk_heap_4.png,images,tracks,1373195,c12f0872bb1b99256af0203ea58e4d9ef2fbe0f157650d83526ae544ad7dd361,retain,"Project course, runtime or authoring resource; static reachability alone cannot prove dynamic use.",See source-specific notices,Historical owner CC0 statement retained; imported metadata and scoped notices recorded separately.,No scoped local notice found; see docs/credits.md and preserved source-pack notices.
tracks/GLB Tracks/table_top_racing_-_moonlight_junk_heap_5.png,images,tracks,1802586,8aabf4ebfecb188dd0d5a73abc48d7b62a48aa4538e1e390671c49f32bfcd82a,retain,"Project course, runtime or authoring resource; static reachability alone cannot prove dynamic use.",See source-specific notices,Historical owner CC0 statement retained; imported metadata and scoped notices recorded separately.,No scoped local notice found; see docs/credits.md and preserved source-pack notices.
tracks/GLB Tracks/table_top_racing_-_moonlight_junk_heap_6.png,images,tracks,1557292,203a1ce875779e8600287c8fd92be7c8a56d7444a4421f795c97c0c3552ed07d,retain,"Project course, runtime or authoring resource; static reachability alone cannot prove dynamic use.",See source-specific notices,Historical owner CC0 statement retained; imported metadata and scoped notices recorded separately.,No scoped local notice found; see docs/credits.md and preserved source-pack notices.
tracks/GLB Tracks/table_top_racing_-_moonlight_junk_heap_7.png,images,tracks,1559756,974d5b37e569ac3dbd400353adcf0c8e2d8f51cdae6dd020a23cc4e8744677e6,retain,"Project course, runtime or authoring resource; static reachability alone cannot prove dynamic use.",See source-specific notices,Historical owner CC0 statement retained; imported metadata and scoped notices recorded separately.,No scoped local notice found; see docs/credits.md and preserved source-pack notices.
tracks/GLB Tracks/table_top_racing_-_nighttime_noodles.glb,models,tracks,14228036,686450782c91dd0f731eb6192c1509de2d95204bd64104e7302776fae04fdf1e,retain,"Project course, runtime or authoring resource; static reachability alone cannot prove dynamic use.",See source-specific notices,Historical owner CC0 statement retained; imported metadata and scoped notices recorded separately.,No scoped local notice found; see docs/credits.md and preserved source-pack notices.
tracks/GLB Tracks/table_top_racing_-_nighttime_noodles_0.png,images,tracks,1987270,69a1b921affcb18a1b0b11cc36bce73ebf975cd69a37966d1049513c9461376a,retain,"Project course, runtime or authoring resource; static reachability alone cannot prove dynamic use.",See source-specific notices,Historical owner CC0 statement retained; imported metadata and scoped notices recorded separately.,No scoped local notice found; see docs/credits.md and preserved source-pack notices.
tracks/GLB Tracks/table_top_racing_-_nighttime_noodles_1.png,images,tracks,1631923,9ba1e5928258ee13302faa64085bd7de16e85763afa232abfb4504d86de6fedc,retain,"Project course, runtime or authoring resource; static reachability alone cannot prove dynamic use.",See source-specific notices,Historical owner CC0 statement retained; imported metadata and scoped notices recorded separately.,No scoped local notice found; see docs/credits.md and preserved source-pack notices.
tracks/GLB Tracks/table_top_racing_-_nighttime_noodles_2.png,images,tracks,1625315,3f3a8af188e653921be55c61ec50cfb7294e567ca1731411daa8d1df081fc27c,retain,"Project course, runtime or authoring resource; static reachability alone cannot prove dynamic use.",See source-specific notices,Historical owner CC0 statement retained; imported metadata and scoped notices recorded separately.,No scoped local notice found; see docs/credits.md and preserved source-pack notices.
tracks/GLB Tracks/table_top_racing_-_nighttime_noodles_3.png,images,tracks,232721,576271217d4f0320f2a34c9ba39082024c1ef12f73da07f183187ffe648d1af1,retain,"Project course, runtime or authoring resource; static reachability alone cannot prove dynamic use.",See source-specific notices,Historical owner CC0 statement retained; imported metadata and scoped notices recorded separately.,No scoped local notice found; see docs/credits.md and preserved source-pack notices.
tracks/GLB Tracks/table_top_racing_-_nighttime_noodles_4.png,images,tracks,1392356,7013cfe7935ef5e6372ff8d4f7f0caa9c7b4c3cee2b7a19ed79a2ab16b366c0f,retain,"Project course, runtime or authoring resource; static reachability alone cannot prove dynamic use.",See source-specific notices,Historical owner CC0 statement retained; imported metadata and scoped notices recorded separately.,No scoped local notice found; see docs/credits.md and preserved source-pack notices.
tracks/GLB Tracks/table_top_racing_-_nighttime_noodles_5.png,images,tracks,1667096,73805489fcb2578a2724db37055ecd9ae9756e1f7be800ff678715e263790a6f,retain,"Project course, runtime or authoring resource; static reachability alone cannot prove dynamic use.",See source-specific notices,Historical owner CC0 statement retained; imported metadata and scoped notices recorded separately.,No scoped local notice found; see docs/credits.md and preserved source-pack notices.
tracks/GLB Tracks/table_top_racing_-_nighttime_noodles_6.png,images,tracks,2155441,98ce91515dd7fd796e7260edba4509ebf548778138759b67fa63a3510fedab88,retain,"Project course, runtime or authoring resource; static reachability alone cannot prove dynamic use.",See source-specific notices,Historical owner CC0 statement retained; imported metadata and scoped notices recorded separately.,No scoped local notice found; see docs/credits.md and preserved source-pack notices.
tracks/GLB Tracks/table_top_racing_-_nighttime_noodles_7.png,images,tracks,1904619,463261034e674296dabc30367b205e8451ea8ed5dccc36daaa5ce3c7a08bdd75,retain,"Project course, runtime or authoring resource; static reachability alone cannot prove dynamic use.",See source-specific notices,Historical owner CC0 statement retained; imported metadata and scoped notices recorded separately.,No scoped local notice found; see docs/credits.md and preserved source-pack notices.
tracks/GLB Tracks/table_top_racing_-_nighttime_noodles_8.png,images,tracks,594732,af4f33966e73bb5bbfbda59f5461c3b93c0048e31e677cd2c4b6f02014a5ba23,retain,"Project course, runtime or authoring resource; static reachability alone cannot prove dynamic use.",See source-specific notices,Historical owner CC0 statement retained; imported metadata and scoped notices recorded separately.,No scoped local notice found; see docs/credits.md and preserved source-pack notices.
tracks/GLB Tracks/table_top_racing_-_rusty_nuts_workshop.glb,models,tracks,17808484,52fe3012c9089159634a4db101b3b5993c315f343ba841e9fb492c927657c6e4,retain,"Project course, runtime or authoring resource; static reachability alone cannot prove dynamic use.",See source-specific notices,Historical owner CC0 statement retained; imported metadata and scoped notices recorded separately.,No scoped local notice found; see docs/credits.md and preserved source-pack notices.
tracks/GLB Tracks/table_top_racing_-_rusty_nuts_workshop_0.png,images,tracks,2807591,654b65b2b65fffd21cfcd540583a8e7afb3538e44180b3bbc9fb128ceda93fcf,retain,"Project course, runtime or authoring resource; static reachability alone cannot prove dynamic use.",See source-specific notices,Historical owner CC0 statement retained; imported metadata and scoped notices recorded separately.,No scoped local notice found; see docs/credits.md and preserved source-pack notices.
tracks/GLB Tracks/table_top_racing_-_rusty_nuts_workshop_1.png,images,tracks,1890089,456cccf75ee987ca9d4c3975a30c61b497fa4a9664fd84ef3f70986bbe8b8b1c,retain,"Project course, runtime or authoring resource; static reachability alone cannot prove dynamic use.",See source-specific notices,Historical owner CC0 statement retained; imported metadata and scoped notices recorded separately.,No scoped local notice found; see docs/credits.md and preserved source-pack notices.
tracks/GLB Tracks/table_top_racing_-_rusty_nuts_workshop_2.png,images,tracks,2335523,546e4c6b293d018701acc8b60273a4edfdd7c3912d974a27f61da8f61d2ece28,retain,"Project course, runtime or authoring resource; static reachability alone cannot prove dynamic use.",See source-specific notices,Historical owner CC0 statement retained; imported metadata and scoped notices recorded separately.,No scoped local notice found; see docs/credits.md and preserved source-pack notices.
tracks/GLB Tracks/table_top_racing_-_rusty_nuts_workshop_3.png,images,tracks,1402827,73a980dea778d597ba18283c6e5dc056e516b08cad1de2debadd64076c7e9693,retain,"Project course, runtime or authoring resource; static reachability alone cannot prove dynamic use.",See source-specific notices,Historical owner CC0 statement retained; imported metadata and scoped notices recorded separately.,No scoped local notice found; see docs/credits.md and preserved source-pack notices.
tracks/GLB Tracks/table_top_racing_-_rusty_nuts_workshop_4.png,images,tracks,1594859,d519dfad2e3202b212b058665b10d536397ba5529d0757f1a14b9580e6d1973e,retain,"Project course, runtime or authoring resource; static reachability alone cannot prove dynamic use.",See source-specific notices,Historical owner CC0 statement retained; imported metadata and scoped notices recorded separately.,No scoped local notice found; see docs/credits.md and preserved source-pack notices.
tracks/GLB Tracks/table_top_racing_-_rusty_nuts_workshop_5.png,images,tracks,2095267,b45be7e8fa0fc2302edf25f3cc1795aeb3b5348336e89e71c90d0eb7ad12a65c,retain,"Project course, runtime or authoring resource; static reachability alone cannot prove dynamic use.",See source-specific notices,Historical owner CC0 statement retained; imported metadata and scoped notices recorded separately.,No scoped local notice found; see docs/credits.md and preserved source-pack notices.
tracks/GLB Tracks/table_top_racing_-_rusty_nuts_workshop_6.png,images,tracks,1694492,83e9f2728780eb297aafbef6af970c042f801634c96d6c5aa49574ee7245ea72,retain,"Project course, runtime or authoring resource; static reachability alone cannot prove dynamic use.",See source-specific notices,Historical owner CC0 statement retained; imported metadata and scoped notices recorded separately.,No scoped local notice found; see docs/credits.md and preserved source-pack notices.
tracks/GLB Tracks/table_top_racing_-_rusty_nuts_workshop_7.png,images,tracks,1430618,ae79142db9025adf847aabaff392af21638692fc8f8aea5f7daeb7ea8d0b34c9,retain,"Project course, runtime or authoring resource; static reachability alone cannot prove dynamic use.",See source-specific notices,Historical owner CC0 statement retained; imported metadata and scoped notices recorded separately.,No scoped local notice found; see docs/credits.md and preserved source-pack notices.
tracks/GLB Tracks/table_top_racing_-_rusty_nuts_workshop_8.png,images,tracks,1514336,89c244b8b1574497420dcc6dc9f4ea359fe3f12ec89d6be7d1c6e7061d3b2fb5,retain,"Project course, runtime or authoring resource; static reachability alone cannot prove dynamic use.",See source-specific notices,Historical owner CC0 statement retained; imported metadata and scoped notices recorded separately.,No scoped local notice found; see docs/credits.md and preserved source-pack notices.
tracks/GLB Tracks/table_top_racing_-_toys_r_asleep.glb,models,tracks,14917508,99f7c07dac78a2cd78a401460b9b114cbb93454ac830656c0cfe3b3d562c16ef,retain,"Project course, runtime or authoring resource; static reachability alone cannot prove dynamic use.",See source-specific notices,Historical owner CC0 statement retained; imported metadata and scoped notices recorded separately.,No scoped local notice found; see docs/credits.md and preserved source-pack notices.
tracks/GLB Tracks/table_top_racing_-_toys_r_asleep_0.png,images,tracks,1688988,1e294aaa6043a1ae16d32e86e1c05912c5a59be34fb6c6fca98a42195bb315a8,retain,"Project course, runtime or authoring resource; static reachability alone cannot prove dynamic use.",See source-specific notices,Historical owner CC0 statement retained; imported metadata and scoped notices recorded separately.,No scoped local notice found; see docs/credits.md and preserved source-pack notices.
tracks/GLB Tracks/table_top_racing_-_toys_r_asleep_1.png,images,tracks,1621137,e0b7620d320c4bc5e349d1082cb8c5bea9265609636f9f41218b2811d6517c9d,retain,"Project course, runtime or authoring resource; static reachability alone cannot prove dynamic use.",See source-specific notices,Historical owner CC0 statement retained; imported metadata and scoped notices recorded separately.,No scoped local notice found; see docs/credits.md and preserved source-pack notices.
tracks/GLB Tracks/table_top_racing_-_toys_r_asleep_2.png,images,tracks,1225817,212a16345b989a0bb6f1be1c6b2e25509d601c98755805365281052072c1533a,retain,"Project course, runtime or authoring resource; static reachability alone cannot prove dynamic use.",See source-specific notices,Historical owner CC0 statement retained; imported metadata and scoped notices recorded separately.,No scoped local notice found; see docs/credits.md and preserved source-pack notices.
tracks/GLB Tracks/table_top_racing_-_toys_r_asleep_3.png,images,tracks,2159254,9cc2b70c76ed2a560bc6e1477f32182ef2ec7e73765b5d2cf523fe44d7b71d47,retain,"Project course, runtime or authoring resource; static reachability alone cannot prove dynamic use.",See source-specific notices,Historical owner CC0 statement retained; imported metadata and scoped notices recorded separately.,No scoped local notice found; see docs/credits.md and preserved source-pack notices.
tracks/GLB Tracks/table_top_racing_-_toys_r_asleep_4.png,images,tracks,1573430,52788d8fca865a0c0c8d50bbb7106aead4dca6929eb8a6b0e8b9851a0a3c6ad7,retain,"Project course, runtime or authoring resource; static reachability alone cannot prove dynamic use.",See source-specific notices,Historical owner CC0 statement retained; imported metadata and scoped notices recorded separately.,No scoped local notice found; see docs/credits.md and preserved source-pack notices.
tracks/GLB Tracks/table_top_racing_-_toys_r_asleep_5.png,images,tracks,2252425,f94b1509cf96af8c8ef335be1400cec79769fb6eaf94ab5c0ce321e680e479f0,retain,"Project course, runtime or authoring resource; static reachability alone cannot prove dynamic use.",See source-specific notices,Historical owner CC0 statement retained; imported metadata and scoped notices recorded separately.,No scoped local notice found; see docs/credits.md and preserved source-pack notices.
tracks/GLB Tracks/table_top_racing_-_toys_r_asleep_6.png,images,tracks,1777632,2d8c0a292b36182ce2e04b0dcba9bf34ae05189802aa09ae3c30b7cb63f76e70,retain,"Project course, runtime or authoring resource; static reachability alone cannot prove dynamic use.",See source-specific notices,Historical owner CC0 statement retained; imported metadata and scoped notices recorded separately.,No scoped local notice found; see docs/credits.md and preserved source-pack notices.
tracks/GLB Tracks/table_top_racing_-_toys_r_asleep_7.png,images,tracks,1652651,ac73500ccd13bdf5f8b3c2524d3f43ca8cd61e3e5858b95aac687f0be19d226f,retain,"Project course, runtime or authoring resource; static reachability alone cannot prove dynamic use.",See source-specific notices,Historical owner CC0 statement retained; imported metadata and scoped notices recorded separately.,No scoped local notice found; see docs/credits.md and preserved source-pack notices.
tracks/GLB Tracks/table_top_racing_-_toys_r_you.glb,models,tracks,11743928,e4239695d0b1dc343bb03732b80c81557a5e07793604bae637560a8aeb152570,retain,"Project course, runtime or authoring resource; static reachability alone cannot prove dynamic use.",See source-specific notices,Historical owner CC0 statement retained; imported metadata and scoped notices recorded separately.,No scoped local notice found; see docs/credits.md and preserved source-pack notices.
tracks/GLB Tracks/table_top_racing_-_toys_r_you_0.png,images,tracks,1303065,6bacb1798e1425fef2187ebfbc476a599ee4c99f8a1bd805c6d85e8f852c8711,retain,"Project course, runtime or authoring resource; static reachability alone cannot prove dynamic use.",See source-specific notices,Historical owner CC0 statement retained; imported metadata and scoped notices recorded separately.,No scoped local notice found; see docs/credits.md and preserved source-pack notices.
tracks/GLB Tracks/table_top_racing_-_toys_r_you_1.png,images,tracks,1060754,360d035f1ef70512da142268b0e5f1f706ba729537ad94a8ff91f22c129c8eb6,retain,"Project course, runtime or authoring resource; static reachability alone cannot prove dynamic use.",See source-specific notices,Historical owner CC0 statement retained; imported metadata and scoped notices recorded separately.,No scoped local notice found; see docs/credits.md and preserved source-pack notices.
tracks/GLB Tracks/table_top_racing_-_toys_r_you_2.png,images,tracks,942437,f81f188c7f771f6b785c72afac26077ed5c4a2a220f493c6e261309f3b85228a,retain,"Project course, runtime or authoring resource; static reachability alone cannot prove dynamic use.",See source-specific notices,Historical owner CC0 statement retained; imported metadata and scoped notices recorded separately.,No scoped local notice found; see docs/credits.md and preserved source-pack notices.
tracks/GLB Tracks/table_top_racing_-_toys_r_you_3.png,images,tracks,1269406,08df491a9bb24af6ffc15f90c10510e03c038560eec2096b22eec9c2af3439a3,retain,"Project course, runtime or authoring resource; static reachability alone cannot prove dynamic use.",See source-specific notices,Historical owner CC0 statement retained; imported metadata and scoped notices recorded separately.,No scoped local notice found; see docs/credits.md and preserved source-pack notices.
tracks/GLB Tracks/table_top_racing_-_toys_r_you_4.png,images,tracks,1736523,c1fcce8b95131d8c75065a8f119b8fe7f22ba5932ca566508604a628ae66abcc,retain,"Project course, runtime or authoring resource; static reachability alone cannot prove dynamic use.",See source-specific notices,Historical owner CC0 statement retained; imported metadata and scoped notices recorded separately.,No scoped local notice found; see docs/credits.md and preserved source-pack notices.
tracks/GLB Tracks/table_top_racing_-_toys_r_you_5.png,images,tracks,123593,aafb7fbe4b7a4e4688201b73539372d5001efc48a73532a6f8cd615009466b94,retain,"Project course, runtime or authoring resource; static reachability alone cannot prove dynamic use.",See source-specific notices,Historical owner CC0 statement retained; imported metadata and scoped notices recorded separately.,No scoped local notice found; see docs/credits.md and preserved source-pack notices.
tracks/GLB Tracks/table_top_racing_-_toys_r_you_6.png,images,tracks,1249567,0af71c5fba7955cb1e75a9cbf7e6b6a8e319a3daec2fe819bf9f71a654e4945d,retain,"Project course, runtime or authoring resource; static reachability alone cannot prove dynamic use.",See source-specific notices,Historical owner CC0 statement retained; imported metadata and scoped notices recorded separately.,No scoped local notice found; see docs/credits.md and preserved source-pack notices.
tracks/GLB Tracks/table_top_racing_-_toys_r_you_7.png,images,tracks,1497554,198a2788d91ff4897a79dfffafa918b5a04e80a2eab3af70a031bcc8c55e9d69,retain,"Project course, runtime or authoring resource; static reachability alone cannot prove dynamic use.",See source-specific notices,Historical owner CC0 statement retained; imported metadata and scoped notices recorded separately.,No scoped local notice found; see docs/credits.md and preserved source-pack notices.
tracks/GLB Tracks/table_top_racing_-_toys_r_you_8.png,images,tracks,1414873,04ecd0d9f7e6bb4117aa60c183b0dd24e86dcf82271ef6afda33b64a66e2015c,retain,"Project course, runtime or authoring resource; static reachability alone cannot prove dynamic use.",See source-specific notices,Historical owner CC0 statement retained; imported metadata and scoped notices recorded separately.,No scoped local notice found; see docs/credits.md and preserved source-pack notices.
tracks/GLB Tracks/table_top_racing_-_toys_r_you_9.png,images,tracks,191051,6e9df97d37c2cb317351369212f81c7bae0d2c54fa90ae049595f7121ffd517c,retain,"Project course, runtime or authoring resource; static reachability alone cannot prove dynamic use.",See source-specific notices,Historical owner CC0 statement retained; imported metadata and scoped notices recorded separately.,No scoped local notice found; see docs/credits.md and preserved source-pack notices.
tracks/GLB Tracks/table_top_racing_beach_buggies.glb,models,tracks,20304860,b7f0a73ee307ca4209a63e7aad24dee7b59895d27b7b6303cc9ef506b233a075,retain,"Project course, runtime or authoring resource; static reachability alone cannot prove dynamic use.",See source-specific notices,Historical owner CC0 statement retained; imported metadata and scoped notices recorded separately.,No scoped local notice found; see docs/credits.md and preserved source-pack notices.
tracks/GLB Tracks/table_top_racing_beach_buggies_0.png,images,tracks,470889,ec55c5cea908ff622d7f99a495dceec1c7cb9545fd719f87bfad02cae9a7d014,retain,"Project course, runtime or authoring resource; static reachability alone cannot prove dynamic use.",See source-specific notices,Historical owner CC0 statement retained; imported metadata and scoped notices recorded separately.,No scoped local notice found; see docs/credits.md and preserved source-pack notices.
tracks/GLB Tracks/table_top_racing_beach_buggies_1.png,images,tracks,328175,ba5e20733352c3bc3c1042a6521960bd643ed1aa0e25fb19293c44e4699b526c,retain,"Project course, runtime or authoring resource; static reachability alone cannot prove dynamic use.",See source-specific notices,Historical owner CC0 statement retained; imported metadata and scoped notices recorded separately.,No scoped local notice found; see docs/credits.md and preserved source-pack notices.
tracks/GLB Tracks/table_top_racing_beach_buggies_10.png,images,tracks,276547,b2a05c9fae1be3307edae7e23e0923b0713f4a47003260ae482c9afe4dc93f94,retain,"Project course, runtime or authoring resource; static reachability alone cannot prove dynamic use.",See source-specific notices,Historical owner CC0 statement retained; imported metadata and scoped notices recorded separately.,No scoped local notice found; see docs/credits.md and preserved source-pack notices.
tracks/GLB Tracks/table_top_racing_beach_buggies_2.png,images,tracks,2281145,d7d341178517cbd330862c86517a0fe748d46eea9f18e1b6f700f5fa0a649023,retain,"Project course, runtime or authoring resource; static reachability alone cannot prove dynamic use.",See source-specific notices,Historical owner CC0 statement retained; imported metadata and scoped notices recorded separately.,No scoped local notice found; see docs/credits.md and preserved source-pack notices.
tracks/GLB Tracks/table_top_racing_beach_buggies_3.png,images,tracks,1591241,adc7cb4ca3615b4bbf16ebe4f08271706718dd2b71d77858847a2e9e76fefe6a,retain,"Project course, runtime or authoring resource; static reachability alone cannot prove dynamic use.",See source-specific notices,Historical owner CC0 statement retained; imported metadata and scoped notices recorded separately.,No scoped local notice found; see docs/credits.md and preserved source-pack notices.
tracks/GLB Tracks/table_top_racing_beach_buggies_4.png,images,tracks,3477565,2f52ffd97a41815f0c3cca4fdc4077b5e733eea0bf0b373b34cf1f0179dbe024,retain,"Project course, runtime or authoring resource; static reachability alone cannot prove dynamic use.",See source-specific notices,Historical owner CC0 statement retained; imported metadata and scoped notices recorded separately.,No scoped local notice found; see docs/credits.md and preserved source-pack notices.
tracks/GLB Tracks/table_top_racing_beach_buggies_5.png,images,tracks,2299092,d0923282620e4c7e9d1d2437664073b183dbb35c9bbeea35c742880e26f3cb1e,retain,"Project course, runtime or authoring resource; static reachability alone cannot prove dynamic use.",See source-specific notices,Historical owner CC0 statement retained; imported metadata and scoped notices recorded separately.,No scoped local notice found; see docs/credits.md and preserved source-pack notices.
tracks/GLB Tracks/table_top_racing_beach_buggies_6.png,images,tracks,2585555,5ab92f5c581cb59564f10245b588b649a0f3c6e80078cbd9adf50b1294ee4051,retain,"Project course, runtime or authoring resource; static reachability alone cannot prove dynamic use.",See source-specific notices,Historical owner CC0 statement retained; imported metadata and scoped notices recorded separately.,No scoped local notice found; see docs/credits.md and preserved source-pack notices.
tracks/GLB Tracks/table_top_racing_beach_buggies_7.png,images,tracks,2218446,fb7f43e173a1784290ed5b6e866b87549621014a34ac2b6f8f0b7fac6cb1f2af,retain,"Project course, runtime or authoring resource; static reachability alone cannot prove dynamic use.",See source-specific notices,Historical owner CC0 statement retained; imported metadata and scoped notices recorded separately.,No scoped local notice found; see docs/credits.md and preserved source-pack notices.
tracks/GLB Tracks/table_top_racing_beach_buggies_8.png,images,tracks,3665466,49fbb37b931aaeaffd801d83a1878ae37cf9a6a3a1429545fcf0ad039abdecd0,retain,"Project course, runtime or authoring resource; static reachability alone cannot prove dynamic use.",See source-specific notices,Historical owner CC0 statement retained; imported metadata and scoped notices recorded separately.,No scoped local notice found; see docs/credits.md and preserved source-pack notices.
tracks/GLB Tracks/table_top_racing_beach_buggies_9.png,images,tracks,456628,f7b32f7a16b21d9cc1c6547df8be14c1f9a80492d595dabc8bfc1e2a42726145,retain,"Project course, runtime or authoring resource; static reachability alone cannot prove dynamic use.",See source-specific notices,Historical owner CC0 statement retained; imported metadata and scoped notices recorded separately.,No scoped local notice found; see docs/credits.md and preserved source-pack notices.
tracks/GLB Tracks/town_square_track.glb,models,tracks,18093788,fc8a380a213968eb9d41309d8454c20a2fbac04f8af8dc5c192e06a46586a131,retain,"Project course, runtime or authoring resource; static reachability alone cannot prove dynamic use.",See source-specific notices,Historical owner CC0 statement retained; imported metadata and scoped notices recorded separately.,No scoped local notice found; see docs/credits.md and preserved source-pack notices.
tracks/GLB Tracks/town_square_track_0.png,images,tracks,6553559,9c3339677dae48636a2ce4d1341b2428dd9589ea494bc167ad61844b1e883806,retain,"Project course, runtime or authoring resource; static reachability alone cannot prove dynamic use.",See source-specific notices,Historical owner CC0 statement retained; imported metadata and scoped notices recorded separately.,No scoped local notice found; see docs/credits.md and preserved source-pack notices.
tracks/GLB Tracks/town_square_track_1.png,images,tracks,5702970,0cb04ae7409bb287bd7a8631daa09e93a645410e0fa70ac1605d1fc84e83997c,retain,"Project course, runtime or authoring resource; static reachability alone cannot prove dynamic use.",See source-specific notices,Historical owner CC0 statement retained; imported metadata and scoped notices recorded separately.,No scoped local notice found; see docs/credits.md and preserved source-pack notices.
tracks/GLB Tracks/town_square_track_2.png,images,tracks,4990560,9d9b092e99019f06904c90c08dd76508f0e622d91af55889fb0b0fe96ab1f343,retain,"Project course, runtime or authoring resource; static reachability alone cannot prove dynamic use.",See source-specific notices,Historical owner CC0 statement retained; imported metadata and scoped notices recorded separately.,No scoped local notice found; see docs/credits.md and preserved source-pack notices.
tracks/moonlight_junk_heap/definition.tres,other,tracks,171579,5b66b2d09b926dd68eafae7f3a2413e1dc611256a4c9e6142e87a8991d46d4d6,current,Static reference reachable from main scene; dynamic references require separate verification.,See source-specific notices,Historical owner CC0 statement retained; imported metadata and scoped notices recorded separately.,No scoped local notice found; see docs/credits.md and preserved source-pack notices.
tracks/moonlight_junk_heap/entry.tres,other,tracks,901,71b4250c70b4c11b99ebef3daf217a410a4b0de99d2ba456c1ac1e3abf3602b7,current,Static reference reachable from main scene; dynamic references require separate verification.,See source-specific notices,Historical owner CC0 statement retained; imported metadata and scoped notices recorded separately.,No scoped local notice found; see docs/credits.md and preserved source-pack notices.
tracks/moonlight_junk_heap/measured_route.json,other,tracks,339789,edbf5afd69ade7cd67aa9ad6c0a343c895ddd1e3e54691a2fff157009fb807fb,retain,"Project course, runtime or authoring resource; static reachability alone cannot prove dynamic use.",See source-specific notices,Historical owner CC0 statement retained; imported metadata and scoped notices recorded separately.,No scoped local notice found; see docs/credits.md and preserved source-pack notices.
tracks/moonlight_junk_heap/measurement_manifest.json,other,tracks,11359,22a6b91c65c15475b6085760de0931673785095788636cdf1a19c727941f66cf,retain,"Project course, runtime or authoring resource; static reachability alone cannot prove dynamic use.",See source-specific notices,Historical owner CC0 statement retained; imported metadata and scoped notices recorded separately.,No scoped local notice found; see docs/credits.md and preserved source-pack notices.
tracks/moonlight_junk_heap/preview.res,other,tracks,256466,0fdb028739f8142222e42e559cf6451dda98bec7592ff0cb7011437a86addff7,current,Static reference reachable from main scene; dynamic references require separate verification.,See source-specific notices,Historical owner CC0 statement retained; imported metadata and scoped notices recorded separately.,No scoped local notice found; see docs/credits.md and preserved source-pack notices.
tracks/mount_rainier/definition.tres,other,tracks,384385,ca27b7da3d04a5779bd475a6cac4940ca07516c16abb89c37ad40f9c34f45051,current,Static reference reachable from main scene; dynamic references require separate verification.,See source-specific notices,Historical owner CC0 statement retained; imported metadata and scoped notices recorded separately.,No scoped local notice found; see docs/credits.md and preserved source-pack notices.
tracks/mount_rainier/entry.tres,other,tracks,948,e6ef99a8404300e77486af7dd3b55935d5788766dbacafa73ac83a1ca995071b,current,Static reference reachable from main scene; dynamic references require separate verification.,See source-specific notices,Historical owner CC0 statement retained; imported metadata and scoped notices recorded separately.,No scoped local notice found; see docs/credits.md and preserved source-pack notices.
tracks/mount_rainier/measured_route.json,other,tracks,651707,936a43ffe17b15bdd2f2ad5077f8075c7b46f3ac6c9de0ae8ed833a8a210738f,retain,"Project course, runtime or authoring resource; static reachability alone cannot prove dynamic use.",See source-specific notices,Historical owner CC0 statement retained; imported metadata and scoped notices recorded separately.,No scoped local notice found; see docs/credits.md and preserved source-pack notices.
tracks/mount_rainier/measurement_manifest.json,other,tracks,15963,f0aaa809fd5701ec664399bd7ebc91ac67322efb6049c9414ec6c8d99fdc78b7,retain,"Project course, runtime or authoring resource; static reachability alone cannot prove dynamic use.",See source-specific notices,Historical owner CC0 statement retained; imported metadata and scoped notices recorded separately.,No scoped local notice found; see docs/credits.md and preserved source-pack notices.
tracks/mount_rainier/preview.res,other,tracks,256466,1833a29a54a3e2284d220cbb3906f95cbfd0a48a44a08b8971a36af533a25ae4,current,Static reference reachable from main scene; dynamic references require separate verification.,See source-specific notices,Historical owner CC0 statement retained; imported metadata and scoped notices recorded separately.,No scoped local notice found; see docs/credits.md and preserved source-pack notices.
tracks/mount_rainier/road_boundaries.json,other,tracks,143022,ea49bb3466305005942214c997de1f31351c24711daa29ef7029449ad397e9bf,retain,"Project course, runtime or authoring resource; static reachability alone cannot prove dynamic use.",See source-specific notices,Historical owner CC0 statement retained; imported metadata and scoped notices recorded separately.,No scoped local notice found; see docs/credits.md and preserved source-pack notices.
tracks/nighttime_noodles/definition.tres,other,tracks,182376,6dfcca09341d9564099ad602e49df01c254afbdd56b10833a5de848ff115d36c,current,Static reference reachable from main scene; dynamic references require separate verification.,See source-specific notices,Historical owner CC0 statement retained; imported metadata and scoped notices recorded separately.,No scoped local notice found; see docs/credits.md and preserved source-pack notices.
tracks/nighttime_noodles/entry.tres,other,tracks,938,a06e974b70c72bb9cbce04b0cfde996eaf3b008462a7d233bb807f0c98b107ee,current,Static reference reachable from main scene; dynamic references require separate verification.,See source-specific notices,Historical owner CC0 statement retained; imported metadata and scoped notices recorded separately.,No scoped local notice found; see docs/credits.md and preserved source-pack notices.
tracks/nighttime_noodles/measured_route.json,other,tracks,364253,02b2a200b363c97b59178eeae4962b9d742561d99c6657a8aee3a1b6f253e201,retain,"Project course, runtime or authoring resource; static reachability alone cannot prove dynamic use.",See source-specific notices,Historical owner CC0 statement retained; imported metadata and scoped notices recorded separately.,No scoped local notice found; see docs/credits.md and preserved source-pack notices.
tracks/nighttime_noodles/measurement_manifest.json,other,tracks,15285,b3dcab4e09b31aa9dab01759963d6bb6b6d519490d72765ed07de4179cec4259,retain,"Project course, runtime or authoring resource; static reachability alone cannot prove dynamic use.",See source-specific notices,Historical owner CC0 statement retained; imported metadata and scoped notices recorded separately.,No scoped local notice found; see docs/credits.md and preserved source-pack notices.
tracks/nighttime_noodles/preview.res,other,tracks,256466,1ad75b9c76b746803ebc8c51174609e2a5506995a03ab09b09bbba8ae17a7d96,current,Static reference reachable from main scene; dynamic references require separate verification.,See source-specific notices,Historical owner CC0 statement retained; imported metadata and scoped notices recorded separately.,No scoped local notice found; see docs/credits.md and preserved source-pack notices.
tracks/README.md,other,tracks,2623,f6c5b85a3f6b97e3ee51b1535dbc56c2e3bd7ad0f1f6edf64a2d0247ff4f9eda,retain,"Project course, runtime or authoring resource; static reachability alone cannot prove dynamic use.",See source-specific notices,Historical owner CC0 statement retained; imported metadata and scoped notices recorded separately.,No scoped local notice found; see docs/credits.md and preserved source-pack notices.
tracks/rusty_nuts_workshop/definition.tres,other,tracks,175746,13cccd25654b12b1a1687847acf4bd403afb21375882ab51a01435a5394e380f,current,Static reference reachable from main scene; dynamic references require separate verification.,See source-specific notices,Historical owner CC0 statement retained; imported metadata and scoped notices recorded separately.,No scoped local notice found; see docs/credits.md and preserved source-pack notices.
tracks/rusty_nuts_workshop/entry.tres,other,tracks,957,538347619eda57f17d348ee3822d0a4075b183d4987d443c49c0d501811aa24f,current,Static reference reachable from main scene; dynamic references require separate verification.,See source-specific notices,Historical owner CC0 statement retained; imported metadata and scoped notices recorded separately.,No scoped local notice found; see docs/credits.md and preserved source-pack notices.
tracks/rusty_nuts_workshop/measured_route.json,other,tracks,337189,b67963503a25b05d3dffc0b73390520082ea953a9e9aff739776847a4d1a11c4,retain,"Project course, runtime or authoring resource; static reachability alone cannot prove dynamic use.",See source-specific notices,Historical owner CC0 statement retained; imported metadata and scoped notices recorded separately.,No scoped local notice found; see docs/credits.md and preserved source-pack notices.
tracks/rusty_nuts_workshop/measurement_manifest.json,other,tracks,13038,4b9fa1ae09e9c525324729f9c77a8fcf81d57c9c3ca19ae7a3ca215634363351,retain,"Project course, runtime or authoring resource; static reachability alone cannot prove dynamic use.",See source-specific notices,Historical owner CC0 statement retained; imported metadata and scoped notices recorded separately.,No scoped local notice found; see docs/credits.md and preserved source-pack notices.
tracks/rusty_nuts_workshop/preview.res,other,tracks,256466,1837b1f0659e71e782d79d727b245f86c9a2547eecb2ada889572543278f8953,current,Static reference reachable from main scene; dynamic references require separate verification.,See source-specific notices,Historical owner CC0 statement retained; imported metadata and scoped notices recorded separately.,No scoped local notice found; see docs/credits.md and preserved source-pack notices.
tracks/topspeed_oval/definition.tres,other,tracks,152311,0ecc66657066a88d6bc592d510b77c40b00288996084d818337d175c513fff54,current,Static reference reachable from main scene; dynamic references require separate verification.,See source-specific notices,Historical owner CC0 statement retained; imported metadata and scoped notices recorded separately.,No scoped local notice found; see docs/credits.md and preserved source-pack notices.
tracks/topspeed_oval/entry.tres,other,tracks,930,37f52c47782aa7c685011965f82fda93fae683f6de7e0bf03aff3a4c6e651c07,current,Static reference reachable from main scene; dynamic references require separate verification.,See source-specific notices,Historical owner CC0 statement retained; imported metadata and scoped notices recorded separately.,No scoped local notice found; see docs/credits.md and preserved source-pack notices.
tracks/topspeed_oval/measured_route.json,other,tracks,397371,9c0eec88aa43da4068e5985605595ecfebaba839b10d11a768b7ef5df2e9e2e8,retain,"Project course, runtime or authoring resource; static reachability alone cannot prove dynamic use.",See source-specific notices,Historical owner CC0 statement retained; imported metadata and scoped notices recorded separately.,No scoped local notice found; see docs/credits.md and preserved source-pack notices.
tracks/topspeed_oval/measurement_manifest.json,other,tracks,28866,fb35690be09cca3c6349da0821bd2ede9f7cb49fc9607ae9bea9355f06df0055,retain,"Project course, runtime or authoring resource; static reachability alone cannot prove dynamic use.",See source-specific notices,Historical owner CC0 statement retained; imported metadata and scoped notices recorded separately.,No scoped local notice found; see docs/credits.md and preserved source-pack notices.
tracks/topspeed_oval/preview.res,other,tracks,256466,1e714a55d782f5c21e3ead78a59cb93727f26ab6087829ba2e4b79fce3f56a8a,current,Static reference reachable from main scene; dynamic references require separate verification.,See source-specific notices,Historical owner CC0 statement retained; imported metadata and scoped notices recorded separately.,No scoped local notice found; see docs/credits.md and preserved source-pack notices.
tracks/topspeed_oval/road_boundaries.json,other,tracks,39993,eb85af40ef897b8b6ab7820c81aaecda748b82d84220e000cebac5b966158853,retain,"Project course, runtime or authoring resource; static reachability alone cannot prove dynamic use.",See source-specific notices,Historical owner CC0 statement retained; imported metadata and scoped notices recorded separately.,No scoped local notice found; see docs/credits.md and preserved source-pack notices.
tracks/town_square/CREDITS.md,other,tracks,477,a14638bba266e3ff7b5003d69ccc74577ebed02d1cd5fb1601f26319aabc4107,retain,"Project course, runtime or authoring resource; static reachability alone cannot prove dynamic use.",See source-specific notices,Historical owner CC0 statement retained; imported metadata and scoped notices recorded separately.,tracks/town_square/CREDITS.md
tracks/town_square/definition.tres,other,tracks,183116,153c2a44d98a68370652a9b7bbb3c9b4677b6ba3dcce724482249c894f13d643,current,Static reference reachable from main scene; dynamic references require separate verification.,See source-specific notices,Historical owner CC0 statement retained; imported metadata and scoped notices recorded separately.,tracks/town_square/CREDITS.md
tracks/town_square/entry.tres,other,tracks,922,cdf50a96a8de9fe62f5dfc3590458ae45b27bbbe8b254059bf67c9d8cb9bcb93,current,Static reference reachable from main scene; dynamic references require separate verification.,See source-specific notices,Historical owner CC0 statement retained; imported metadata and scoped notices recorded separately.,tracks/town_square/CREDITS.md
tracks/town_square/measured_route.json,other,tracks,458353,7f9477357391a0da98b8cac87591dafab08fed8e23a1e6b351fe519a80e41eb2,retain,"Project course, runtime or authoring resource; static reachability alone cannot prove dynamic use.",See source-specific notices,Historical owner CC0 statement retained; imported metadata and scoped notices recorded separately.,tracks/town_square/CREDITS.md
tracks/town_square/measurement_manifest.json,other,tracks,7376,171a2453f4c78ba1a0c86351e04e3c2d949af298cf6b763ebe5413d8a42ba595,retain,"Project course, runtime or authoring resource; static reachability alone cannot prove dynamic use.",See source-specific notices,Historical owner CC0 statement retained; imported metadata and scoped notices recorded separately.,tracks/town_square/CREDITS.md
tracks/town_square/preview.res,other,tracks,256466,90f1e17f2177ca3f2a2bae38518ecd4b6195b6a7ee690423fec23021a682f638,current,Static reference reachable from main scene; dynamic references require separate verification.,See source-specific notices,Historical owner CC0 statement retained; imported metadata and scoped notices recorded separately.,tracks/town_square/CREDITS.md
tracks/town_square/road_boundaries.json,other,tracks,29246,ef0bba7de25ea4f63e01ed83dc1404c4bbf0ea793a04227b8595c9e4a7025122,retain,"Project course, runtime or authoring resource; static reachability alone cannot prove dynamic use.",See source-specific notices,Historical owner CC0 statement retained; imported metadata and scoped notices recorded separately.,tracks/town_square/CREDITS.md
tracks/toys_r_asleep/definition.tres,other,tracks,187473,f6fa47b9d23c6f56d90b73fea7c4f410ce94c45d21c9edae95c9369ee1bffde3,current,Static reference reachable from main scene; dynamic references require separate verification.,See source-specific notices,Historical owner CC0 statement retained; imported metadata and scoped notices recorded separately.,No scoped local notice found; see docs/credits.md and preserved source-pack notices.
tracks/toys_r_asleep/entry.tres,other,tracks,911,524b65fda26592540622282987f6ac6e9ca178a6f58ed274f6a23a3596bcb599,current,Static reference reachable from main scene; dynamic references require separate verification.,See source-specific notices,Historical owner CC0 statement retained; imported metadata and scoped notices recorded separately.,No scoped local notice found; see docs/credits.md and preserved source-pack notices.
tracks/toys_r_asleep/measured_route.json,other,tracks,334601,574e32b911ca39de42286049fc5601b8462cb0ae6c55f553ccfc21163e401e63,retain,"Project course, runtime or authoring resource; static reachability alone cannot prove dynamic use.",See source-specific notices,Historical owner CC0 statement retained; imported metadata and scoped notices recorded separately.,No scoped local notice found; see docs/credits.md and preserved source-pack notices.
tracks/toys_r_asleep/measurement_manifest.json,other,tracks,9729,e6b4b15e0b73a0830b68cf3d73186769359dd2d5d5f242935a9ab52a8423f084,retain,"Project course, runtime or authoring resource; static reachability alone cannot prove dynamic use.",See source-specific notices,Historical owner CC0 statement retained; imported metadata and scoped notices recorded separately.,No scoped local notice found; see docs/credits.md and preserved source-pack notices.
tracks/toys_r_asleep/preview.res,other,tracks,256466,0919fa4720230e40063a72eef4069c83ed111af1d808e4e317fff3e3dcbea2c4,current,Static reference reachable from main scene; dynamic references require separate verification.,See source-specific notices,Historical owner CC0 statement retained; imported metadata and scoped notices recorded separately.,No scoped local notice found; see docs/credits.md and preserved source-pack notices.
tracks/toys_r_you/definition.tres,other,tracks,189863,6258910deac2b1439c43bbccf476726400ad37b286abfc4dae944612a755e9eb,current,Static reference reachable from main scene; dynamic references require separate verification.,See source-specific notices,Historical owner CC0 statement retained; imported metadata and scoped notices recorded separately.,No scoped local notice found; see docs/credits.md and preserved source-pack notices.
tracks/toys_r_you/entry.tres,other,tracks,876,907c070f8866a1d98ceee13f6f91e6168644b5d1852a1544e50a59b4827b9062,current,Static reference reachable from main scene; dynamic references require separate verification.,See source-specific notices,Historical owner CC0 statement retained; imported metadata and scoped notices recorded separately.,No scoped local notice found; see docs/credits.md and preserved source-pack notices.
tracks/toys_r_you/measured_route.json,other,tracks,331160,0b600bb898f2fcd64a65745aafefea575563f51e11c35dd00b250e12229fbe88,retain,"Project course, runtime or authoring resource; static reachability alone cannot prove dynamic use.",See source-specific notices,Historical owner CC0 statement retained; imported metadata and scoped notices recorded separately.,No scoped local notice found; see docs/credits.md and preserved source-pack notices.
tracks/toys_r_you/preview.res,other,tracks,256466,ed9ee36774b3444c413fe352133f8072702fd702ec20b7b0d2c296cb55e37efd,current,Static reference reachable from main scene; dynamic references require separate verification.,See source-specific notices,Historical owner CC0 statement retained; imported metadata and scoped notices recorded separately.,No scoped local notice found; see docs/credits.md and preserved source-pack notices.
