path,classification,review,authority
.summer/art-bible.md,current project documentation,reconciled with current-build authority,docs/current-build.md
.summer/plans/2026-10-03-tabletop-glb-rollout.md,retained specification with current-status override,reconciled with current-build authority,docs/current-build.md
.summer/plans/2026-10-04-arcade-menu-flow.md,retained specification with current-status override,reconciled with current-build authority,docs/current-build.md
.summer/plans/2026-10-04-race-quality-toys-r-you.md,retained specification with current-status override,reconciled with current-build authority,docs/current-build.md
.summer/plans/2026-10-05-profiles-tuning-tracks-effects.md,retained specification with current-status override,reconciled with current-build authority,docs/current-build.md
AGENTS.md,current project documentation,reconciled with current-build authority,docs/current-build.md
README.md,current project documentation,reconciled with current-build authority,docs/current-build.md
addons/debug_draw_3d/README.md,vendor source documentation,retain original run/source meaning,scoped source notice
addons/debug_draw_3d/gen/csharp/log.txt,vendor source documentation,retain original run/source meaning,scoped source notice
addons/godot-rapier2d/THIRDPARTY.txt,vendor source documentation,retain original run/source meaning,scoped source notice
addons/godot_mcp_toolkit/ATTRIBUTIONS.md,vendor source documentation,retain original run/source meaning,scoped source notice
addons/godot_mcp_toolkit/CompanionSkills/godot-mcp-toolkit/SKILL.md,vendor source documentation,retain original run/source meaning,scoped source notice
addons/godot_mcp_toolkit/CompanionSkills/godot-mcp-toolkit/references/input-events.md,vendor source documentation,retain original run/source meaning,scoped source notice
addons/godot_mcp_toolkit/CompanionSkills/godot-mcp-toolkit/references/parallel-sessions.md,vendor source documentation,retain original run/source meaning,scoped source notice
addons/godot_mcp_toolkit/CompanionSkills/godot-mcp-toolkit/references/type-wrappers.md,vendor source documentation,retain original run/source meaning,scoped source notice
addons/godot_mcp_toolkit/CompanionSkills/mcp-extension-creator/SKILL.md,vendor source documentation,retain original run/source meaning,scoped source notice
addons/godot_mcp_toolkit/CompanionSkills/mcp-extension-creator/references/cancellation.md,vendor source documentation,retain original run/source meaning,scoped source notice
addons/godot_mcp_toolkit/CompanionSkills/mcp-extension-creator/references/csharp-extensions.md,vendor source documentation,retain original run/source meaning,scoped source notice
addons/godot_mcp_toolkit/CompanionSkills/mcp-extension-creator/references/exporting.md,vendor source documentation,retain original run/source meaning,scoped source notice
addons/godot_mcp_toolkit/CompanionSkills/mcp-extension-creator/references/type-coercion.md,vendor source documentation,retain original run/source meaning,scoped source notice
addons/godot_mcp_toolkit/README.md,vendor source documentation,retain original run/source meaning,scoped source notice
addons/godot_mcp_toolkit/docs/advanced_configuration.md,vendor source documentation,retain original run/source meaning,scoped source notice
addons/godot_mcp_toolkit/docs/companion-skills.md,vendor source documentation,retain original run/source meaning,scoped source notice
addons/godot_mcp_toolkit/docs/compatibility.md,vendor source documentation,retain original run/source meaning,scoped source notice
addons/godot_mcp_toolkit/docs/extending.md,vendor source documentation,retain original run/source meaning,scoped source notice
addons/godot_mcp_toolkit/docs/multi-instance.md,vendor source documentation,retain original run/source meaning,scoped source notice
addons/godot_mcp_toolkit/docs/security-recommendations.md,vendor source documentation,retain original run/source meaning,scoped source notice
addons/terrain_3d/LICENSE.txt,vendor source documentation,retain original run/source meaning,scoped source notice
addons/terrain_3d/README.md,vendor source documentation,retain original run/source meaning,scoped source notice
addons/terrain_3d/menu/channel_packer_import_template.txt,vendor source documentation,retain original run/source meaning,scoped source notice
assets/arcade/driver-portrait-prompts.txt,current project documentation,reconciled with current-build authority,docs/current-build.md
assets/effects/kenney/License.txt,source attribution,retain original run/source meaning,scoped source notice
assets/effects/kenney/README.md,current project documentation,reconciled with current-build authority,docs/current-build.md
assets/imported/casino/README.md,current project documentation,reconciled with current-build authority,docs/current-build.md
assets/imported/racing/CREDITS.md,source attribution,retain original run/source meaning,scoped source notice
assets/imported/tabletop/CREDITS.md,source attribution,retain original run/source meaning,scoped source notice
assets/vehicles/prototypes/README.md,current project documentation,reconciled with current-build authority,docs/current-build.md
assets/video/opening/CREDITS.md,source attribution,retain original run/source meaning,scoped source notice
assets/video/opening/additional-video-prompts.md,editorial/reference documentation,reconciled with current-build authority,docs/current-build.md
assets/video/opening/theme-review/README.md,editorial/reference documentation,reconciled with current-build authority,docs/current-build.md
assets/video/opening/theme-review/youtube-short-upload.md,editorial/reference documentation,reconciled with current-build authority,docs/current-build.md
assets/video/opening/theme-review/youtube-upload-details.md,editorial/reference documentation,reconciled with current-build authority,docs/current-build.md
audio/music/CREDITS.md,source attribution,retain original run/source meaning,scoped source notice
docs/README.md,current project documentation,reconciled with current-build authority,docs/current-build.md
docs/animated-vehicles-integration.md,current project documentation,reconciled with current-build authority,docs/current-build.md
docs/arcade-menu-flow.md,current project documentation,reconciled with current-build authority,docs/current-build.md
docs/art-reference/README.md,editorial/reference documentation,reconciled with current-build authority,docs/current-build.md
docs/asset-catalogue/AUDIT.md,current project documentation,reconciled with current-build authority,docs/current-build.md
docs/automated-road-extraction.md,current project documentation,reconciled with current-build authority,docs/current-build.md
docs/character-roster-and-colours.md,current project documentation,reconciled with current-build authority,docs/current-build.md
docs/credits.md,source attribution,retain original run/source meaning,scoped source notice
docs/current-build.md,current project documentation,reconciled with current-build authority,docs/current-build.md
docs/developer-tuning.md,current project documentation,reconciled with current-build authority,docs/current-build.md
docs/eight-car-experience-audit.md,current project documentation,reconciled with current-build authority,docs/current-build.md
docs/game-brand.md,current project documentation,reconciled with current-build authority,docs/current-build.md
docs/gamepad-driver-name-entry.md,current project documentation,reconciled with current-build authority,docs/current-build.md
docs/glb-track-disposition.md,current project documentation,reconciled with current-build authority,docs/current-build.md
docs/glb-track-usability-audit.md,current project documentation,reconciled with current-build authority,docs/current-build.md
docs/implementation-checklist.md,current project documentation,reconciled with current-build authority,docs/current-build.md
docs/opening-sequence.md,current project documentation,reconciled with current-build authority,docs/current-build.md
docs/owner-benchmarks.md,current project documentation,reconciled with current-build authority,docs/current-build.md
docs/project-maintenance.md,current project documentation,reconciled with current-build authority,docs/current-build.md
docs/racing-modes.md,current project documentation,reconciled with current-build authority,docs/current-build.md
docs/repository-workflow.md,current project documentation,reconciled with current-build authority,docs/current-build.md
docs/tabletop-track-extraction-guide.md,current project documentation,reconciled with current-build authority,docs/current-build.md
docs/toys-r-you-integration.md,current project documentation,reconciled with current-build authority,docs/current-build.md
docs/vehicle-classes.md,current project documentation,reconciled with current-build authority,docs/current-build.md
docs/vehicle-collision-recovery-profiles.md,current project documentation,reconciled with current-build authority,docs/current-build.md
docs/vehicle-progression.md,current project documentation,reconciled with current-build authority,docs/current-build.md
docs/verification/bazaar-drift.md,historical evidence,retain original run/source meaning,docs/current-build.md
docs/verification/bazaar-loading-menu.md,historical evidence,retain original run/source meaning,docs/current-build.md
docs/verification/bazaar-projection-cache.md,historical evidence,retain original run/source meaning,docs/current-build.md
docs/verification/bazaar-registration.md,historical evidence,retain original run/source meaning,docs/current-build.md
docs/verification/bazaar-vehicle-classes.md,historical evidence,retain original run/source meaning,docs/current-build.md
docs/verification/bazaar.md,historical evidence,retain original run/source meaning,docs/current-build.md
docs/verification/bedroom-presentation.md,historical evidence,retain original run/source meaning,docs/current-build.md
docs/verification/challenge-roadmaps.md,historical evidence,retain original run/source meaning,docs/current-build.md
docs/verification/course-capabilities.md,historical evidence,retain original run/source meaning,docs/current-build.md
docs/verification/course-loading.md,historical evidence,retain original run/source meaning,docs/current-build.md
docs/verification/course-preview-layout.md,historical evidence,retain original run/source meaning,docs/current-build.md
docs/verification/developer-menu-export.md,historical evidence,retain original run/source meaning,docs/current-build.md
docs/verification/developer-tuning-overrides.md,historical evidence,retain original run/source meaning,docs/current-build.md
docs/verification/development-panels-setup-camera.md,historical evidence,retain original run/source meaning,docs/current-build.md
docs/verification/eight-car-race.md,historical evidence,retain original run/source meaning,docs/current-build.md
docs/verification/eight-car-tuning.md,historical evidence,retain original run/source meaning,docs/current-build.md
docs/verification/exported-tuning-defaults.md,historical evidence,retain original run/source meaning,docs/current-build.md
docs/verification/firefly_bbq.md,historical evidence,retain original run/source meaning,docs/current-build.md
docs/verification/jaylabs-opening.md,historical evidence,retain original run/source meaning,docs/current-build.md
docs/verification/layered-developer-baselines.md,historical evidence,retain original run/source meaning,docs/current-build.md
docs/verification/menu-music.md,historical evidence,retain original run/source meaning,docs/current-build.md
docs/verification/menu-navigation.md,historical evidence,retain original run/source meaning,docs/current-build.md
docs/verification/menu-selection-flow.md,historical evidence,retain original run/source meaning,docs/current-build.md
docs/verification/moonlight_junk_heap.md,historical evidence,retain original run/source meaning,docs/current-build.md
docs/verification/mount-rainier-ground.md,historical evidence,retain original run/source meaning,docs/current-build.md
docs/verification/mount_rainier.md,historical evidence,retain original run/source meaning,docs/current-build.md
docs/verification/nighttime_noodles.md,historical evidence,retain original run/source meaning,docs/current-build.md
docs/verification/player-stats.md,historical evidence,retain original run/source meaning,docs/current-build.md
docs/verification/race-quality-course-rollout.md,historical evidence,retain original run/source meaning,docs/current-build.md
docs/verification/requirements-2.22.23.md,historical evidence,retain original run/source meaning,docs/current-build.md
docs/verification/retro-ui.md,historical evidence,retain original run/source meaning,docs/current-build.md
docs/verification/rusty_nuts_workshop.md,historical evidence,retain original run/source meaning,docs/current-build.md
docs/verification/saved-player-profiles.md,historical evidence,retain original run/source meaning,docs/current-build.md
docs/verification/theme-opening.md,historical evidence,retain original run/source meaning,docs/current-build.md
docs/verification/topspeed_oval.md,historical evidence,retain original run/source meaning,docs/current-build.md
docs/verification/town_square.md,historical evidence,retain original run/source meaning,docs/current-build.md
docs/verification/toys-r-you-race-quality.md,historical evidence,retain original run/source meaning,docs/current-build.md
docs/verification/toys_r_asleep.md,historical evidence,retain original run/source meaning,docs/current-build.md
docs/verification/toys_r_you-checkpoint-flags.md,historical evidence,retain original run/source meaning,docs/current-build.md
docs/verification/vehicle-baseline-tuning.md,historical evidence,retain original run/source meaning,docs/current-build.md
docs/verification/vehicle-classes.md,historical evidence,retain original run/source meaning,docs/current-build.md
docs/verification/vehicle-effects.md,historical evidence,retain original run/source meaning,docs/current-build.md
environments/bedroom/SKYBOX_CREDITS.md,source attribution,retain original run/source meaning,scoped source notice
environments/kitchen/ASSETS.md,current project documentation,reconciled with current-build authority,docs/current-build.md
marketing/cinematic-clips-2026-10-06/README.md,editorial/reference documentation,reconciled with current-build authority,docs/current-build.md
marketing/cinematic-clips-2026-10-06/capture/firefly_bbq/pid.txt,editorial/reference documentation,reconciled with current-build authority,docs/current-build.md
marketing/cinematic-clips-2026-10-06/capture/firefly_bbq/process-exit.txt,editorial/reference documentation,reconciled with current-build authority,docs/current-build.md
marketing/cinematic-clips-2026-10-06/capture/game_table/pid.txt,editorial/reference documentation,reconciled with current-build authority,docs/current-build.md
marketing/cinematic-clips-2026-10-06/capture/game_table/process-exit.txt,editorial/reference documentation,reconciled with current-build authority,docs/current-build.md
marketing/cinematic-clips-2026-10-06/capture/mount_rainier/pid.txt,editorial/reference documentation,reconciled with current-build authority,docs/current-build.md
marketing/cinematic-clips-2026-10-06/capture/mount_rainier/process-exit.txt,editorial/reference documentation,reconciled with current-build authority,docs/current-build.md
marketing/cinematic-clips-2026-10-06/capture/nighttime_noodles/pid.txt,editorial/reference documentation,reconciled with current-build authority,docs/current-build.md
marketing/cinematic-clips-2026-10-06/capture/nighttime_noodles/process-exit.txt,editorial/reference documentation,reconciled with current-build authority,docs/current-build.md
marketing/cinematic-clips-2026-10-06/capture/topspeed_blue_boost/pid.txt,editorial/reference documentation,reconciled with current-build authority,docs/current-build.md
marketing/cinematic-clips-2026-10-06/capture/topspeed_blue_boost/process-exit.txt,editorial/reference documentation,reconciled with current-build authority,docs/current-build.md
marketing/cinematic-clips-2026-10-06/capture/topspeed_blue_boost_safe/pid.txt,editorial/reference documentation,reconciled with current-build authority,docs/current-build.md
marketing/cinematic-clips-2026-10-06/capture/topspeed_blue_boost_safe/process-exit.txt,editorial/reference documentation,reconciled with current-build authority,docs/current-build.md
marketing/cinematic-clips-2026-10-06/capture/topspeed_oval/pid.txt,editorial/reference documentation,reconciled with current-build authority,docs/current-build.md
marketing/cinematic-clips-2026-10-06/capture/topspeed_oval/process-exit.txt,editorial/reference documentation,reconciled with current-build authority,docs/current-build.md
marketing/cinematic-clips-2026-10-06/capture/topspeed_oval_colours/pid.txt,editorial/reference documentation,reconciled with current-build authority,docs/current-build.md
marketing/cinematic-clips-2026-10-06/capture/topspeed_oval_colours/process-exit.txt,editorial/reference documentation,reconciled with current-build authority,docs/current-build.md
marketing/cinematic-clips-2026-10-06/capture/town_square/pid.txt,editorial/reference documentation,reconciled with current-build authority,docs/current-build.md
marketing/cinematic-clips-2026-10-06/capture/town_square/process-exit.txt,editorial/reference documentation,reconciled with current-build authority,docs/current-build.md
marketing/cinematic-clips-2026-10-06/capture/town_square_clear_colours/pid.txt,editorial/reference documentation,reconciled with current-build authority,docs/current-build.md
marketing/cinematic-clips-2026-10-06/capture/town_square_clear_colours/process-exit.txt,editorial/reference documentation,reconciled with current-build authority,docs/current-build.md
marketing/cinematic-clips-2026-10-06/capture/toys_r_asleep/pid.txt,editorial/reference documentation,reconciled with current-build authority,docs/current-build.md
marketing/cinematic-clips-2026-10-06/capture/toys_r_asleep/process-exit.txt,editorial/reference documentation,reconciled with current-build authority,docs/current-build.md
marketing/gameplay-clips-2026-10-06/README.md,editorial/reference documentation,reconciled with current-build authority,docs/current-build.md
marketing/gameplay-clips-2026-10-06/capture-day/game_table/pid.txt,editorial/reference documentation,reconciled with current-build authority,docs/current-build.md
marketing/gameplay-clips-2026-10-06/capture-day/game_table/process-exit.txt,editorial/reference documentation,reconciled with current-build authority,docs/current-build.md
marketing/gameplay-clips-2026-10-06/capture-day/mount_rainier/pid.txt,editorial/reference documentation,reconciled with current-build authority,docs/current-build.md
marketing/gameplay-clips-2026-10-06/capture-day/mount_rainier/process-exit.txt,editorial/reference documentation,reconciled with current-build authority,docs/current-build.md
marketing/gameplay-clips-2026-10-06/capture-day/topspeed_oval/pid.txt,editorial/reference documentation,reconciled with current-build authority,docs/current-build.md
marketing/gameplay-clips-2026-10-06/capture-day/topspeed_oval/process-exit.txt,editorial/reference documentation,reconciled with current-build authority,docs/current-build.md
marketing/gameplay-clips-2026-10-06/capture-day/topspeed_oval_retake01/pid.txt,editorial/reference documentation,reconciled with current-build authority,docs/current-build.md
marketing/gameplay-clips-2026-10-06/capture-day/topspeed_oval_retake01/process-exit.txt,editorial/reference documentation,reconciled with current-build authority,docs/current-build.md
marketing/gameplay-clips-2026-10-06/capture-day/town_square/pid.txt,editorial/reference documentation,reconciled with current-build authority,docs/current-build.md
marketing/gameplay-clips-2026-10-06/capture-day/town_square/process-exit.txt,editorial/reference documentation,reconciled with current-build authority,docs/current-build.md
marketing/gameplay-clips-2026-10-06/capture/bazaar/pid.txt,editorial/reference documentation,reconciled with current-build authority,docs/current-build.md
marketing/gameplay-clips-2026-10-06/capture/bazaar/process-exit.txt,editorial/reference documentation,reconciled with current-build authority,docs/current-build.md
marketing/gameplay-clips-2026-10-06/capture/bazaar_retake01/pid.txt,editorial/reference documentation,reconciled with current-build authority,docs/current-build.md
marketing/gameplay-clips-2026-10-06/capture/bazaar_retake01/process-exit.txt,editorial/reference documentation,reconciled with current-build authority,docs/current-build.md
marketing/gameplay-clips-2026-10-06/capture/firefly_bbq/pid.txt,editorial/reference documentation,reconciled with current-build authority,docs/current-build.md
marketing/gameplay-clips-2026-10-06/capture/firefly_bbq/process-exit.txt,editorial/reference documentation,reconciled with current-build authority,docs/current-build.md
marketing/gameplay-clips-2026-10-06/capture/firefly_bbq_retake01/pid.txt,editorial/reference documentation,reconciled with current-build authority,docs/current-build.md
marketing/gameplay-clips-2026-10-06/capture/firefly_bbq_retake01/process-exit.txt,editorial/reference documentation,reconciled with current-build authority,docs/current-build.md
marketing/gameplay-clips-2026-10-06/capture/mount_rainier/pid.txt,editorial/reference documentation,reconciled with current-build authority,docs/current-build.md
marketing/gameplay-clips-2026-10-06/capture/mount_rainier/process-exit.txt,editorial/reference documentation,reconciled with current-build authority,docs/current-build.md
marketing/gameplay-clips-2026-10-06/capture/town_square/pid.txt,editorial/reference documentation,reconciled with current-build authority,docs/current-build.md
marketing/gameplay-clips-2026-10-06/capture/town_square/process-exit.txt,editorial/reference documentation,reconciled with current-build authority,docs/current-build.md
marketing/gameplay-clips-2026-10-06/capture/town_square_retake01/pid.txt,editorial/reference documentation,reconciled with current-build authority,docs/current-build.md
marketing/gameplay-clips-2026-10-06/capture/town_square_retake01/process-exit.txt,editorial/reference documentation,reconciled with current-build authority,docs/current-build.md
marketing/gameplay-clips-2026-10-06/capture/toys_r_you/pid.txt,editorial/reference documentation,reconciled with current-build authority,docs/current-build.md
marketing/gameplay-clips-2026-10-06/capture/toys_r_you/process-exit.txt,editorial/reference documentation,reconciled with current-build authority,docs/current-build.md
tests/autopilot/README.md,historical evidence,retain original run/source meaning,docs/current-build.md
tests/autopilot/out/hard_music/process_id.txt,historical evidence,retain original run/source meaning,docs/current-build.md
tests/autopilot/out/music_difficulty/process_id.txt,historical evidence,retain original run/source meaning,docs/current-build.md
tests/baselines/audio/course_soundtrack01/pid.txt,historical evidence,retain original run/source meaning,docs/current-build.md
tests/baselines/audio/course_soundtrack01/process-exit.txt,historical evidence,retain original run/source meaning,docs/current-build.md
tests/baselines/content/bazaar/classes-drift_car02/pid.txt,historical evidence,retain original run/source meaning,docs/current-build.md
tests/baselines/content/bazaar/classes-drift_car02/process-exit.txt,historical evidence,retain original run/source meaning,docs/current-build.md
tests/baselines/content/bazaar/classes-monster01/pid.txt,historical evidence,retain original run/source meaning,docs/current-build.md
tests/baselines/content/bazaar/classes-monster01/process-exit.txt,historical evidence,retain original run/source meaning,docs/current-build.md
tests/baselines/content/bazaar/classes-monster_truck02/pid.txt,historical evidence,retain original run/source meaning,docs/current-build.md
tests/baselines/content/bazaar/classes-monster_truck02/process-exit.txt,historical evidence,retain original run/source meaning,docs/current-build.md
tests/baselines/content/bazaar/classes-racing_car02/pid.txt,historical evidence,retain original run/source meaning,docs/current-build.md
tests/baselines/content/bazaar/classes-racing_car02/process-exit.txt,historical evidence,retain original run/source meaning,docs/current-build.md
tests/baselines/content/bazaar/classes-speedboat02/pid.txt,historical evidence,retain original run/source meaning,docs/current-build.md
tests/baselines/content/bazaar/classes-speedboat02/process-exit.txt,historical evidence,retain original run/source meaning,docs/current-build.md
tests/baselines/content/bazaar/classes01/drift_car/pid.txt,historical evidence,retain original run/source meaning,docs/current-build.md
tests/baselines/content/bazaar/classes01/drift_car/process-exit.txt,historical evidence,retain original run/source meaning,docs/current-build.md
tests/baselines/content/bazaar/classes01/monster_truck/pid.txt,historical evidence,retain original run/source meaning,docs/current-build.md
tests/baselines/content/bazaar/classes01/monster_truck/process-exit.txt,historical evidence,retain original run/source meaning,docs/current-build.md
tests/baselines/content/bazaar/classes01/racing_car/pid.txt,historical evidence,retain original run/source meaning,docs/current-build.md
tests/baselines/content/bazaar/classes01/racing_car/process-exit.txt,historical evidence,retain original run/source meaning,docs/current-build.md
tests/baselines/content/bazaar/classes01/speedboat/pid.txt,historical evidence,retain original run/source meaning,docs/current-build.md
tests/baselines/content/bazaar/classes01/speedboat/process-exit.txt,historical evidence,retain original run/source meaning,docs/current-build.md
tests/baselines/content/bazaar/corner-test-initial-failure.txt,historical evidence,retain original run/source meaning,docs/current-build.md
tests/baselines/content/bazaar/corner-tests-final.txt,historical evidence,retain original run/source meaning,docs/current-build.md
tests/baselines/content/bazaar/drift_01/pid.txt,historical evidence,retain original run/source meaning,docs/current-build.md
tests/baselines/content/bazaar/drift_01/process-exit.txt,historical evidence,retain original run/source meaning,docs/current-build.md
tests/baselines/content/bazaar/drift_02/pid.txt,historical evidence,retain original run/source meaning,docs/current-build.md
tests/baselines/content/bazaar/drift_02/process-exit.txt,historical evidence,retain original run/source meaning,docs/current-build.md
tests/baselines/content/bazaar/drift_03/pid.txt,historical evidence,retain original run/source meaning,docs/current-build.md
tests/baselines/content/bazaar/drift_03/process-exit.txt,historical evidence,retain original run/source meaning,docs/current-build.md
tests/baselines/content/bazaar/extraction01/pre-staging/CREDITS.md,historical evidence,retain original run/source meaning,docs/current-build.md
tests/baselines/content/bazaar/loading-cached03/pid.txt,historical evidence,retain original run/source meaning,docs/current-build.md
tests/baselines/content/bazaar/loading-cached03/process-exit.txt,historical evidence,retain original run/source meaning,docs/current-build.md
tests/baselines/content/bazaar/loading-development01/pid.txt,historical evidence,retain original run/source meaning,docs/current-build.md
tests/baselines/content/bazaar/loading-development01/process-exit.txt,historical evidence,retain original run/source meaning,docs/current-build.md
tests/baselines/content/bazaar/loading-final04/pid.txt,historical evidence,retain original run/source meaning,docs/current-build.md
tests/baselines/content/bazaar/loading-final04/process-exit.txt,historical evidence,retain original run/source meaning,docs/current-build.md
tests/baselines/content/bazaar/loading-lifecycle-cached02/pid.txt,historical evidence,retain original run/source meaning,docs/current-build.md
tests/baselines/content/bazaar/loading-lifecycle-cached02/process-exit.txt,historical evidence,retain original run/source meaning,docs/current-build.md
tests/baselines/content/bazaar/loading-lifecycle01/pid.txt,historical evidence,retain original run/source meaning,docs/current-build.md
tests/baselines/content/bazaar/loading-lifecycle01/process-exit.txt,historical evidence,retain original run/source meaning,docs/current-build.md
tests/baselines/content/bazaar/loading-profile02/pid.txt,historical evidence,retain original run/source meaning,docs/current-build.md
tests/baselines/content/bazaar/loading-profile02/process-exit.txt,historical evidence,retain original run/source meaning,docs/current-build.md
tests/baselines/content/bazaar/menu-trial01/pid.txt,historical evidence,retain original run/source meaning,docs/current-build.md
tests/baselines/content/bazaar/menu-trial01/process-exit.txt,historical evidence,retain original run/source meaning,docs/current-build.md
tests/baselines/content/bazaar/menu-trial02/pid.txt,historical evidence,retain original run/source meaning,docs/current-build.md
tests/baselines/content/bazaar/menu-trial02/process-exit.txt,historical evidence,retain original run/source meaning,docs/current-build.md
tests/baselines/content/bazaar/playable01/pid.txt,historical evidence,retain original run/source meaning,docs/current-build.md
tests/baselines/content/bazaar/playable01/process-exit.txt,historical evidence,retain original run/source meaning,docs/current-build.md
tests/baselines/content/bazaar/playable02/pid.txt,historical evidence,retain original run/source meaning,docs/current-build.md
tests/baselines/content/bazaar/playable02/process-exit.txt,historical evidence,retain original run/source meaning,docs/current-build.md
tests/baselines/content/bazaar/playable03-corners/pid.txt,historical evidence,retain original run/source meaning,docs/current-build.md
tests/baselines/content/bazaar/playable03-corners/process-exit.txt,historical evidence,retain original run/source meaning,docs/current-build.md
tests/baselines/content/bazaar/projection-after04/pid.txt,historical evidence,retain original run/source meaning,docs/current-build.md
tests/baselines/content/bazaar/projection-after04/process-exit.txt,historical evidence,retain original run/source meaning,docs/current-build.md
tests/baselines/content/bazaar/projection-before04/pid.txt,historical evidence,retain original run/source meaning,docs/current-build.md
tests/baselines/content/bazaar/projection-before04/process-exit.txt,historical evidence,retain original run/source meaning,docs/current-build.md
tests/baselines/content/bazaar/projection-final04/pid.txt,historical evidence,retain original run/source meaning,docs/current-build.md
tests/baselines/content/bazaar/projection-final04/process-exit.txt,historical evidence,retain original run/source meaning,docs/current-build.md
tests/baselines/content/bazaar/projection-parity01/pid.txt,historical evidence,retain original run/source meaning,docs/current-build.md
tests/baselines/content/bazaar/projection-parity01/process-exit.txt,historical evidence,retain original run/source meaning,docs/current-build.md
tests/baselines/content/bazaar/projection-parity02/pid.txt,historical evidence,retain original run/source meaning,docs/current-build.md
tests/baselines/content/bazaar/projection-parity02/process-exit.txt,historical evidence,retain original run/source meaning,docs/current-build.md
tests/baselines/content/bazaar/registered-full01/pid.txt,historical evidence,retain original run/source meaning,docs/current-build.md
tests/baselines/content/bazaar/registered-full01/process-exit.txt,historical evidence,retain original run/source meaning,docs/current-build.md
tests/baselines/content/bazaar/registered-loading01/pid.txt,historical evidence,retain original run/source meaning,docs/current-build.md
tests/baselines/content/bazaar/registered-loading01/process-exit.txt,historical evidence,retain original run/source meaning,docs/current-build.md
tests/baselines/content/bazaar/registered-loading02/pid.txt,historical evidence,retain original run/source meaning,docs/current-build.md
tests/baselines/content/bazaar/registered-loading02/process-exit.txt,historical evidence,retain original run/source meaning,docs/current-build.md
tests/baselines/content/bazaar/registered-menu01/pid.txt,historical evidence,retain original run/source meaning,docs/current-build.md
tests/baselines/content/bazaar/registered-menu01/process-exit.txt,historical evidence,retain original run/source meaning,docs/current-build.md
tests/baselines/content/bazaar/registered-menu02/pid.txt,historical evidence,retain original run/source meaning,docs/current-build.md
tests/baselines/content/bazaar/registered-menu02/process-exit.txt,historical evidence,retain original run/source meaning,docs/current-build.md
tests/baselines/content/bazaar/registered-starting01/pid.txt,historical evidence,retain original run/source meaning,docs/current-build.md
tests/baselines/content/bazaar/registered-starting01/process-exit.txt,historical evidence,retain original run/source meaning,docs/current-build.md
tests/baselines/content/bazaar/rendered01/pid.txt,historical evidence,retain original run/source meaning,docs/current-build.md
tests/baselines/content/bazaar/rendered01/process-exit.txt,historical evidence,retain original run/source meaning,docs/current-build.md
tests/baselines/content/bazaar/rendered02/pid.txt,historical evidence,retain original run/source meaning,docs/current-build.md
tests/baselines/content/bazaar/rendered02/process-exit.txt,historical evidence,retain original run/source meaning,docs/current-build.md
tests/baselines/content/bazaar/route-profile01/pid.txt,historical evidence,retain original run/source meaning,docs/current-build.md
tests/baselines/content/bazaar/route-profile01/process-exit.txt,historical evidence,retain original run/source meaning,docs/current-build.md
tests/baselines/content/bazaar/source-import-before.txt,historical evidence,retain original run/source meaning,docs/current-build.md
tests/baselines/content/bazaar/vehicle-cache-regression01/pid.txt,historical evidence,retain original run/source meaning,docs/current-build.md
tests/baselines/content/bazaar/vehicle-cache-regression01/process-exit.txt,historical evidence,retain original run/source meaning,docs/current-build.md
tests/baselines/content/bazaar/vehicle-load-cached02/pid.txt,historical evidence,retain original run/source meaning,docs/current-build.md
tests/baselines/content/bazaar/vehicle-load-cached02/process-exit.txt,historical evidence,retain original run/source meaning,docs/current-build.md
tests/baselines/content/bazaar/vehicle-load-profile01/pid.txt,historical evidence,retain original run/source meaning,docs/current-build.md
tests/baselines/content/bazaar/vehicle-load-profile01/process-exit.txt,historical evidence,retain original run/source meaning,docs/current-build.md
tests/baselines/content/beach_buggies/alignment/failed_finalize_01.txt,historical evidence,retain original run/source meaning,docs/current-build.md
tests/baselines/content/beach_buggies/alignment/verify_04.txt,historical evidence,retain original run/source meaning,docs/current-build.md
tests/baselines/content/beach_buggies/alignment/verify_05.txt,historical evidence,retain original run/source meaning,docs/current-build.md
tests/baselines/content/beach_buggies/alignment/verify_06.txt,historical evidence,retain original run/source meaning,docs/current-build.md
tests/baselines/content/beach_buggies/alignment/verify_07.txt,historical evidence,retain original run/source meaning,docs/current-build.md
tests/baselines/content/beach_buggies/alignment/verify_08.txt,historical evidence,retain original run/source meaning,docs/current-build.md
tests/baselines/content/beach_buggies/alignment/verify_09.txt,historical evidence,retain original run/source meaning,docs/current-build.md
tests/baselines/content/beach_buggies/alignment/verify_10.txt,historical evidence,retain original run/source meaning,docs/current-build.md
tests/baselines/content/beach_buggies/alignment/verify_11.txt,historical evidence,retain original run/source meaning,docs/current-build.md
tests/baselines/content/beach_buggies/alignment/verify_12.txt,historical evidence,retain original run/source meaning,docs/current-build.md
tests/baselines/content/beach_buggies/alignment/verify_14.txt,historical evidence,retain original run/source meaning,docs/current-build.md
tests/baselines/content/beach_buggies/alignment/verify_15.txt,historical evidence,retain original run/source meaning,docs/current-build.md
tests/baselines/content/beach_buggies/alignment/verify_16.txt,historical evidence,retain original run/source meaning,docs/current-build.md
tests/baselines/content/beach_buggies/alignment/verify_final.txt,historical evidence,retain original run/source meaning,docs/current-build.md
tests/baselines/content/beach_buggies/checks_02/pid.txt,historical evidence,retain original run/source meaning,docs/current-build.md
tests/baselines/content/beach_buggies/checks_03/pid.txt,historical evidence,retain original run/source meaning,docs/current-build.md
tests/baselines/content/beach_buggies/checks_04/pid.txt,historical evidence,retain original run/source meaning,docs/current-build.md
tests/baselines/content/beach_buggies/verification_01/pid.txt,historical evidence,retain original run/source meaning,docs/current-build.md
tests/baselines/content/beach_buggies/visual_01/pid.txt,historical evidence,retain original run/source meaning,docs/current-build.md
tests/baselines/content/blackjack_pacing/README.md,historical evidence,retain original run/source meaning,docs/current-build.md
tests/baselines/content/blackjack_pacing/source_before/blackjack.tscn.txt,historical evidence,retain original run/source meaning,docs/current-build.md
tests/baselines/content/blackjack_pacing/source_before/blackjack_art.gd.txt,historical evidence,retain original run/source meaning,docs/current-build.md
tests/baselines/content/blackjack_pacing/source_before/definition.tres.txt,historical evidence,retain original run/source meaning,docs/current-build.md
tests/baselines/content/blackjack_pacing/source_before/entry.tres.txt,historical evidence,retain original run/source meaning,docs/current-build.md
tests/baselines/content/blackjack_pacing/source_before/scenery_coverage.gd.txt,historical evidence,retain original run/source meaning,docs/current-build.md
tests/baselines/content/breakfast/README.md,historical evidence,retain original run/source meaning,docs/current-build.md
tests/baselines/content/breakfast/source_before/blackjack_art.gd.txt,historical evidence,retain original run/source meaning,docs/current-build.md
tests/baselines/content/breakfast/source_before/content_catalog.gd.txt,historical evidence,retain original run/source meaning,docs/current-build.md
tests/baselines/content/breakfast/source_before/profile_store.gd.txt,historical evidence,retain original run/source meaning,docs/current-build.md
tests/baselines/content/breakfast/source_before/race_garage.gd.txt,historical evidence,retain original run/source meaning,docs/current-build.md
tests/baselines/content/breakfast/source_before/selected_course.gd.txt,historical evidence,retain original run/source meaning,docs/current-build.md
tests/baselines/content/breakfast/source_before/track_builder.gd.txt,historical evidence,retain original run/source meaning,docs/current-build.md
tests/baselines/content/card_bridge/README.md,historical evidence,retain original run/source meaning,docs/current-build.md
tests/baselines/content/card_bridge/source_before/content_catalog.gd.txt,historical evidence,retain original run/source meaning,docs/current-build.md
tests/baselines/content/card_bridge/source_before/cup_rules.gd.txt,historical evidence,retain original run/source meaning,docs/current-build.md
tests/baselines/content/card_bridge/source_before/profile_store.gd.txt,historical evidence,retain original run/source meaning,docs/current-build.md
tests/baselines/content/card_bridge/source_before/race_camera.gd.txt,historical evidence,retain original run/source meaning,docs/current-build.md
tests/baselines/content/card_bridge/source_before/race_presentation.gd.txt,historical evidence,retain original run/source meaning,docs/current-build.md
tests/baselines/content/card_bridge/source_before/scenery_coverage.gd.txt,historical evidence,retain original run/source meaning,docs/current-build.md
tests/baselines/content/card_bridge/source_before/selected_course.gd.txt,historical evidence,retain original run/source meaning,docs/current-build.md
tests/baselines/content/card_bridge/source_before/track_builder.gd.txt,historical evidence,retain original run/source meaning,docs/current-build.md
tests/baselines/content/carpet/README.md,historical evidence,retain original run/source meaning,docs/current-build.md
tests/baselines/content/ceramic/README.md,historical evidence,retain original run/source meaning,docs/current-build.md
tests/baselines/content/countertop/README.md,historical evidence,retain original run/source meaning,docs/current-build.md
tests/baselines/content/desk/README.md,historical evidence,retain original run/source meaning,docs/current-build.md
tests/baselines/content/firefly_bbq/verification_01/pid.txt,historical evidence,retain original run/source meaning,docs/current-build.md
tests/baselines/content/firefly_bbq/verification_02/pid.txt,historical evidence,retain original run/source meaning,docs/current-build.md
tests/baselines/content/firefly_bbq/visual_01/pid.txt,historical evidence,retain original run/source meaning,docs/current-build.md
tests/baselines/content/firefly_bbq/visual_02/pid.txt,historical evidence,retain original run/source meaning,docs/current-build.md
tests/baselines/content/game_table/README.md,historical evidence,retain original run/source meaning,docs/current-build.md
tests/baselines/content/loading/README.md,historical evidence,retain original run/source meaning,docs/current-build.md
tests/baselines/content/moonlight_junk_heap/flags_final/pid.txt,historical evidence,retain original run/source meaning,docs/current-build.md
tests/baselines/content/moonlight_junk_heap/verification_01/pid.txt,historical evidence,retain original run/source meaning,docs/current-build.md
tests/baselines/content/moonlight_junk_heap/verification_02/pid.txt,historical evidence,retain original run/source meaning,docs/current-build.md
tests/baselines/content/moonlight_junk_heap/visual_01/pid.txt,historical evidence,retain original run/source meaning,docs/current-build.md
tests/baselines/content/mount_rainier/race_completed/pid.txt,historical evidence,retain original run/source meaning,docs/current-build.md
tests/baselines/content/mount_rainier/race_final/pid.txt,historical evidence,retain original run/source meaning,docs/current-build.md
tests/baselines/content/mount_rainier/race_verification/pid.txt,historical evidence,retain original run/source meaning,docs/current-build.md
tests/baselines/content/mount_rainier/start_race/pid.txt,historical evidence,retain original run/source meaning,docs/current-build.md
tests/baselines/content/mount_rainier/start_ui_corrected/pid.txt,historical evidence,retain original run/source meaning,docs/current-build.md
tests/baselines/content/mount_rainier/start_ui_final/pid.txt,historical evidence,retain original run/source meaning,docs/current-build.md
tests/baselines/content/mount_rainier/start_ui_initial/pid.txt,historical evidence,retain original run/source meaning,docs/current-build.md
tests/baselines/content/mount_rainier/verification_initial/pid.txt,historical evidence,retain original run/source meaning,docs/current-build.md
tests/baselines/content/mount_rainier/visual_final/pid.txt,historical evidence,retain original run/source meaning,docs/current-build.md
tests/baselines/content/mount_rainier/visual_verification/pid.txt,historical evidence,retain original run/source meaning,docs/current-build.md
tests/baselines/content/nighttime_noodles/checks_02/pid.txt,historical evidence,retain original run/source meaning,docs/current-build.md
tests/baselines/content/nighttime_noodles/verification_01/pid.txt,historical evidence,retain original run/source meaning,docs/current-build.md
tests/baselines/content/nighttime_noodles/verification_02/pid.txt,historical evidence,retain original run/source meaning,docs/current-build.md
tests/baselines/content/nighttime_noodles/visual_01/pid.txt,historical evidence,retain original run/source meaning,docs/current-build.md
tests/baselines/content/plate_rim/README.md,historical evidence,retain original run/source meaning,docs/current-build.md
tests/baselines/content/route_visual_cleanup/pid.txt,historical evidence,retain original run/source meaning,docs/current-build.md
tests/baselines/content/rusty_nuts_workshop/flags_final/pid.txt,historical evidence,retain original run/source meaning,docs/current-build.md
tests/baselines/content/rusty_nuts_workshop/flags_final_02/pid.txt,historical evidence,retain original run/source meaning,docs/current-build.md
tests/baselines/content/rusty_nuts_workshop/verification_01/pid.txt,historical evidence,retain original run/source meaning,docs/current-build.md
tests/baselines/content/rusty_nuts_workshop/verification_02/pid.txt,historical evidence,retain original run/source meaning,docs/current-build.md
tests/baselines/content/rusty_nuts_workshop/visual_01/pid.txt,historical evidence,retain original run/source meaning,docs/current-build.md
tests/baselines/content/topspeed_oval/playable_corrected/pid.txt,historical evidence,retain original run/source meaning,docs/current-build.md
tests/baselines/content/topspeed_oval/playable_geometry/before/CREDITS.md,historical evidence,retain original run/source meaning,docs/current-build.md
tests/baselines/content/topspeed_oval/playable_initial/pid.txt,historical evidence,retain original run/source meaning,docs/current-build.md
tests/baselines/content/topspeed_oval/rendered_candidate_final/pid.txt,historical evidence,retain original run/source meaning,docs/current-build.md
tests/baselines/content/topspeed_oval/rendered_candidate_initial/pid.txt,historical evidence,retain original run/source meaning,docs/current-build.md
tests/baselines/content/topspeed_oval/rendered_candidate_uncompressed/pid.txt,historical evidence,retain original run/source meaning,docs/current-build.md
tests/baselines/content/town_square/candidate01/pid.txt,historical evidence,retain original run/source meaning,docs/current-build.md
tests/baselines/content/town_square/candidate01/process-exit.txt,historical evidence,retain original run/source meaning,docs/current-build.md
tests/baselines/content/town_square/candidate02/pid.txt,historical evidence,retain original run/source meaning,docs/current-build.md
tests/baselines/content/town_square/candidate02/process-exit.txt,historical evidence,retain original run/source meaning,docs/current-build.md
tests/baselines/content/town_square/classes01/pid.txt,historical evidence,retain original run/source meaning,docs/current-build.md
tests/baselines/content/town_square/classes01/process-exit.txt,historical evidence,retain original run/source meaning,docs/current-build.md
tests/baselines/content/town_square/classes02/pid.txt,historical evidence,retain original run/source meaning,docs/current-build.md
tests/baselines/content/town_square/classes02/process-exit.txt,historical evidence,retain original run/source meaning,docs/current-build.md
tests/baselines/content/town_square/extraction01/pre-staging/CREDITS.md,historical evidence,retain original run/source meaning,docs/current-build.md
tests/baselines/content/town_square/full01/pid.txt,historical evidence,retain original run/source meaning,docs/current-build.md
tests/baselines/content/town_square/full01/process-exit.txt,historical evidence,retain original run/source meaning,docs/current-build.md
tests/baselines/content/town_square/loading01/pid.txt,historical evidence,retain original run/source meaning,docs/current-build.md
tests/baselines/content/town_square/loading01/process-exit.txt,historical evidence,retain original run/source meaning,docs/current-build.md
tests/baselines/content/town_square/menu01/pid.txt,historical evidence,retain original run/source meaning,docs/current-build.md
tests/baselines/content/town_square/menu01/process-exit.txt,historical evidence,retain original run/source meaning,docs/current-build.md
tests/baselines/content/town_square/race01/pid.txt,historical evidence,retain original run/source meaning,docs/current-build.md
tests/baselines/content/town_square/race01/process-exit.txt,historical evidence,retain original run/source meaning,docs/current-build.md
tests/baselines/content/town_square/registered-lifecycle01/pid.txt,historical evidence,retain original run/source meaning,docs/current-build.md
tests/baselines/content/town_square/registered-lifecycle01/process-exit.txt,historical evidence,retain original run/source meaning,docs/current-build.md
tests/baselines/content/town_square/registered-lifecycle02/pid.txt,historical evidence,retain original run/source meaning,docs/current-build.md
tests/baselines/content/town_square/registered-lifecycle02/process-exit.txt,historical evidence,retain original run/source meaning,docs/current-build.md
tests/baselines/content/town_square/registered-loading01/pid.txt,historical evidence,retain original run/source meaning,docs/current-build.md
tests/baselines/content/town_square/registered-loading01/process-exit.txt,historical evidence,retain original run/source meaning,docs/current-build.md
tests/baselines/content/town_square/registered-menu01/pid.txt,historical evidence,retain original run/source meaning,docs/current-build.md
tests/baselines/content/town_square/registered-menu01/process-exit.txt,historical evidence,retain original run/source meaning,docs/current-build.md
tests/baselines/content/town_square/starting01/pid.txt,historical evidence,retain original run/source meaning,docs/current-build.md
tests/baselines/content/town_square/starting01/process-exit.txt,historical evidence,retain original run/source meaning,docs/current-build.md
tests/baselines/content/town_square/toys-performance01/pid.txt,historical evidence,retain original run/source meaning,docs/current-build.md
tests/baselines/content/town_square/toys-performance01/process-exit.txt,historical evidence,retain original run/source meaning,docs/current-build.md
tests/baselines/content/toybox/README.md,historical evidence,retain original run/source meaning,docs/current-build.md
tests/baselines/content/toys_r_asleep/checks_02/pid.txt,historical evidence,retain original run/source meaning,docs/current-build.md
tests/baselines/content/toys_r_asleep/checks_03/pid.txt,historical evidence,retain original run/source meaning,docs/current-build.md
tests/baselines/content/toys_r_asleep/checks_04/pid.txt,historical evidence,retain original run/source meaning,docs/current-build.md
tests/baselines/content/toys_r_asleep/flags_final/pid.txt,historical evidence,retain original run/source meaning,docs/current-build.md
tests/baselines/content/toys_r_asleep/toys_finite_plane_regression/pid.txt,historical evidence,retain original run/source meaning,docs/current-build.md
tests/baselines/content/toys_r_asleep/toys_progress_regression/pid.txt,historical evidence,retain original run/source meaning,docs/current-build.md
tests/baselines/content/toys_r_asleep/verification_01/pid.txt,historical evidence,retain original run/source meaning,docs/current-build.md
tests/baselines/content/toys_r_asleep/verification_05/pid.txt,historical evidence,retain original run/source meaning,docs/current-build.md
tests/baselines/content/toys_r_asleep/verification_06/pid.txt,historical evidence,retain original run/source meaning,docs/current-build.md
tests/baselines/content/toys_r_asleep/visual_01/pid.txt,historical evidence,retain original run/source meaning,docs/current-build.md
tests/baselines/content/toys_r_asleep/visual_06/pid.txt,historical evidence,retain original run/source meaning,docs/current-build.md
tests/baselines/content/toys_r_you/flags_final/pid.txt,historical evidence,retain original run/source meaning,docs/current-build.md
tests/baselines/content/toys_r_you/flags_gameplay/pid.txt,historical evidence,retain original run/source meaning,docs/current-build.md
tests/baselines/content/toys_r_you/flags_run1/pid.txt,historical evidence,retain original run/source meaning,docs/current-build.md
tests/baselines/content/toys_r_you/flags_run2/pid.txt,historical evidence,retain original run/source meaning,docs/current-build.md
tests/baselines/content/toys_r_you/flags_run3/pid.txt,historical evidence,retain original run/source meaning,docs/current-build.md
tests/baselines/content/toys_r_you/flags_visibility/pid.txt,historical evidence,retain original run/source meaning,docs/current-build.md
tests/baselines/course_capabilities/final/pid.txt,historical evidence,retain original run/source meaning,docs/current-build.md
tests/baselines/course_capabilities/final/process-exit.txt,historical evidence,retain original run/source meaning,docs/current-build.md
tests/baselines/course_capabilities/initial/pid.txt,historical evidence,retain original run/source meaning,docs/current-build.md
tests/baselines/course_capabilities/initial/process-exit.txt,historical evidence,retain original run/source meaning,docs/current-build.md
tests/baselines/course_capabilities/ready_fix/pid.txt,historical evidence,retain original run/source meaning,docs/current-build.md
tests/baselines/course_capabilities/ready_fix/process-exit.txt,historical evidence,retain original run/source meaning,docs/current-build.md
tests/baselines/course_capabilities/selector_final/pid.txt,historical evidence,retain original run/source meaning,docs/current-build.md
tests/baselines/course_capabilities/selector_final/process-exit.txt,historical evidence,retain original run/source meaning,docs/current-build.md
tests/baselines/development/acceleration_final/pid.txt,historical evidence,retain original run/source meaning,docs/current-build.md
tests/baselines/development/acceleration_restart/pid.txt,historical evidence,retain original run/source meaning,docs/current-build.md
tests/baselines/development/acceleration_toggle/pid.txt,historical evidence,retain original run/source meaning,docs/current-build.md
tests/baselines/development/back_button/pid.txt,historical evidence,retain original run/source meaning,docs/current-build.md
tests/baselines/development/camera_final/pid.txt,historical evidence,retain original run/source meaning,docs/current-build.md
tests/baselines/development/camera_initial/pid.txt,historical evidence,retain original run/source meaning,docs/current-build.md
tests/baselines/development/course-preview-layout01/pid.txt,historical evidence,retain original run/source meaning,docs/current-build.md
tests/baselines/development/course-preview-layout01/process-exit.txt,historical evidence,retain original run/source meaning,docs/current-build.md
tests/baselines/development/course-preview-layout02/pid.txt,historical evidence,retain original run/source meaning,docs/current-build.md
tests/baselines/development/course-preview-layout02/process-exit.txt,historical evidence,retain original run/source meaning,docs/current-build.md
tests/baselines/development/course-preview-layout03/pid.txt,historical evidence,retain original run/source meaning,docs/current-build.md
tests/baselines/development/course-preview-layout03/process-exit.txt,historical evidence,retain original run/source meaning,docs/current-build.md
tests/baselines/development/developer_menu/accepted/pid.txt,historical evidence,retain original run/source meaning,docs/current-build.md
tests/baselines/development/developer_menu/accepted/process-exit.txt,historical evidence,retain original run/source meaning,docs/current-build.md
tests/baselines/development/developer_menu/accepted_input/pid.txt,historical evidence,retain original run/source meaning,docs/current-build.md
tests/baselines/development/developer_menu/accepted_input/process-exit.txt,historical evidence,retain original run/source meaning,docs/current-build.md
tests/baselines/development/developer_menu/boot/pid.txt,historical evidence,retain original run/source meaning,docs/current-build.md
tests/baselines/development/developer_menu/boot/process-exit.txt,historical evidence,retain original run/source meaning,docs/current-build.md
tests/baselines/development/developer_menu/final/pid.txt,historical evidence,retain original run/source meaning,docs/current-build.md
tests/baselines/development/developer_menu/final/process-exit.txt,historical evidence,retain original run/source meaning,docs/current-build.md
tests/baselines/development/developer_menu/final_controls/pid.txt,historical evidence,retain original run/source meaning,docs/current-build.md
tests/baselines/development/developer_menu/final_controls/process-exit.txt,historical evidence,retain original run/source meaning,docs/current-build.md
tests/baselines/development/developer_menu/menu_1/pid.txt,historical evidence,retain original run/source meaning,docs/current-build.md
tests/baselines/development/developer_menu/menu_1/process-exit.txt,historical evidence,retain original run/source meaning,docs/current-build.md
tests/baselines/development/developer_menu/menu_2/pid.txt,historical evidence,retain original run/source meaning,docs/current-build.md
tests/baselines/development/developer_menu/menu_2/process-exit.txt,historical evidence,retain original run/source meaning,docs/current-build.md
tests/baselines/development/developer_menu/menu_3/pid.txt,historical evidence,retain original run/source meaning,docs/current-build.md
tests/baselines/development/developer_menu/menu_3/process-exit.txt,historical evidence,retain original run/source meaning,docs/current-build.md
tests/baselines/development/developer_menu/menu_4/pid.txt,historical evidence,retain original run/source meaning,docs/current-build.md
tests/baselines/development/developer_menu/menu_4/process-exit.txt,historical evidence,retain original run/source meaning,docs/current-build.md
tests/baselines/development/developer_menu/menu_5/pid.txt,historical evidence,retain original run/source meaning,docs/current-build.md
tests/baselines/development/developer_menu/menu_5/process-exit.txt,historical evidence,retain original run/source meaning,docs/current-build.md
tests/baselines/development/developer_overrides/final/pid.txt,historical evidence,retain original run/source meaning,docs/current-build.md
tests/baselines/development/developer_overrides/final/process-exit.txt,historical evidence,retain original run/source meaning,docs/current-build.md
tests/baselines/development/developer_overrides/initial/pid.txt,historical evidence,retain original run/source meaning,docs/current-build.md
tests/baselines/development/developer_overrides/initial/process-exit.txt,historical evidence,retain original run/source meaning,docs/current-build.md
tests/baselines/development/developer_overrides/model_1/pid.txt,historical evidence,retain original run/source meaning,docs/current-build.md
tests/baselines/development/developer_overrides/model_1/process-exit.txt,historical evidence,retain original run/source meaning,docs/current-build.md
tests/baselines/development/developer_overrides/model_2/pid.txt,historical evidence,retain original run/source meaning,docs/current-build.md
tests/baselines/development/developer_overrides/model_2/process-exit.txt,historical evidence,retain original run/source meaning,docs/current-build.md
tests/baselines/development/developer_overrides/model_3/pid.txt,historical evidence,retain original run/source meaning,docs/current-build.md
tests/baselines/development/developer_overrides/model_3/process-exit.txt,historical evidence,retain original run/source meaning,docs/current-build.md
tests/baselines/development/developer_overrides/model_4/pid.txt,historical evidence,retain original run/source meaning,docs/current-build.md
tests/baselines/development/developer_overrides/model_4/process-exit.txt,historical evidence,retain original run/source meaning,docs/current-build.md
tests/baselines/development/developer_overrides/visible_label/pid.txt,historical evidence,retain original run/source meaning,docs/current-build.md
tests/baselines/development/developer_overrides/visible_label/process-exit.txt,historical evidence,retain original run/source meaning,docs/current-build.md
tests/baselines/development/developer_overrides/visual/pid.txt,historical evidence,retain original run/source meaning,docs/current-build.md
tests/baselines/development/developer_overrides/visual/process-exit.txt,historical evidence,retain original run/source meaning,docs/current-build.md
tests/baselines/development/developer_overrides/visual_2/pid.txt,historical evidence,retain original run/source meaning,docs/current-build.md
tests/baselines/development/developer_overrides/visual_2/process-exit.txt,historical evidence,retain original run/source meaning,docs/current-build.md
tests/baselines/development/developer_overrides/visual_final/pid.txt,historical evidence,retain original run/source meaning,docs/current-build.md
tests/baselines/development/developer_overrides/visual_final/process-exit.txt,historical evidence,retain original run/source meaning,docs/current-build.md
tests/baselines/development/panels_final/pid.txt,historical evidence,retain original run/source meaning,docs/current-build.md
tests/baselines/development/panels_initial/pid.txt,historical evidence,retain original run/source meaning,docs/current-build.md
tests/baselines/development/progression_acceleration/pid.txt,historical evidence,retain original run/source meaning,docs/current-build.md
tests/baselines/development/progression_clean/pid.txt,historical evidence,retain original run/source meaning,docs/current-build.md
tests/baselines/development/progression_complete/pid.txt,historical evidence,retain original run/source meaning,docs/current-build.md
tests/baselines/development/progression_final/pid.txt,historical evidence,retain original run/source meaning,docs/current-build.md
tests/baselines/development/progression_initial/pid.txt,historical evidence,retain original run/source meaning,docs/current-build.md
tests/baselines/development/progression_leak_diagnostic/pid.txt,historical evidence,retain original run/source meaning,docs/current-build.md
tests/baselines/development/progression_restart/pid.txt,historical evidence,retain original run/source meaning,docs/current-build.md
tests/baselines/development/progression_restart_complete/pid.txt,historical evidence,retain original run/source meaning,docs/current-build.md
tests/baselines/development/progression_restart_done/pid.txt,historical evidence,retain original run/source meaning,docs/current-build.md
tests/baselines/development/progression_restart_final/pid.txt,historical evidence,retain original run/source meaning,docs/current-build.md
tests/baselines/development/progression_shutdown/pid.txt,historical evidence,retain original run/source meaning,docs/current-build.md
tests/baselines/development/progression_verified/pid.txt,historical evidence,retain original run/source meaning,docs/current-build.md
tests/baselines/development/setup_close_diagnostic/pid.txt,historical evidence,retain original run/source meaning,docs/current-build.md
tests/baselines/development/setup_close_settled/pid.txt,historical evidence,retain original run/source meaning,docs/current-build.md
tests/baselines/development/setup_embedded_guard/pid.txt,historical evidence,retain original run/source meaning,docs/current-build.md
tests/baselines/development/setup_final/pid.txt,historical evidence,retain original run/source meaning,docs/current-build.md
tests/baselines/development/setup_guard_final/pid.txt,historical evidence,retain original run/source meaning,docs/current-build.md
tests/baselines/development/setup_initial/pid.txt,historical evidence,retain original run/source meaning,docs/current-build.md
tests/baselines/development/stat_toggle/pid.txt,historical evidence,retain original run/source meaning,docs/current-build.md
tests/baselines/development/stats_corrected/exit-confirmed.txt,historical evidence,retain original run/source meaning,docs/current-build.md
tests/baselines/development/stats_corrected/pid.txt,historical evidence,retain original run/source meaning,docs/current-build.md
tests/baselines/development/stats_final/aborted.txt,historical evidence,retain original run/source meaning,docs/current-build.md
tests/baselines/development/stats_final/pid.txt,historical evidence,retain original run/source meaning,docs/current-build.md
tests/baselines/development/stats_initial/aborted.txt,historical evidence,retain original run/source meaning,docs/current-build.md
tests/baselines/development/stats_initial/commandline.txt,historical evidence,retain original run/source meaning,docs/current-build.md
tests/baselines/development/stats_initial/corrected_probe.gd.txt,historical evidence,retain original run/source meaning,docs/current-build.md
tests/baselines/development/stats_initial/pid.txt,historical evidence,retain original run/source meaning,docs/current-build.md
tests/baselines/development/stats_restart/exit-confirmed.txt,historical evidence,retain original run/source meaning,docs/current-build.md
tests/baselines/development/stats_restart/pid.txt,historical evidence,retain original run/source meaning,docs/current-build.md
tests/baselines/development/stats_verified/exit-confirmed.txt,historical evidence,retain original run/source meaning,docs/current-build.md
tests/baselines/development/stats_verified/pid.txt,historical evidence,retain original run/source meaning,docs/current-build.md
tests/baselines/development/upgrade_feel/pid.txt,historical evidence,retain original run/source meaning,docs/current-build.md
tests/baselines/development/upgrade_feel_corrected/pid.txt,historical evidence,retain original run/source meaning,docs/current-build.md
tests/baselines/ground/edge_regression/pid.txt,historical evidence,retain original run/source meaning,docs/current-build.md
tests/baselines/ground/edge_regression/process-exit.txt,historical evidence,retain original run/source meaning,docs/current-build.md
tests/baselines/ground/footprint_01/manual-process-exit.txt,historical evidence,retain original run/source meaning,docs/current-build.md
tests/baselines/ground/footprint_01/pid.txt,historical evidence,retain original run/source meaning,docs/current-build.md
tests/baselines/ground/footprint_01/process-exit.txt,historical evidence,retain original run/source meaning,docs/current-build.md
tests/baselines/ground/footprint_02/pid.txt,historical evidence,retain original run/source meaning,docs/current-build.md
tests/baselines/ground/footprint_02/process-exit.txt,historical evidence,retain original run/source meaning,docs/current-build.md
tests/baselines/ground/footprint_03/pid.txt,historical evidence,retain original run/source meaning,docs/current-build.md
tests/baselines/ground/footprint_03/process-exit.txt,historical evidence,retain original run/source meaning,docs/current-build.md
tests/baselines/ground/footprint_edges/pid.txt,historical evidence,retain original run/source meaning,docs/current-build.md
tests/baselines/ground/footprint_edges/process-exit.txt,historical evidence,retain original run/source meaning,docs/current-build.md
tests/baselines/ground/footprint_ground/pid.txt,historical evidence,retain original run/source meaning,docs/current-build.md
tests/baselines/ground/footprint_ground/process-exit.txt,historical evidence,retain original run/source meaning,docs/current-build.md
tests/baselines/ground/footprint_race_01/pid.txt,historical evidence,retain original run/source meaning,docs/current-build.md
tests/baselines/ground/footprint_race_01/process-exit.txt,historical evidence,retain original run/source meaning,docs/current-build.md
tests/baselines/ground/footprint_race_02/pid.txt,historical evidence,retain original run/source meaning,docs/current-build.md
tests/baselines/ground/footprint_race_02/process-exit.txt,historical evidence,retain original run/source meaning,docs/current-build.md
tests/baselines/ground/footprint_race_03/pid.txt,historical evidence,retain original run/source meaning,docs/current-build.md
tests/baselines/ground/footprint_race_03/process-exit.txt,historical evidence,retain original run/source meaning,docs/current-build.md
tests/baselines/ground/mount_rainier_after01/pid.txt,historical evidence,retain original run/source meaning,docs/current-build.md
tests/baselines/ground/mount_rainier_after01/process-exit.txt,historical evidence,retain original run/source meaning,docs/current-build.md
tests/baselines/ground/mount_rainier_after02/pid.txt,historical evidence,retain original run/source meaning,docs/current-build.md
tests/baselines/ground/mount_rainier_after02/process-exit.txt,historical evidence,retain original run/source meaning,docs/current-build.md
tests/baselines/ground/mount_rainier_before/pid.txt,historical evidence,retain original run/source meaning,docs/current-build.md
tests/baselines/ground/mount_rainier_before/process-exit.txt,historical evidence,retain original run/source meaning,docs/current-build.md
tests/baselines/ground/mount_rainier_drive01/pid.txt,historical evidence,retain original run/source meaning,docs/current-build.md
tests/baselines/ground/mount_rainier_drive01/process-exit.txt,historical evidence,retain original run/source meaning,docs/current-build.md
tests/baselines/ground/mount_rainier_drive02/pid.txt,historical evidence,retain original run/source meaning,docs/current-build.md
tests/baselines/ground/mount_rainier_drive02/process-exit.txt,historical evidence,retain original run/source meaning,docs/current-build.md
tests/baselines/ground/mount_rainier_drive03/pid.txt,historical evidence,retain original run/source meaning,docs/current-build.md
tests/baselines/ground/mount_rainier_drive03/process-exit.txt,historical evidence,retain original run/source meaning,docs/current-build.md
tests/baselines/ground/mount_rainier_drive04/pid.txt,historical evidence,retain original run/source meaning,docs/current-build.md
tests/baselines/ground/mount_rainier_drive04/process-exit.txt,historical evidence,retain original run/source meaning,docs/current-build.md
tests/baselines/ground/mount_rainier_final/pid.txt,historical evidence,retain original run/source meaning,docs/current-build.md
tests/baselines/ground/mount_rainier_final/process-exit.txt,historical evidence,retain original run/source meaning,docs/current-build.md
tests/baselines/ground/mount_rainier_race/pid.txt,historical evidence,retain original run/source meaning,docs/current-build.md
tests/baselines/ground/mount_rainier_race/process-exit.txt,historical evidence,retain original run/source meaning,docs/current-build.md
tests/baselines/ground/mount_rainier_race_original/pid.txt,historical evidence,retain original run/source meaning,docs/current-build.md
tests/baselines/ground/mount_rainier_race_original/process-exit.txt,historical evidence,retain original run/source meaning,docs/current-build.md
tests/baselines/ground/mount_rainier_race_trace/pid.txt,historical evidence,retain original run/source meaning,docs/current-build.md
tests/baselines/ground/mount_rainier_race_trace/process-exit.txt,historical evidence,retain original run/source meaning,docs/current-build.md
tests/baselines/ground/sidings_01/pid.txt,historical evidence,retain original run/source meaning,docs/current-build.md
tests/baselines/ground/sidings_01/process-exit.txt,historical evidence,retain original run/source meaning,docs/current-build.md
tests/baselines/ground/sidings_02/pid.txt,historical evidence,retain original run/source meaning,docs/current-build.md
tests/baselines/ground/sidings_02/process-exit.txt,historical evidence,retain original run/source meaning,docs/current-build.md
tests/baselines/jaylabs/run01/pid.txt,historical evidence,retain original run/source meaning,docs/current-build.md
tests/baselines/jaylabs/run01/process-exit.txt,historical evidence,retain original run/source meaning,docs/current-build.md
tests/baselines/jaylabs/run02/pid.txt,historical evidence,retain original run/source meaning,docs/current-build.md
tests/baselines/jaylabs/run02/process-exit.txt,historical evidence,retain original run/source meaning,docs/current-build.md
tests/baselines/jaylabs/run03/pid.txt,historical evidence,retain original run/source meaning,docs/current-build.md
tests/baselines/jaylabs/run03/process-exit.txt,historical evidence,retain original run/source meaning,docs/current-build.md
tests/baselines/jaylabs/run04/pid.txt,historical evidence,retain original run/source meaning,docs/current-build.md
tests/baselines/jaylabs/run04/process-exit.txt,historical evidence,retain original run/source meaning,docs/current-build.md
tests/baselines/lap_fix/README.md,historical evidence,retain original run/source meaning,docs/current-build.md
tests/baselines/loading/after-cache-threaded01/pid.txt,historical evidence,retain original run/source meaning,docs/current-build.md
tests/baselines/loading/after-cache-threaded01/process-exit.txt,historical evidence,retain original run/source meaning,docs/current-build.md
tests/baselines/loading/after-spatial01/pid.txt,historical evidence,retain original run/source meaning,docs/current-build.md
tests/baselines/loading/after-spatial01/process-exit.txt,historical evidence,retain original run/source meaning,docs/current-build.md
tests/baselines/loading/after-validation-once/pid.txt,historical evidence,retain original run/source meaning,docs/current-build.md
tests/baselines/loading/after-validation-once/process-exit.txt,historical evidence,retain original run/source meaning,docs/current-build.md
tests/baselines/loading/before01/pid.txt,historical evidence,retain original run/source meaning,docs/current-build.md
tests/baselines/loading/before01/process-exit.txt,historical evidence,retain original run/source meaning,docs/current-build.md
tests/baselines/loading/catalogue-final/pid.txt,historical evidence,retain original run/source meaning,docs/current-build.md
tests/baselines/loading/catalogue-final/process-exit.txt,historical evidence,retain original run/source meaning,docs/current-build.md
tests/baselines/loading/catalogue-transfer/pid.txt,historical evidence,retain original run/source meaning,docs/current-build.md
tests/baselines/loading/catalogue-transfer/process-exit.txt,historical evidence,retain original run/source meaning,docs/current-build.md
tests/baselines/loading/catalogue-worker-final/pid.txt,historical evidence,retain original run/source meaning,docs/current-build.md
tests/baselines/loading/catalogue-worker-final/process-exit.txt,historical evidence,retain original run/source meaning,docs/current-build.md
tests/baselines/loading/development-final/pid.txt,historical evidence,retain original run/source meaning,docs/current-build.md
tests/baselines/loading/development-final/process-exit.txt,historical evidence,retain original run/source meaning,docs/current-build.md
tests/baselines/loading/export-final/pid.txt,historical evidence,retain original run/source meaning,docs/current-build.md
tests/baselines/loading/export-final/process-exit.txt,historical evidence,retain original run/source meaning,docs/current-build.md
tests/baselines/loading/export-metrics/pid.txt,historical evidence,retain original run/source meaning,docs/current-build.md
tests/baselines/loading/export-metrics/process-exit.txt,historical evidence,retain original run/source meaning,docs/current-build.md
tests/baselines/loading/export-responsiveness/pid.txt,historical evidence,retain original run/source meaning,docs/current-build.md
tests/baselines/loading/export-responsiveness/process-exit.txt,historical evidence,retain original run/source meaning,docs/current-build.md
tests/baselines/loading/export01/pid.txt,historical evidence,retain original run/source meaning,docs/current-build.md
tests/baselines/loading/export01/process-exit.txt,historical evidence,retain original run/source meaning,docs/current-build.md
tests/baselines/loading/export02/pid.txt,historical evidence,retain original run/source meaning,docs/current-build.md
tests/baselines/loading/export02/process-exit.txt,historical evidence,retain original run/source meaning,docs/current-build.md
tests/baselines/loading/export03/pid.txt,historical evidence,retain original run/source meaning,docs/current-build.md
tests/baselines/loading/export03/process-exit.txt,historical evidence,retain original run/source meaning,docs/current-build.md
tests/baselines/loading/mount-rainier-development-final/pid.txt,historical evidence,retain original run/source meaning,docs/current-build.md
tests/baselines/loading/mount-rainier-development-final/process-exit.txt,historical evidence,retain original run/source meaning,docs/current-build.md
tests/baselines/loading/mount-rainier-development/pid.txt,historical evidence,retain original run/source meaning,docs/current-build.md
tests/baselines/loading/mount-rainier-development/process-exit.txt,historical evidence,retain original run/source meaning,docs/current-build.md
tests/baselines/loading/mount-rainier-release-final/process-exit.txt,historical evidence,retain original run/source meaning,docs/current-build.md
tests/baselines/loading/mount-rainier-release-final/signature-comparison.txt,historical evidence,retain original run/source meaning,docs/current-build.md
tests/baselines/loading/mount-rainier-release-final/visual-review.txt,historical evidence,retain original run/source meaning,docs/current-build.md
tests/baselines/loading/release-final/process-exit.txt,historical evidence,retain original run/source meaning,docs/current-build.md
tests/baselines/loading/release-final/signature-comparison.txt,historical evidence,retain original run/source meaning,docs/current-build.md
tests/baselines/loading/release-final/visual-review.txt,historical evidence,retain original run/source meaning,docs/current-build.md
tests/baselines/loading/release01/pid.txt,historical evidence,retain original run/source meaning,docs/current-build.md
tests/baselines/loading/release01/process-exit.txt,historical evidence,retain original run/source meaning,docs/current-build.md
tests/baselines/loading/release02/pid.txt,historical evidence,retain original run/source meaning,docs/current-build.md
tests/baselines/loading/release02/process-exit.txt,historical evidence,retain original run/source meaning,docs/current-build.md
tests/baselines/loading/responsiveness-development/pid.txt,historical evidence,retain original run/source meaning,docs/current-build.md
tests/baselines/loading/responsiveness-development/process-exit.txt,historical evidence,retain original run/source meaning,docs/current-build.md
tests/baselines/loading/responsiveness-final-development/pid.txt,historical evidence,retain original run/source meaning,docs/current-build.md
tests/baselines/loading/responsiveness-final-development/process-exit.txt,historical evidence,retain original run/source meaning,docs/current-build.md
tests/baselines/loading/responsiveness-final-release/pid.txt,historical evidence,retain original run/source meaning,docs/current-build.md
tests/baselines/loading/responsiveness-final-release/process-exit.txt,historical evidence,retain original run/source meaning,docs/current-build.md
tests/baselines/loading/responsiveness-release/pid.txt,historical evidence,retain original run/source meaning,docs/current-build.md
tests/baselines/loading/responsiveness-release/process-exit.txt,historical evidence,retain original run/source meaning,docs/current-build.md
tests/baselines/loading/responsiveness-transfer-development/pid.txt,historical evidence,retain original run/source meaning,docs/current-build.md
tests/baselines/loading/responsiveness-transfer-development/process-exit.txt,historical evidence,retain original run/source meaning,docs/current-build.md
tests/baselines/loading/validator-parity-corrected/pid.txt,historical evidence,retain original run/source meaning,docs/current-build.md
tests/baselines/loading/validator-parity-corrected/process-exit.txt,historical evidence,retain original run/source meaning,docs/current-build.md
tests/baselines/loading/validator-parity-final/pid.txt,historical evidence,retain original run/source meaning,docs/current-build.md
tests/baselines/loading/validator-parity-final/process-exit.txt,historical evidence,retain original run/source meaning,docs/current-build.md
tests/baselines/loading/validator-parity01/pid.txt,historical evidence,retain original run/source meaning,docs/current-build.md
tests/baselines/loading/validator-parity01/process-exit.txt,historical evidence,retain original run/source meaning,docs/current-build.md
tests/baselines/loading/validator-parity02/pid.txt,historical evidence,retain original run/source meaning,docs/current-build.md
tests/baselines/loading/validator-parity02/process-exit.txt,historical evidence,retain original run/source meaning,docs/current-build.md
tests/baselines/loading/verified-ui/pid.txt,historical evidence,retain original run/source meaning,docs/current-build.md
tests/baselines/loading/verified-ui/process-exit.txt,historical evidence,retain original run/source meaning,docs/current-build.md
tests/baselines/loading/worker-final/pid.txt,historical evidence,retain original run/source meaning,docs/current-build.md
tests/baselines/loading/worker-final/process-exit.txt,historical evidence,retain original run/source meaning,docs/current-build.md
tests/baselines/loading/worker01/pid.txt,historical evidence,retain original run/source meaning,docs/current-build.md
tests/baselines/loading/worker01/process-exit.txt,historical evidence,retain original run/source meaning,docs/current-build.md
tests/baselines/m0/README.md,historical evidence,retain original run/source meaning,docs/current-build.md
tests/baselines/m1/README.md,historical evidence,retain original run/source meaning,docs/current-build.md
tests/baselines/m2/README.md,historical evidence,retain original run/source meaning,docs/current-build.md
tests/baselines/m3/README.md,historical evidence,retain original run/source meaning,docs/current-build.md
tests/baselines/m3/course/README.md,historical evidence,retain original run/source meaning,docs/current-build.md
tests/baselines/m3/offroad/README.md,historical evidence,retain original run/source meaning,docs/current-build.md
tests/baselines/m4/README.md,historical evidence,retain original run/source meaning,docs/current-build.md
tests/baselines/m4/blackjack/README.md,historical evidence,retain original run/source meaning,docs/current-build.md
tests/baselines/m5/README.md,historical evidence,retain original run/source meaning,docs/current-build.md
tests/baselines/m5/cup/README.md,historical evidence,retain original run/source meaning,docs/current-build.md
tests/baselines/m5/time_trial/README.md,historical evidence,retain original run/source meaning,docs/current-build.md
tests/baselines/m6a/README.md,historical evidence,retain original run/source meaning,docs/current-build.md
tests/baselines/maintenance/2026-10-03-catalogue-cleanup/pid.txt,historical evidence,retain original run/source meaning,docs/current-build.md
tests/baselines/menu_borders/run01/pid.txt,historical evidence,retain original run/source meaning,docs/current-build.md
tests/baselines/menu_borders/run01/process-exit.txt,historical evidence,retain original run/source meaning,docs/current-build.md
tests/baselines/menu_borders/run02/pid.txt,historical evidence,retain original run/source meaning,docs/current-build.md
tests/baselines/menu_borders/run02/process-exit.txt,historical evidence,retain original run/source meaning,docs/current-build.md
tests/baselines/menu_borders/run03/pid.txt,historical evidence,retain original run/source meaning,docs/current-build.md
tests/baselines/menu_borders/run03/process-exit.txt,historical evidence,retain original run/source meaning,docs/current-build.md
tests/baselines/menu_selection_flow/run_01/pid.txt,historical evidence,retain original run/source meaning,docs/current-build.md
tests/baselines/menu_selection_flow/run_01/process-exit.txt,historical evidence,retain original run/source meaning,docs/current-build.md
tests/baselines/menu_selection_flow/run_02/pid.txt,historical evidence,retain original run/source meaning,docs/current-build.md
tests/baselines/menu_selection_flow/run_02/process-exit.txt,historical evidence,retain original run/source meaning,docs/current-build.md
tests/baselines/modes/catalogue01/pid.txt,historical evidence,retain original run/source meaning,docs/current-build.md
tests/baselines/modes/catalogue01/process-exit.txt,historical evidence,retain original run/source meaning,docs/current-build.md
tests/baselines/modes/challenge-flow01/pid.txt,historical evidence,retain original run/source meaning,docs/current-build.md
tests/baselines/modes/challenge-flow01/process-exit.txt,historical evidence,retain original run/source meaning,docs/current-build.md
tests/baselines/modes/challenge-flow02/pid.txt,historical evidence,retain original run/source meaning,docs/current-build.md
tests/baselines/modes/challenge-flow02/process-exit.txt,historical evidence,retain original run/source meaning,docs/current-build.md
tests/baselines/modes/drift-drive01/drift_car/pid.txt,historical evidence,retain original run/source meaning,docs/current-build.md
tests/baselines/modes/drift-drive01/drift_car/process-exit.txt,historical evidence,retain original run/source meaning,docs/current-build.md
tests/baselines/modes/drift-drive02/drift_car/pid.txt,historical evidence,retain original run/source meaning,docs/current-build.md
tests/baselines/modes/drift-drive02/drift_car/process-exit.txt,historical evidence,retain original run/source meaning,docs/current-build.md
tests/baselines/modes/drift-drive03/drift_car/pid.txt,historical evidence,retain original run/source meaning,docs/current-build.md
tests/baselines/modes/drift-drive03/drift_car/process-exit.txt,historical evidence,retain original run/source meaning,docs/current-build.md
tests/baselines/modes/drift-flow01/pid.txt,historical evidence,retain original run/source meaning,docs/current-build.md
tests/baselines/modes/drift-flow01/process-exit.txt,historical evidence,retain original run/source meaning,docs/current-build.md
tests/baselines/modes/drift-flow02/pid.txt,historical evidence,retain original run/source meaning,docs/current-build.md
tests/baselines/modes/drift-flow02/process-exit.txt,historical evidence,retain original run/source meaning,docs/current-build.md
tests/baselines/modes/elimination-drive01/buggy/pid.txt,historical evidence,retain original run/source meaning,docs/current-build.md
tests/baselines/modes/elimination-drive01/buggy/process-exit.txt,historical evidence,retain original run/source meaning,docs/current-build.md
tests/baselines/modes/elimination-flow01/pid.txt,historical evidence,retain original run/source meaning,docs/current-build.md
tests/baselines/modes/elimination-flow01/process-exit.txt,historical evidence,retain original run/source meaning,docs/current-build.md
tests/baselines/modes/menu01/pid.txt,historical evidence,retain original run/source meaning,docs/current-build.md
tests/baselines/modes/menu01/process-exit.txt,historical evidence,retain original run/source meaning,docs/current-build.md
tests/baselines/modes/menu02/pid.txt,historical evidence,retain original run/source meaning,docs/current-build.md
tests/baselines/modes/menu02/process-exit.txt,historical evidence,retain original run/source meaning,docs/current-build.md
tests/baselines/modes/menu03/pid.txt,historical evidence,retain original run/source meaning,docs/current-build.md
tests/baselines/modes/menu03/process-exit.txt,historical evidence,retain original run/source meaning,docs/current-build.md
tests/baselines/modes/navigation02/pid.txt,historical evidence,retain original run/source meaning,docs/current-build.md
tests/baselines/modes/navigation02/process-exit.txt,historical evidence,retain original run/source meaning,docs/current-build.md
tests/baselines/modes/owner-benchmark01/pid.txt,historical evidence,retain original run/source meaning,docs/current-build.md
tests/baselines/modes/owner-benchmark01/process-exit.txt,historical evidence,retain original run/source meaning,docs/current-build.md
tests/baselines/modes/owner-benchmark02/pid.txt,historical evidence,retain original run/source meaning,docs/current-build.md
tests/baselines/modes/owner-benchmark02/process-exit.txt,historical evidence,retain original run/source meaning,docs/current-build.md
tests/baselines/modes/owner-benchmark03/pid.txt,historical evidence,retain original run/source meaning,docs/current-build.md
tests/baselines/modes/owner-benchmark03/process-exit.txt,historical evidence,retain original run/source meaning,docs/current-build.md
tests/baselines/modes/owner-benchmark04/pid.txt,historical evidence,retain original run/source meaning,docs/current-build.md
tests/baselines/modes/owner-benchmark04/process-exit.txt,historical evidence,retain original run/source meaning,docs/current-build.md
tests/baselines/modes/owner-benchmark05/pid.txt,historical evidence,retain original run/source meaning,docs/current-build.md
tests/baselines/modes/owner-benchmark05/process-exit.txt,historical evidence,retain original run/source meaning,docs/current-build.md
tests/baselines/modes/owner-benchmark06/pid.txt,historical evidence,retain original run/source meaning,docs/current-build.md
tests/baselines/modes/owner-benchmark06/process-exit.txt,historical evidence,retain original run/source meaning,docs/current-build.md
tests/baselines/modes/records02/pid.txt,historical evidence,retain original run/source meaning,docs/current-build.md
tests/baselines/modes/records02/process-exit.txt,historical evidence,retain original run/source meaning,docs/current-build.md
tests/baselines/modes/records03/pid.txt,historical evidence,retain original run/source meaning,docs/current-build.md
tests/baselines/modes/records03/process-exit.txt,historical evidence,retain original run/source meaning,docs/current-build.md
tests/baselines/modes/rules01/pid.txt,historical evidence,retain original run/source meaning,docs/current-build.md
tests/baselines/modes/rules01/process-exit.txt,historical evidence,retain original run/source meaning,docs/current-build.md
tests/baselines/modes/rules02/pid.txt,historical evidence,retain original run/source meaning,docs/current-build.md
tests/baselines/modes/rules02/process-exit.txt,historical evidence,retain original run/source meaning,docs/current-build.md
tests/baselines/modes/rules03/pid.txt,historical evidence,retain original run/source meaning,docs/current-build.md
tests/baselines/modes/rules03/process-exit.txt,historical evidence,retain original run/source meaning,docs/current-build.md
tests/baselines/modes/rules04/pid.txt,historical evidence,retain original run/source meaning,docs/current-build.md
tests/baselines/modes/rules04/process-exit.txt,historical evidence,retain original run/source meaning,docs/current-build.md
tests/baselines/modes/rules05/pid.txt,historical evidence,retain original run/source meaning,docs/current-build.md
tests/baselines/modes/rules05/process-exit.txt,historical evidence,retain original run/source meaning,docs/current-build.md
tests/baselines/modes/rules06/pid.txt,historical evidence,retain original run/source meaning,docs/current-build.md
tests/baselines/modes/rules06/process-exit.txt,historical evidence,retain original run/source meaning,docs/current-build.md
tests/baselines/modes/shared-final-freestyle/buggy/pid.txt,historical evidence,retain original run/source meaning,docs/current-build.md
tests/baselines/modes/shared-final-freestyle/buggy/process-exit.txt,historical evidence,retain original run/source meaning,docs/current-build.md
tests/baselines/modes/shared-final-quick/buggy/pid.txt,historical evidence,retain original run/source meaning,docs/current-build.md
tests/baselines/modes/shared-final-quick/buggy/process-exit.txt,historical evidence,retain original run/source meaning,docs/current-build.md
tests/baselines/modes/shared-final-trial/buggy/pid.txt,historical evidence,retain original run/source meaning,docs/current-build.md
tests/baselines/modes/shared-final-trial/buggy/process-exit.txt,historical evidence,retain original run/source meaning,docs/current-build.md
tests/baselines/modes/time-attack-drive01/buggy/pid.txt,historical evidence,retain original run/source meaning,docs/current-build.md
tests/baselines/modes/time-attack-drive01/buggy/process-exit.txt,historical evidence,retain original run/source meaning,docs/current-build.md
tests/baselines/modes/time-attack-flow01/pid.txt,historical evidence,retain original run/source meaning,docs/current-build.md
tests/baselines/modes/time-attack-flow01/process-exit.txt,historical evidence,retain original run/source meaning,docs/current-build.md
tests/baselines/modes/tournament-drive01/buggy/pid.txt,historical evidence,retain original run/source meaning,docs/current-build.md
tests/baselines/modes/tournament-drive01/buggy/process-exit.txt,historical evidence,retain original run/source meaning,docs/current-build.md
tests/baselines/modes/tournament-flow01/pid.txt,historical evidence,retain original run/source meaning,docs/current-build.md
tests/baselines/modes/tournament-flow01/process-exit.txt,historical evidence,retain original run/source meaning,docs/current-build.md
tests/baselines/modes/tournament-flow02/pid.txt,historical evidence,retain original run/source meaning,docs/current-build.md
tests/baselines/modes/tournament-flow02/process-exit.txt,historical evidence,retain original run/source meaning,docs/current-build.md
tests/baselines/nightmare/README.md,historical evidence,retain original run/source meaning,docs/current-build.md
tests/baselines/opening/cinematic-promo-20261006/concat.txt,historical evidence,retain original run/source meaning,docs/current-build.md
tests/baselines/opening/extended01/pid.txt,historical evidence,retain original run/source meaning,docs/current-build.md
tests/baselines/opening/extended01/process-exit.txt,historical evidence,retain original run/source meaning,docs/current-build.md
tests/baselines/opening/extended01/visual-review.txt,historical evidence,retain original run/source meaning,docs/current-build.md
tests/baselines/opening/extended02/pid.txt,historical evidence,retain original run/source meaning,docs/current-build.md
tests/baselines/opening/extended02/process-exit.txt,historical evidence,retain original run/source meaning,docs/current-build.md
tests/baselines/opening/extended02/visual-review.txt,historical evidence,retain original run/source meaning,docs/current-build.md
tests/baselines/opening/extended_build/concat.txt,historical evidence,retain original run/source meaning,docs/current-build.md
tests/baselines/opening/run01/pid.txt,historical evidence,retain original run/source meaning,docs/current-build.md
tests/baselines/opening/run02/pid.txt,historical evidence,retain original run/source meaning,docs/current-build.md
tests/baselines/opening/run03/pid.txt,historical evidence,retain original run/source meaning,docs/current-build.md
tests/baselines/opening/short/concat.txt,historical evidence,retain original run/source meaning,docs/current-build.md
tests/baselines/opening/theme-integration/full01/pid.txt,historical evidence,retain original run/source meaning,docs/current-build.md
tests/baselines/opening/theme-integration/full01/process-exit.txt,historical evidence,retain original run/source meaning,docs/current-build.md
tests/baselines/opening/theme-integration/full02/pid.txt,historical evidence,retain original run/source meaning,docs/current-build.md
tests/baselines/opening/theme-integration/full02/process-exit.txt,historical evidence,retain original run/source meaning,docs/current-build.md
tests/baselines/opening/theme-integration/full03/pid.txt,historical evidence,retain original run/source meaning,docs/current-build.md
tests/baselines/opening/theme-integration/full03/process-exit.txt,historical evidence,retain original run/source meaning,docs/current-build.md
tests/baselines/opening/theme-integration/sync01/pid.txt,historical evidence,retain original run/source meaning,docs/current-build.md
tests/baselines/opening/theme-integration/sync01/process-exit.txt,historical evidence,retain original run/source meaning,docs/current-build.md
tests/baselines/opening/theme-integration/sync02/pid.txt,historical evidence,retain original run/source meaning,docs/current-build.md
tests/baselines/opening/theme-integration/sync02/process-exit.txt,historical evidence,retain original run/source meaning,docs/current-build.md
tests/baselines/opening/theme-review-v2/concat.txt,historical evidence,retain original run/source meaning,docs/current-build.md
tests/baselines/opening/theme-review/concat.txt,historical evidence,retain original run/source meaning,docs/current-build.md
tests/baselines/opening/theme-review/with-studio.txt,historical evidence,retain original run/source meaning,docs/current-build.md
tests/baselines/opening/unique-promo-20261006/concat.txt,historical evidence,retain original run/source meaning,docs/current-build.md
tests/baselines/opening/video01/pid.txt,historical evidence,retain original run/source meaning,docs/current-build.md
tests/baselines/opening/video01/visual-review.txt,historical evidence,retain original run/source meaning,docs/current-build.md
tests/baselines/opening/video02/pid.txt,historical evidence,retain original run/source meaning,docs/current-build.md
tests/baselines/opening/video02/visual-review.txt,historical evidence,retain original run/source meaning,docs/current-build.md
tests/baselines/player_stats/run01/pid.txt,historical evidence,retain original run/source meaning,docs/current-build.md
tests/baselines/player_stats/run01/process-exit.txt,historical evidence,retain original run/source meaning,docs/current-build.md
tests/baselines/player_stats/run02/pid.txt,historical evidence,retain original run/source meaning,docs/current-build.md
tests/baselines/player_stats/run02/process-exit.txt,historical evidence,retain original run/source meaning,docs/current-build.md
tests/baselines/presentation-refresh/README.md,historical evidence,retain original run/source meaning,docs/current-build.md
tests/baselines/presentation/bedroom/bazaar_01/failure.txt,historical evidence,retain original run/source meaning,docs/current-build.md
tests/baselines/presentation/bedroom/bazaar_01/pid.txt,historical evidence,retain original run/source meaning,docs/current-build.md
tests/baselines/presentation/bedroom/bazaar_01/process-exit-confirmed.txt,historical evidence,retain original run/source meaning,docs/current-build.md
tests/baselines/presentation/bedroom/bazaar_01/process-exit.txt,historical evidence,retain original run/source meaning,docs/current-build.md
tests/baselines/presentation/bedroom/bazaar_02/pid.txt,historical evidence,retain original run/source meaning,docs/current-build.md
tests/baselines/presentation/bedroom/bazaar_02/process-exit.txt,historical evidence,retain original run/source meaning,docs/current-build.md
tests/baselines/presentation/bedroom/bazaar_final/pid.txt,historical evidence,retain original run/source meaning,docs/current-build.md
tests/baselines/presentation/bedroom/bazaar_final/process-exit.txt,historical evidence,retain original run/source meaning,docs/current-build.md
tests/baselines/presentation/bedroom/mount_rainier_01/pid.txt,historical evidence,retain original run/source meaning,docs/current-build.md
tests/baselines/presentation/bedroom/mount_rainier_01/process-exit.txt,historical evidence,retain original run/source meaning,docs/current-build.md
tests/baselines/presentation/bedroom/mount_rainier_02/owner-acceptance.txt,historical evidence,retain original run/source meaning,docs/current-build.md
tests/baselines/presentation/bedroom/mount_rainier_02/pid.txt,historical evidence,retain original run/source meaning,docs/current-build.md
tests/baselines/presentation/bedroom/mount_rainier_02/process-exit-confirmed.txt,historical evidence,retain original run/source meaning,docs/current-build.md
tests/baselines/presentation/bedroom/mount_rainier_02/process-exit.txt,historical evidence,retain original run/source meaning,docs/current-build.md
tests/baselines/presentation/bedroom/town_square_01/harness-failure.txt,historical evidence,retain original run/source meaning,docs/current-build.md
tests/baselines/presentation/bedroom/town_square_01/pid.txt,historical evidence,retain original run/source meaning,docs/current-build.md
tests/baselines/presentation/bedroom/town_square_01/process-exit-confirmed.txt,historical evidence,retain original run/source meaning,docs/current-build.md
tests/baselines/presentation/bedroom/town_square_01/process-exit.txt,historical evidence,retain original run/source meaning,docs/current-build.md
tests/baselines/presentation/bedroom/town_square_02/pid.txt,historical evidence,retain original run/source meaning,docs/current-build.md
tests/baselines/presentation/bedroom/town_square_02/process-exit.txt,historical evidence,retain original run/source meaning,docs/current-build.md
tests/baselines/presentation/bedroom/town_square_final/pid.txt,historical evidence,retain original run/source meaning,docs/current-build.md
tests/baselines/presentation/bedroom/town_square_final/process-exit.txt,historical evidence,retain original run/source meaning,docs/current-build.md
tests/baselines/presentation/bedroom/town_square_visual_03/pid.txt,historical evidence,retain original run/source meaning,docs/current-build.md
tests/baselines/presentation/bedroom/town_square_visual_03/process-exit.txt,historical evidence,retain original run/source meaning,docs/current-build.md
tests/baselines/profiles/run01/pid.txt,historical evidence,retain original run/source meaning,docs/current-build.md
tests/baselines/profiles/run01/process-exit.txt,historical evidence,retain original run/source meaning,docs/current-build.md
tests/baselines/profiles/run02/pid.txt,historical evidence,retain original run/source meaning,docs/current-build.md
tests/baselines/profiles/run02/process-exit.txt,historical evidence,retain original run/source meaning,docs/current-build.md
tests/baselines/profiles/run03/pid.txt,historical evidence,retain original run/source meaning,docs/current-build.md
tests/baselines/profiles/run03/process-exit.txt,historical evidence,retain original run/source meaning,docs/current-build.md
tests/baselines/profiles/run04/pid.txt,historical evidence,retain original run/source meaning,docs/current-build.md
tests/baselines/profiles/run04/process-exit.txt,historical evidence,retain original run/source meaning,docs/current-build.md
tests/baselines/profiles/run05/pid.txt,historical evidence,retain original run/source meaning,docs/current-build.md
tests/baselines/profiles/run05/process-exit.txt,historical evidence,retain original run/source meaning,docs/current-build.md
tests/baselines/profiles/run06/pid.txt,historical evidence,retain original run/source meaning,docs/current-build.md
tests/baselines/profiles/run06/process-exit.txt,historical evidence,retain original run/source meaning,docs/current-build.md
tests/baselines/profiles/run07/pid.txt,historical evidence,retain original run/source meaning,docs/current-build.md
tests/baselines/profiles/run07/process-exit.txt,historical evidence,retain original run/source meaning,docs/current-build.md
tests/baselines/profiles/run08/pid.txt,historical evidence,retain original run/source meaning,docs/current-build.md
tests/baselines/profiles/run08/process-exit.txt,historical evidence,retain original run/source meaning,docs/current-build.md
tests/baselines/profiles/run09/pid.txt,historical evidence,retain original run/source meaning,docs/current-build.md
tests/baselines/profiles/run09/process-exit.txt,historical evidence,retain original run/source meaning,docs/current-build.md
tests/baselines/profiles/run10_skip/pid.txt,historical evidence,retain original run/source meaning,docs/current-build.md
tests/baselines/profiles/run10_skip/process-exit.txt,historical evidence,retain original run/source meaning,docs/current-build.md
tests/baselines/profiles/run11_final/pid.txt,historical evidence,retain original run/source meaning,docs/current-build.md
tests/baselines/profiles/run11_final/process-exit.txt,historical evidence,retain original run/source meaning,docs/current-build.md
tests/baselines/profiles/run12_final/pid.txt,historical evidence,retain original run/source meaning,docs/current-build.md
tests/baselines/profiles/run12_final/process-exit.txt,historical evidence,retain original run/source meaning,docs/current-build.md
tests/baselines/profiles/run13_titles/pid.txt,historical evidence,retain original run/source meaning,docs/current-build.md
tests/baselines/profiles/run13_titles/process-exit.txt,historical evidence,retain original run/source meaning,docs/current-build.md
tests/baselines/progression_reset/profile_regression/pid.txt,historical evidence,retain original run/source meaning,docs/current-build.md
tests/baselines/progression_reset/profile_regression/process-exit.txt,historical evidence,retain original run/source meaning,docs/current-build.md
tests/baselines/promo-redline/edit/concat.txt,historical evidence,retain original run/source meaning,docs/current-build.md
tests/baselines/promo-redline/firefly/pid.txt,historical evidence,retain original run/source meaning,docs/current-build.md
tests/baselines/promo-redline/firefly/process-exit.txt,historical evidence,retain original run/source meaning,docs/current-build.md
tests/baselines/promo-redline/toys/pid.txt,historical evidence,retain original run/source meaning,docs/current-build.md
tests/baselines/promo-redline/toys/process-exit.txt,historical evidence,retain original run/source meaning,docs/current-build.md
tests/baselines/race_quality/direction-parity-final/pid.txt,historical evidence,retain original run/source meaning,docs/current-build.md
tests/baselines/race_quality/direction-parity-final/process-exit.txt,historical evidence,retain original run/source meaning,docs/current-build.md
tests/baselines/race_quality/direction-parity/pid.txt,historical evidence,retain original run/source meaning,docs/current-build.md
tests/baselines/race_quality/direction-parity/process-exit.txt,historical evidence,retain original run/source meaning,docs/current-build.md
tests/baselines/race_quality/toys_r_asleep/camera01/pid.txt,historical evidence,retain original run/source meaning,docs/current-build.md
tests/baselines/race_quality/toys_r_asleep/camera01/process-exit.txt,historical evidence,retain original run/source meaning,docs/current-build.md
tests/baselines/race_quality/toys_r_asleep/camera01/visual-review.txt,historical evidence,retain original run/source meaning,docs/current-build.md
tests/baselines/race_quality/toys_r_asleep/race01/pid.txt,historical evidence,retain original run/source meaning,docs/current-build.md
tests/baselines/race_quality/toys_r_asleep/race01/process-exit.txt,historical evidence,retain original run/source meaning,docs/current-build.md
tests/baselines/race_quality/toys_r_asleep/race01/visual-review.txt,historical evidence,retain original run/source meaning,docs/current-build.md
tests/baselines/race_quality/toys_r_you/ai-after-loading/pid.txt,historical evidence,retain original run/source meaning,docs/current-build.md
tests/baselines/race_quality/toys_r_you/ai-after-loading/process-exit.txt,historical evidence,retain original run/source meaning,docs/current-build.md
tests/baselines/race_quality/toys_r_you/ai-direction-cache/pid.txt,historical evidence,retain original run/source meaning,docs/current-build.md
tests/baselines/race_quality/toys_r_you/ai-direction-cache/process-exit.txt,historical evidence,retain original run/source meaning,docs/current-build.md
tests/baselines/race_quality/toys_r_you/ai-direction-cache/race-comparison.txt,historical evidence,retain original run/source meaning,docs/current-build.md
tests/baselines/race_quality/toys_r_you/ai-final01/pid.txt,historical evidence,retain original run/source meaning,docs/current-build.md
tests/baselines/race_quality/toys_r_you/ai-final01/process-exit.txt,historical evidence,retain original run/source meaning,docs/current-build.md
tests/baselines/race_quality/toys_r_you/ai-profile/pid.txt,historical evidence,retain original run/source meaning,docs/current-build.md
tests/baselines/race_quality/toys_r_you/ai-profile/process-exit.txt,historical evidence,retain original run/source meaning,docs/current-build.md
tests/baselines/race_quality/toys_r_you/ai-route-profile/pid.txt,historical evidence,retain original run/source meaning,docs/current-build.md
tests/baselines/race_quality/toys_r_you/ai-route-profile/process-exit.txt,historical evidence,retain original run/source meaning,docs/current-build.md
tests/baselines/race_quality/toys_r_you/baseline01/pid.txt,historical evidence,retain original run/source meaning,docs/current-build.md
tests/baselines/race_quality/toys_r_you/baseline01/process-exit.txt,historical evidence,retain original run/source meaning,docs/current-build.md
tests/baselines/race_quality/toys_r_you/baseline01/visual-review.txt,historical evidence,retain original run/source meaning,docs/current-build.md
tests/baselines/race_quality/toys_r_you/countdown-after/pid.txt,historical evidence,retain original run/source meaning,docs/current-build.md
tests/baselines/race_quality/toys_r_you/countdown-after/process-exit.txt,historical evidence,retain original run/source meaning,docs/current-build.md
tests/baselines/race_quality/toys_r_you/countdown-before/pid.txt,historical evidence,retain original run/source meaning,docs/current-build.md
tests/baselines/race_quality/toys_r_you/countdown-before/process-exit.txt,historical evidence,retain original run/source meaning,docs/current-build.md
tests/baselines/race_quality/toys_r_you/course01/pid.txt,historical evidence,retain original run/source meaning,docs/current-build.md
tests/baselines/race_quality/toys_r_you/course01/process-exit.txt,historical evidence,retain original run/source meaning,docs/current-build.md
tests/baselines/race_quality/toys_r_you/motion-feedback01/pid.txt,historical evidence,retain original run/source meaning,docs/current-build.md
tests/baselines/race_quality/toys_r_you/motion-feedback01/process-exit.txt,historical evidence,retain original run/source meaning,docs/current-build.md
tests/baselines/race_quality/toys_r_you/motion-feedback01/visual-review.txt,historical evidence,retain original run/source meaning,docs/current-build.md
tests/baselines/race_quality/toys_r_you/navigation-final/pid.txt,historical evidence,retain original run/source meaning,docs/current-build.md
tests/baselines/race_quality/toys_r_you/navigation-final/process-exit.txt,historical evidence,retain original run/source meaning,docs/current-build.md
tests/baselines/race_quality/toys_r_you/navigation01/pid.txt,historical evidence,retain original run/source meaning,docs/current-build.md
tests/baselines/race_quality/toys_r_you/navigation01/process-exit.txt,historical evidence,retain original run/source meaning,docs/current-build.md
tests/baselines/race_quality/toys_r_you/navigation02/pid.txt,historical evidence,retain original run/source meaning,docs/current-build.md
tests/baselines/race_quality/toys_r_you/navigation02/process-exit.txt,historical evidence,retain original run/source meaning,docs/current-build.md
tests/baselines/race_quality/toys_r_you/opening-final/pid.txt,historical evidence,retain original run/source meaning,docs/current-build.md
tests/baselines/race_quality/toys_r_you/opening-final/process-exit.txt,historical evidence,retain original run/source meaning,docs/current-build.md
tests/baselines/race_quality/toys_r_you/passing-final/pid.txt,historical evidence,retain original run/source meaning,docs/current-build.md
tests/baselines/race_quality/toys_r_you/passing-final/process-exit.txt,historical evidence,retain original run/source meaning,docs/current-build.md
tests/baselines/race_quality/toys_r_you/passing01/pid.txt,historical evidence,retain original run/source meaning,docs/current-build.md
tests/baselines/race_quality/toys_r_you/passing01/process-exit.txt,historical evidence,retain original run/source meaning,docs/current-build.md
tests/baselines/race_quality/toys_r_you/passing02/pid.txt,historical evidence,retain original run/source meaning,docs/current-build.md
tests/baselines/race_quality/toys_r_you/passing02/process-exit.txt,historical evidence,retain original run/source meaning,docs/current-build.md
tests/baselines/race_quality/toys_r_you/quality-final/pid.txt,historical evidence,retain original run/source meaning,docs/current-build.md
tests/baselines/race_quality/toys_r_you/quality-final/process-exit.txt,historical evidence,retain original run/source meaning,docs/current-build.md
tests/baselines/race_quality/toys_r_you/quality-final/visual-review.txt,historical evidence,retain original run/source meaning,docs/current-build.md
tests/baselines/race_quality/toys_r_you/quality-layout/pid.txt,historical evidence,retain original run/source meaning,docs/current-build.md
tests/baselines/race_quality/toys_r_you/quality-layout/process-exit.txt,historical evidence,retain original run/source meaning,docs/current-build.md
tests/baselines/race_quality/toys_r_you/quality-layout/visual-review.txt,historical evidence,retain original run/source meaning,docs/current-build.md
tests/baselines/race_quality/toys_r_you/quality01/pid.txt,historical evidence,retain original run/source meaning,docs/current-build.md
tests/baselines/race_quality/toys_r_you/quality01/process-exit.txt,historical evidence,retain original run/source meaning,docs/current-build.md
tests/baselines/race_quality/toys_r_you/quality01/visual-review.txt,historical evidence,retain original run/source meaning,docs/current-build.md
tests/baselines/race_quality/toys_r_you/quality02/pid.txt,historical evidence,retain original run/source meaning,docs/current-build.md
tests/baselines/race_quality/toys_r_you/quality02/process-exit.txt,historical evidence,retain original run/source meaning,docs/current-build.md
tests/baselines/race_quality/toys_r_you/quality02/visual-review.txt,historical evidence,retain original run/source meaning,docs/current-build.md
tests/baselines/race_quality/toys_r_you/quality03/pid.txt,historical evidence,retain original run/source meaning,docs/current-build.md
tests/baselines/race_quality/toys_r_you/quality03/process-exit.txt,historical evidence,retain original run/source meaning,docs/current-build.md
tests/baselines/race_quality/toys_r_you/quality03/visual-review.txt,historical evidence,retain original run/source meaning,docs/current-build.md
tests/baselines/race_quality/toys_r_you/quality04/pid.txt,historical evidence,retain original run/source meaning,docs/current-build.md
tests/baselines/race_quality/toys_r_you/quality04/process-exit.txt,historical evidence,retain original run/source meaning,docs/current-build.md
tests/baselines/race_quality/toys_r_you/quality05/pid.txt,historical evidence,retain original run/source meaning,docs/current-build.md
tests/baselines/race_quality/toys_r_you/quality05/process-exit.txt,historical evidence,retain original run/source meaning,docs/current-build.md
tests/baselines/race_quality/toys_r_you/walkthrough-final/pid.txt,historical evidence,retain original run/source meaning,docs/current-build.md
tests/baselines/race_quality/toys_r_you/walkthrough-final/process-exit.txt,historical evidence,retain original run/source meaning,docs/current-build.md
tests/baselines/race_quality/toys_r_you/walkthrough-final/visual-review.txt,historical evidence,retain original run/source meaning,docs/current-build.md
tests/baselines/race_quality/toys_r_you/walkthrough01/pid.txt,historical evidence,retain original run/source meaning,docs/current-build.md
tests/baselines/race_quality/toys_r_you/walkthrough01/process-exit.txt,historical evidence,retain original run/source meaning,docs/current-build.md
tests/baselines/race_quality/toys_r_you/walkthrough01/visual-review.txt,historical evidence,retain original run/source meaning,docs/current-build.md
tests/baselines/requirements/features_complete/pid.txt,historical evidence,retain original run/source meaning,docs/current-build.md
tests/baselines/requirements/features_complete/process-exit.txt,historical evidence,retain original run/source meaning,docs/current-build.md
tests/baselines/requirements/features_final/pid.txt,historical evidence,retain original run/source meaning,docs/current-build.md
tests/baselines/requirements/features_final/process-exit.txt,historical evidence,retain original run/source meaning,docs/current-build.md
tests/baselines/requirements/features_first/pid.txt,historical evidence,retain original run/source meaning,docs/current-build.md
tests/baselines/requirements/features_first/process-exit.txt,historical evidence,retain original run/source meaning,docs/current-build.md
tests/baselines/requirements/features_second/pid.txt,historical evidence,retain original run/source meaning,docs/current-build.md
tests/baselines/requirements/features_second/process-exit.txt,historical evidence,retain original run/source meaning,docs/current-build.md
tests/baselines/requirements/oval_after/pid.txt,historical evidence,retain original run/source meaning,docs/current-build.md
tests/baselines/requirements/oval_after/process-exit.txt,historical evidence,retain original run/source meaning,docs/current-build.md
tests/baselines/requirements/oval_before/pid.txt,historical evidence,retain original run/source meaning,docs/current-build.md
tests/baselines/requirements/oval_before/process-exit.txt,historical evidence,retain original run/source meaning,docs/current-build.md
tests/baselines/requirements/oval_before_corrected/pid.txt,historical evidence,retain original run/source meaning,docs/current-build.md
tests/baselines/requirements/oval_before_corrected/process-exit.txt,historical evidence,retain original run/source meaning,docs/current-build.md
tests/baselines/requirements/oval_fences_final/pid.txt,historical evidence,retain original run/source meaning,docs/current-build.md
tests/baselines/requirements/oval_fences_final/process-exit.txt,historical evidence,retain original run/source meaning,docs/current-build.md
tests/baselines/requirements/oval_fences_first/pid.txt,historical evidence,retain original run/source meaning,docs/current-build.md
tests/baselines/requirements/oval_fences_first/process-exit.txt,historical evidence,retain original run/source meaning,docs/current-build.md
tests/baselines/requirements/oval_fences_second/pid.txt,historical evidence,retain original run/source meaning,docs/current-build.md
tests/baselines/requirements/oval_fences_second/process-exit.txt,historical evidence,retain original run/source meaning,docs/current-build.md
tests/baselines/requirements/oval_fences_third/pid.txt,historical evidence,retain original run/source meaning,docs/current-build.md
tests/baselines/requirements/oval_fences_third/process-exit.txt,historical evidence,retain original run/source meaning,docs/current-build.md
tests/baselines/requirements/oval_race/pid.txt,historical evidence,retain original run/source meaning,docs/current-build.md
tests/baselines/requirements/oval_race/process-exit.txt,historical evidence,retain original run/source meaning,docs/current-build.md
tests/baselines/requirements/oval_race_corrected/pid.txt,historical evidence,retain original run/source meaning,docs/current-build.md
tests/baselines/requirements/oval_race_corrected/process-exit.txt,historical evidence,retain original run/source meaning,docs/current-build.md
tests/baselines/requirements/player_stats/pid.txt,historical evidence,retain original run/source meaning,docs/current-build.md
tests/baselines/requirements/player_stats/process-exit.txt,historical evidence,retain original run/source meaning,docs/current-build.md
tests/baselines/requirements/player_stats_complete/pid.txt,historical evidence,retain original run/source meaning,docs/current-build.md
tests/baselines/requirements/player_stats_complete/process-exit.txt,historical evidence,retain original run/source meaning,docs/current-build.md
tests/baselines/requirements/player_stats_corrected/pid.txt,historical evidence,retain original run/source meaning,docs/current-build.md
tests/baselines/requirements/player_stats_corrected/process-exit.txt,historical evidence,retain original run/source meaning,docs/current-build.md
tests/baselines/requirements/player_stats_final/pid.txt,historical evidence,retain original run/source meaning,docs/current-build.md
tests/baselines/requirements/player_stats_final/process-exit.txt,historical evidence,retain original run/source meaning,docs/current-build.md
tests/baselines/requirements_2026_10_05/countdown_01/pid.txt,historical evidence,retain original run/source meaning,docs/current-build.md
tests/baselines/requirements_2026_10_05/countdown_01/process-exit.txt,historical evidence,retain original run/source meaning,docs/current-build.md
tests/baselines/requirements_2026_10_05/countdown_02/pid.txt,historical evidence,retain original run/source meaning,docs/current-build.md
tests/baselines/requirements_2026_10_05/countdown_02/process-exit.txt,historical evidence,retain original run/source meaning,docs/current-build.md
tests/baselines/requirements_2026_10_05/countdown_03/pid.txt,historical evidence,retain original run/source meaning,docs/current-build.md
tests/baselines/requirements_2026_10_05/countdown_03/process-exit.txt,historical evidence,retain original run/source meaning,docs/current-build.md
tests/baselines/requirements_2026_10_05/export_defaults_01/pid.txt,historical evidence,retain original run/source meaning,docs/current-build.md
tests/baselines/requirements_2026_10_05/export_defaults_01/process-exit.txt,historical evidence,retain original run/source meaning,docs/current-build.md
tests/baselines/requirements_2026_10_05/export_defaults_02/pid.txt,historical evidence,retain original run/source meaning,docs/current-build.md
tests/baselines/requirements_2026_10_05/export_defaults_02/process-exit.txt,historical evidence,retain original run/source meaning,docs/current-build.md
tests/baselines/requirements_2026_10_05/roadmap_01/pid.txt,historical evidence,retain original run/source meaning,docs/current-build.md
tests/baselines/requirements_2026_10_05/roadmap_01/process-exit.txt,historical evidence,retain original run/source meaning,docs/current-build.md
tests/baselines/requirements_2026_10_05/roadmap_02/pid.txt,historical evidence,retain original run/source meaning,docs/current-build.md
tests/baselines/requirements_2026_10_05/roadmap_02/process-exit.txt,historical evidence,retain original run/source meaning,docs/current-build.md
tests/baselines/requirements_2026_10_05/roadmap_03/pid.txt,historical evidence,retain original run/source meaning,docs/current-build.md
tests/baselines/requirements_2026_10_05/roadmap_03/process-exit.txt,historical evidence,retain original run/source meaning,docs/current-build.md
tests/baselines/requirements_2026_10_05/roadmap_04/pid.txt,historical evidence,retain original run/source meaning,docs/current-build.md
tests/baselines/requirements_2026_10_05/roadmap_04/process-exit.txt,historical evidence,retain original run/source meaning,docs/current-build.md
tests/baselines/requirements_2026_10_05/roadmap_05/pid.txt,historical evidence,retain original run/source meaning,docs/current-build.md
tests/baselines/requirements_2026_10_05/roadmap_05/process-exit.txt,historical evidence,retain original run/source meaning,docs/current-build.md
tests/baselines/requirements_2026_10_05/roadmap_countdown_01/pid.txt,historical evidence,retain original run/source meaning,docs/current-build.md
tests/baselines/requirements_2026_10_05/roadmap_countdown_01/process-exit.txt,historical evidence,retain original run/source meaning,docs/current-build.md
tests/baselines/requirements_2026_10_05/vehicle_baselines_01/pid.txt,historical evidence,retain original run/source meaning,docs/current-build.md
tests/baselines/requirements_2026_10_05/vehicle_baselines_01/process-exit.txt,historical evidence,retain original run/source meaning,docs/current-build.md
tests/baselines/requirements_2026_10_05/vehicle_baselines_02/pid.txt,historical evidence,retain original run/source meaning,docs/current-build.md
tests/baselines/requirements_2026_10_05/vehicle_baselines_02/process-exit.txt,historical evidence,retain original run/source meaning,docs/current-build.md
tests/baselines/tournament_footer/run01/pid.txt,historical evidence,retain original run/source meaning,docs/current-build.md
tests/baselines/tournament_footer/run01/process-exit.txt,historical evidence,retain original run/source meaning,docs/current-build.md
tests/baselines/tyre_effects/threshold_01/pid.txt,historical evidence,retain original run/source meaning,docs/current-build.md
tests/baselines/tyre_effects/threshold_01/process-exit.txt,historical evidence,retain original run/source meaning,docs/current-build.md
tests/baselines/tyre_effects/threshold_02/pid.txt,historical evidence,retain original run/source meaning,docs/current-build.md
tests/baselines/tyre_effects/threshold_02/process-exit.txt,historical evidence,retain original run/source meaning,docs/current-build.md
tests/baselines/tyre_effects/threshold_03/pid.txt,historical evidence,retain original run/source meaning,docs/current-build.md
tests/baselines/tyre_effects/threshold_03/process-exit.txt,historical evidence,retain original run/source meaning,docs/current-build.md
tests/baselines/ui_retro/final03/pid.txt,historical evidence,retain original run/source meaning,docs/current-build.md
tests/baselines/ui_retro/final03/process-exit.txt,historical evidence,retain original run/source meaning,docs/current-build.md
tests/baselines/ui_retro/layout02/pid.txt,historical evidence,retain original run/source meaning,docs/current-build.md
tests/baselines/ui_retro/layout02/process-exit.txt,historical evidence,retain original run/source meaning,docs/current-build.md
tests/baselines/ui_retro/menu01/pid.txt,historical evidence,retain original run/source meaning,docs/current-build.md
tests/baselines/ui_retro/menu01/process-exit.txt,historical evidence,retain original run/source meaning,docs/current-build.md
tests/baselines/vehicle_effects/after-final-normal/pid.txt,historical evidence,retain original run/source meaning,docs/current-build.md
tests/baselines/vehicle_effects/after-final-normal/process-exit.txt,historical evidence,retain original run/source meaning,docs/current-build.md
tests/baselines/vehicle_effects/after-final-reduced/pid.txt,historical evidence,retain original run/source meaning,docs/current-build.md
tests/baselines/vehicle_effects/after-final-reduced/process-exit.txt,historical evidence,retain original run/source meaning,docs/current-build.md
tests/baselines/vehicle_effects/after01/pid.txt,historical evidence,retain original run/source meaning,docs/current-build.md
tests/baselines/vehicle_effects/after01/process-exit.txt,historical evidence,retain original run/source meaning,docs/current-build.md
tests/baselines/vehicle_effects/after02/pid.txt,historical evidence,retain original run/source meaning,docs/current-build.md
tests/baselines/vehicle_effects/after02/process-exit.txt,historical evidence,retain original run/source meaning,docs/current-build.md
tests/baselines/vehicle_effects/after03-verbose/pid.txt,historical evidence,retain original run/source meaning,docs/current-build.md
tests/baselines/vehicle_effects/after03-verbose/process-exit.txt,historical evidence,retain original run/source meaning,docs/current-build.md
tests/baselines/vehicle_effects/after04-normal/pid.txt,historical evidence,retain original run/source meaning,docs/current-build.md
tests/baselines/vehicle_effects/after04-normal/process-exit.txt,historical evidence,retain original run/source meaning,docs/current-build.md
tests/baselines/vehicle_effects/before-final-normal/pid.txt,historical evidence,retain original run/source meaning,docs/current-build.md
tests/baselines/vehicle_effects/before-final-normal/process-exit.txt,historical evidence,retain original run/source meaning,docs/current-build.md
tests/baselines/vehicle_effects/before-final-reduced/pid.txt,historical evidence,retain original run/source meaning,docs/current-build.md
tests/baselines/vehicle_effects/before-final-reduced/process-exit.txt,historical evidence,retain original run/source meaning,docs/current-build.md
tests/baselines/vehicle_effects/before-normal/pid.txt,historical evidence,retain original run/source meaning,docs/current-build.md
tests/baselines/vehicle_effects/before-normal/process-exit.txt,historical evidence,retain original run/source meaning,docs/current-build.md
tests/baselines/vehicle_effects/before-project/addons/debug_draw_3d/README.md,historical evidence,retain original run/source meaning,docs/current-build.md
tests/baselines/vehicle_effects/before-project/addons/debug_draw_3d/gen/csharp/log.txt,historical evidence,retain original run/source meaning,docs/current-build.md
tests/baselines/vehicle_effects/before-project/addons/godot-rapier2d/THIRDPARTY.txt,historical evidence,retain original run/source meaning,docs/current-build.md
tests/baselines/vehicle_effects/before-project/addons/godot_mcp_toolkit/ATTRIBUTIONS.md,historical evidence,retain original run/source meaning,docs/current-build.md
tests/baselines/vehicle_effects/before-project/addons/godot_mcp_toolkit/CompanionSkills/godot-mcp-toolkit/SKILL.md,historical evidence,retain original run/source meaning,docs/current-build.md
tests/baselines/vehicle_effects/before-project/addons/godot_mcp_toolkit/CompanionSkills/godot-mcp-toolkit/references/input-events.md,historical evidence,retain original run/source meaning,docs/current-build.md
tests/baselines/vehicle_effects/before-project/addons/godot_mcp_toolkit/CompanionSkills/godot-mcp-toolkit/references/parallel-sessions.md,historical evidence,retain original run/source meaning,docs/current-build.md
tests/baselines/vehicle_effects/before-project/addons/godot_mcp_toolkit/CompanionSkills/godot-mcp-toolkit/references/type-wrappers.md,historical evidence,retain original run/source meaning,docs/current-build.md
tests/baselines/vehicle_effects/before-project/addons/godot_mcp_toolkit/CompanionSkills/mcp-extension-creator/SKILL.md,historical evidence,retain original run/source meaning,docs/current-build.md
tests/baselines/vehicle_effects/before-project/addons/godot_mcp_toolkit/CompanionSkills/mcp-extension-creator/references/cancellation.md,historical evidence,retain original run/source meaning,docs/current-build.md
tests/baselines/vehicle_effects/before-project/addons/godot_mcp_toolkit/CompanionSkills/mcp-extension-creator/references/csharp-extensions.md,historical evidence,retain original run/source meaning,docs/current-build.md
tests/baselines/vehicle_effects/before-project/addons/godot_mcp_toolkit/CompanionSkills/mcp-extension-creator/references/exporting.md,historical evidence,retain original run/source meaning,docs/current-build.md
tests/baselines/vehicle_effects/before-project/addons/godot_mcp_toolkit/CompanionSkills/mcp-extension-creator/references/type-coercion.md,historical evidence,retain original run/source meaning,docs/current-build.md
tests/baselines/vehicle_effects/before-project/addons/godot_mcp_toolkit/README.md,historical evidence,retain original run/source meaning,docs/current-build.md
tests/baselines/vehicle_effects/before-project/addons/godot_mcp_toolkit/docs/advanced_configuration.md,historical evidence,retain original run/source meaning,docs/current-build.md
tests/baselines/vehicle_effects/before-project/addons/godot_mcp_toolkit/docs/companion-skills.md,historical evidence,retain original run/source meaning,docs/current-build.md
tests/baselines/vehicle_effects/before-project/addons/godot_mcp_toolkit/docs/compatibility.md,historical evidence,retain original run/source meaning,docs/current-build.md
tests/baselines/vehicle_effects/before-project/addons/godot_mcp_toolkit/docs/extending.md,historical evidence,retain original run/source meaning,docs/current-build.md
tests/baselines/vehicle_effects/before-project/addons/godot_mcp_toolkit/docs/multi-instance.md,historical evidence,retain original run/source meaning,docs/current-build.md
tests/baselines/vehicle_effects/before-project/addons/godot_mcp_toolkit/docs/security-recommendations.md,historical evidence,retain original run/source meaning,docs/current-build.md
tests/baselines/vehicle_effects/before-project/addons/terrain_3d/LICENSE.txt,historical evidence,retain original run/source meaning,docs/current-build.md
tests/baselines/vehicle_effects/before-project/addons/terrain_3d/README.md,historical evidence,retain original run/source meaning,docs/current-build.md
tests/baselines/vehicle_effects/before-project/addons/terrain_3d/menu/channel_packer_import_template.txt,historical evidence,retain original run/source meaning,docs/current-build.md
tests/baselines/vehicle_effects/before-project/assets/arcade/driver-portrait-prompts.txt,historical evidence,retain original run/source meaning,docs/current-build.md
tests/baselines/vehicle_effects/before-project/assets/effects/kenney/License.txt,historical evidence,retain original run/source meaning,docs/current-build.md
tests/baselines/vehicle_effects/before-project/assets/effects/kenney/README.md,historical evidence,retain original run/source meaning,docs/current-build.md
tests/baselines/vehicle_effects/before-project/assets/imported/casino/README.md,historical evidence,retain original run/source meaning,docs/current-build.md
tests/baselines/vehicle_effects/before-project/assets/imported/racing/CREDITS.md,historical evidence,retain original run/source meaning,docs/current-build.md
tests/baselines/vehicle_effects/before-project/assets/imported/tabletop/CREDITS.md,historical evidence,retain original run/source meaning,docs/current-build.md
tests/baselines/vehicle_effects/before-project/assets/vehicles/prototypes/README.md,historical evidence,retain original run/source meaning,docs/current-build.md
tests/baselines/vehicle_effects/before-project/assets/video/opening/CREDITS.md,historical evidence,retain original run/source meaning,docs/current-build.md
tests/baselines/vehicle_effects/before-project/assets/video/opening/additional-video-prompts.md,historical evidence,retain original run/source meaning,docs/current-build.md
tests/baselines/vehicle_effects/before-project/assets/video/opening/theme-review/README.md,historical evidence,retain original run/source meaning,docs/current-build.md
tests/baselines/vehicle_effects/before-project/assets/video/opening/theme-review/youtube-short-upload.md,historical evidence,retain original run/source meaning,docs/current-build.md
tests/baselines/vehicle_effects/before-project/assets/video/opening/theme-review/youtube-upload-details.md,historical evidence,retain original run/source meaning,docs/current-build.md
tests/baselines/vehicle_effects/before-project/audio/music/CREDITS.md,historical evidence,retain original run/source meaning,docs/current-build.md
tests/baselines/vehicle_effects/before-project/environments/bedroom/SKYBOX_CREDITS.md,historical evidence,retain original run/source meaning,docs/current-build.md
tests/baselines/vehicle_effects/before-project/environments/kitchen/ASSETS.md,historical evidence,retain original run/source meaning,docs/current-build.md
tests/baselines/vehicle_effects/before-project/tracks/AUTHORING.md,historical evidence,retain original run/source meaning,docs/current-build.md
tests/baselines/vehicle_effects/before-project/tracks/README.md,historical evidence,retain original run/source meaning,docs/current-build.md
tests/baselines/vehicle_effects/before-project/tracks/town_square/CREDITS.md,historical evidence,retain original run/source meaning,docs/current-build.md
tests/baselines/vehicle_effects/drift-gameplay-camera/pid.txt,historical evidence,retain original run/source meaning,docs/current-build.md
tests/baselines/vehicle_effects/drift-gameplay-camera/process-exit.txt,historical evidence,retain original run/source meaning,docs/current-build.md
tests/baselines/vehicle_effects/final-normal/pid.txt,historical evidence,retain original run/source meaning,docs/current-build.md
tests/baselines/vehicle_effects/final-normal/process-exit.txt,historical evidence,retain original run/source meaning,docs/current-build.md
tests/baselines/vehicle_effects/final-normal02/pid.txt,historical evidence,retain original run/source meaning,docs/current-build.md
tests/baselines/vehicle_effects/final-normal02/process-exit.txt,historical evidence,retain original run/source meaning,docs/current-build.md
tests/baselines/vehicle_effects/final-reduced/pid.txt,historical evidence,retain original run/source meaning,docs/current-build.md
tests/baselines/vehicle_effects/final-reduced/process-exit.txt,historical evidence,retain original run/source meaning,docs/current-build.md
tests/baselines/vehicle_effects/matched-before-normal/pid.txt,historical evidence,retain original run/source meaning,docs/current-build.md
tests/baselines/vehicle_effects/matched-before-normal/process-exit.txt,historical evidence,retain original run/source meaning,docs/current-build.md
tests/baselines/vehicle_effects/verification-final/pid.txt,historical evidence,retain original run/source meaning,docs/current-build.md
tests/baselines/vehicle_effects/verification-final/process-exit.txt,historical evidence,retain original run/source meaning,docs/current-build.md
tests/baselines/vehicle_effects/verification-final02/pid.txt,historical evidence,retain original run/source meaning,docs/current-build.md
tests/baselines/vehicle_effects/verification-final02/process-exit.txt,historical evidence,retain original run/source meaning,docs/current-build.md
tests/baselines/vehicle_effects/verification-final03/pid.txt,historical evidence,retain original run/source meaning,docs/current-build.md
tests/baselines/vehicle_effects/verification-final03/process-exit.txt,historical evidence,retain original run/source meaning,docs/current-build.md
tests/baselines/vehicle_effects/verification01/pid.txt,historical evidence,retain original run/source meaning,docs/current-build.md
tests/baselines/vehicle_effects/verification01/process-exit.txt,historical evidence,retain original run/source meaning,docs/current-build.md
tests/baselines/vehicle_effects/verification02/pid.txt,historical evidence,retain original run/source meaning,docs/current-build.md
tests/baselines/vehicle_effects/verification02/process-exit.txt,historical evidence,retain original run/source meaning,docs/current-build.md
tests/baselines/vehicle_effects/verification03/pid.txt,historical evidence,retain original run/source meaning,docs/current-build.md
tests/baselines/vehicle_effects/verification03/process-exit.txt,historical evidence,retain original run/source meaning,docs/current-build.md
tests/baselines/vehicles/boat-race01/pid.txt,historical evidence,retain original run/source meaning,docs/current-build.md
tests/baselines/vehicles/boat-race01/process-exit.txt,historical evidence,retain original run/source meaning,docs/current-build.md
tests/baselines/vehicles/boat-race02/pid.txt,historical evidence,retain original run/source meaning,docs/current-build.md
tests/baselines/vehicles/boat-race02/process-exit.txt,historical evidence,retain original run/source meaning,docs/current-build.md
tests/baselines/vehicles/boat-race02/visual-review.txt,historical evidence,retain original run/source meaning,docs/current-build.md
tests/baselines/vehicles/boat-trace/pid.txt,historical evidence,retain original run/source meaning,docs/current-build.md
tests/baselines/vehicles/boat-trace/process-exit.txt,historical evidence,retain original run/source meaning,docs/current-build.md
tests/baselines/vehicles/classes01/pid.txt,historical evidence,retain original run/source meaning,docs/current-build.md
tests/baselines/vehicles/classes01/process-exit.txt,historical evidence,retain original run/source meaning,docs/current-build.md
tests/baselines/vehicles/classes01/visual-review.txt,historical evidence,retain original run/source meaning,docs/current-build.md
tests/baselines/vehicles/classes02/pid.txt,historical evidence,retain original run/source meaning,docs/current-build.md
tests/baselines/vehicles/classes02/process-exit.txt,historical evidence,retain original run/source meaning,docs/current-build.md
tests/baselines/vehicles/classes03/pid.txt,historical evidence,retain original run/source meaning,docs/current-build.md
tests/baselines/vehicles/classes03/process-exit.txt,historical evidence,retain original run/source meaning,docs/current-build.md
tests/baselines/vehicles/classes03/visual-review.txt,historical evidence,retain original run/source meaning,docs/current-build.md
tests/baselines/vehicles/classes04/pid.txt,historical evidence,retain original run/source meaning,docs/current-build.md
tests/baselines/vehicles/classes04/process-exit.txt,historical evidence,retain original run/source meaning,docs/current-build.md
tests/baselines/vehicles/collision01/pid.txt,historical evidence,retain original run/source meaning,docs/current-build.md
tests/baselines/vehicles/collision01/process-exit.txt,historical evidence,retain original run/source meaning,docs/current-build.md
tests/baselines/vehicles/collision02/pid.txt,historical evidence,retain original run/source meaning,docs/current-build.md
tests/baselines/vehicles/collision02/process-exit.txt,historical evidence,retain original run/source meaning,docs/current-build.md
tests/baselines/vehicles/drift-incidents/pid.txt,historical evidence,retain original run/source meaning,docs/current-build.md
tests/baselines/vehicles/drift-incidents/process-exit.txt,historical evidence,retain original run/source meaning,docs/current-build.md
tests/baselines/vehicles/drift-race01/pid.txt,historical evidence,retain original run/source meaning,docs/current-build.md
tests/baselines/vehicles/drift-race01/process-exit.txt,historical evidence,retain original run/source meaning,docs/current-build.md
tests/baselines/vehicles/imported-races01/buggy/pid.txt,historical evidence,retain original run/source meaning,docs/current-build.md
tests/baselines/vehicles/imported-races01/buggy/process-exit.txt,historical evidence,retain original run/source meaning,docs/current-build.md
tests/baselines/vehicles/imported-races01/monster_truck/pid.txt,historical evidence,retain original run/source meaning,docs/current-build.md
tests/baselines/vehicles/imported-races01/monster_truck/process-exit.txt,historical evidence,retain original run/source meaning,docs/current-build.md
tests/baselines/vehicles/imported-races02/monster_truck/pid.txt,historical evidence,retain original run/source meaning,docs/current-build.md
tests/baselines/vehicles/imported-races02/monster_truck/process-exit.txt,historical evidence,retain original run/source meaning,docs/current-build.md
tests/baselines/vehicles/imported-races03/drift_car/pid.txt,historical evidence,retain original run/source meaning,docs/current-build.md
tests/baselines/vehicles/imported-races03/drift_car/process-exit.txt,historical evidence,retain original run/source meaning,docs/current-build.md
tests/baselines/vehicles/imported-races03/monster_truck/pid.txt,historical evidence,retain original run/source meaning,docs/current-build.md
tests/baselines/vehicles/imported-races03/monster_truck/process-exit.txt,historical evidence,retain original run/source meaning,docs/current-build.md
tests/baselines/vehicles/imported-races03/racing_car/pid.txt,historical evidence,retain original run/source meaning,docs/current-build.md
tests/baselines/vehicles/imported-races03/racing_car/process-exit.txt,historical evidence,retain original run/source meaning,docs/current-build.md
tests/baselines/vehicles/imported-races03/speedboat/pid.txt,historical evidence,retain original run/source meaning,docs/current-build.md
tests/baselines/vehicles/imported-races03/speedboat/process-exit.txt,historical evidence,retain original run/source meaning,docs/current-build.md
tests/baselines/vehicles/imported01/pid.txt,historical evidence,retain original run/source meaning,docs/current-build.md
tests/baselines/vehicles/imported01/process-exit.txt,historical evidence,retain original run/source meaning,docs/current-build.md
tests/baselines/vehicles/imported02/pid.txt,historical evidence,retain original run/source meaning,docs/current-build.md
tests/baselines/vehicles/imported02/process-exit.txt,historical evidence,retain original run/source meaning,docs/current-build.md
tests/baselines/vehicles/imported03/pid.txt,historical evidence,retain original run/source meaning,docs/current-build.md
tests/baselines/vehicles/imported03/process-exit.txt,historical evidence,retain original run/source meaning,docs/current-build.md
tests/baselines/vehicles/layout01/pid.txt,historical evidence,retain original run/source meaning,docs/current-build.md
tests/baselines/vehicles/layout01/process-exit.txt,historical evidence,retain original run/source meaning,docs/current-build.md
tests/baselines/vehicles/layout01/visual-review.txt,historical evidence,retain original run/source meaning,docs/current-build.md
tests/baselines/vehicles/navigation01/pid.txt,historical evidence,retain original run/source meaning,docs/current-build.md
tests/baselines/vehicles/navigation01/process-exit.txt,historical evidence,retain original run/source meaning,docs/current-build.md
tests/baselines/vehicles/racer-race01/pid.txt,historical evidence,retain original run/source meaning,docs/current-build.md
tests/baselines/vehicles/racer-race01/process-exit.txt,historical evidence,retain original run/source meaning,docs/current-build.md
tests/baselines/vehicles/racer-race01/visual-review.txt,historical evidence,retain original run/source meaning,docs/current-build.md
tests/baselines/vehicles/records01/pid.txt,historical evidence,retain original run/source meaning,docs/current-build.md
tests/baselines/vehicles/records01/process-exit.txt,historical evidence,retain original run/source meaning,docs/current-build.md
tests/baselines/vehicles/slow-slope01/pid.txt,historical evidence,retain original run/source meaning,docs/current-build.md
tests/baselines/vehicles/slow-slope01/process-exit.txt,historical evidence,retain original run/source meaning,docs/current-build.md
tests/baselines/vehicles/slow-slope02/pid.txt,historical evidence,retain original run/source meaning,docs/current-build.md
tests/baselines/vehicles/slow-slope02/process-exit.txt,historical evidence,retain original run/source meaning,docs/current-build.md
tests/baselines/vehicles/slow-slope03/pid.txt,historical evidence,retain original run/source meaning,docs/current-build.md
tests/baselines/vehicles/slow-slope03/process-exit.txt,historical evidence,retain original run/source meaning,docs/current-build.md
tests/baselines/vehicles/toys-final/buggy/pid.txt,historical evidence,retain original run/source meaning,docs/current-build.md
tests/baselines/vehicles/toys-final/buggy/process-exit.txt,historical evidence,retain original run/source meaning,docs/current-build.md
tests/baselines/vehicles/toys-final/drift_car/pid.txt,historical evidence,retain original run/source meaning,docs/current-build.md
tests/baselines/vehicles/toys-final/drift_car/process-exit.txt,historical evidence,retain original run/source meaning,docs/current-build.md
tests/baselines/vehicles/toys-final/monster_truck/pid.txt,historical evidence,retain original run/source meaning,docs/current-build.md
tests/baselines/vehicles/toys-final/monster_truck/process-exit.txt,historical evidence,retain original run/source meaning,docs/current-build.md
tests/baselines/vehicles/toys-final/racing_car/pid.txt,historical evidence,retain original run/source meaning,docs/current-build.md
tests/baselines/vehicles/toys-final/racing_car/process-exit.txt,historical evidence,retain original run/source meaning,docs/current-build.md
tests/baselines/vehicles/toys-final/speedboat/pid.txt,historical evidence,retain original run/source meaning,docs/current-build.md
tests/baselines/vehicles/toys-final/speedboat/process-exit.txt,historical evidence,retain original run/source meaning,docs/current-build.md
tests/baselines/vehicles/truck-race01/pid.txt,historical evidence,retain original run/source meaning,docs/current-build.md
tests/baselines/vehicles/truck-race01/process-exit.txt,historical evidence,retain original run/source meaning,docs/current-build.md
tests/baselines/vehicles/truck-race01/visual-review.txt,historical evidence,retain original run/source meaning,docs/current-build.md
tests/baselines/victory-celebration/run_1/pid.txt,historical evidence,retain original run/source meaning,docs/current-build.md
tests/evidence/animated-vehicles-2026-10-04-complete/pid.txt,historical evidence,retain original run/source meaning,docs/current-build.md
tests/evidence/animated-vehicles-2026-10-04-complete/process-exit.txt,historical evidence,retain original run/source meaning,docs/current-build.md
tests/evidence/animated-vehicles-2026-10-04-final/pid.txt,historical evidence,retain original run/source meaning,docs/current-build.md
tests/evidence/animated-vehicles-2026-10-04-final/process-exit.txt,historical evidence,retain original run/source meaning,docs/current-build.md
tests/evidence/animated-vehicles-2026-10-04-native/pid.txt,historical evidence,retain original run/source meaning,docs/current-build.md
tests/evidence/animated-vehicles-2026-10-04-native/process-exit.txt,historical evidence,retain original run/source meaning,docs/current-build.md
tests/evidence/animated-vehicles-2026-10-04-native2/pid.txt,historical evidence,retain original run/source meaning,docs/current-build.md
tests/evidence/animated-vehicles-2026-10-04-native2/process-exit.txt,historical evidence,retain original run/source meaning,docs/current-build.md
tests/evidence/animated-vehicles-2026-10-04-native3/pid.txt,historical evidence,retain original run/source meaning,docs/current-build.md
tests/evidence/animated-vehicles-2026-10-04-native3/process-exit.txt,historical evidence,retain original run/source meaning,docs/current-build.md
tests/evidence/animated-vehicles-2026-10-04-run1/pid.txt,historical evidence,retain original run/source meaning,docs/current-build.md
tests/evidence/animated-vehicles-2026-10-04-run1/process-exit.txt,historical evidence,retain original run/source meaning,docs/current-build.md
tests/evidence/animated-vehicles-2026-10-04-run2/pid.txt,historical evidence,retain original run/source meaning,docs/current-build.md
tests/evidence/animated-vehicles-2026-10-04-run2/process-exit.txt,historical evidence,retain original run/source meaning,docs/current-build.md
tests/evidence/animated-vehicles-2026-10-04-run3/pid.txt,historical evidence,retain original run/source meaning,docs/current-build.md
tests/evidence/animated-vehicles-2026-10-04-run3/process-exit.txt,historical evidence,retain original run/source meaning,docs/current-build.md
tests/evidence/animated-vehicles-2026-10-04-shutdown-debug/pid.txt,historical evidence,retain original run/source meaning,docs/current-build.md
tests/evidence/animated-vehicles-2026-10-04-shutdown-debug/process-exit.txt,historical evidence,retain original run/source meaning,docs/current-build.md
tests/evidence/animated-vehicles-2026-10-04-verified/pid.txt,historical evidence,retain original run/source meaning,docs/current-build.md
tests/evidence/animated-vehicles-2026-10-04-verified/process-exit.txt,historical evidence,retain original run/source meaning,docs/current-build.md
tests/evidence/arcade_menu_flow/complete/pid.txt,historical evidence,retain original run/source meaning,docs/current-build.md
tests/evidence/arcade_menu_flow/final/pid.txt,historical evidence,retain original run/source meaning,docs/current-build.md
tests/evidence/arcade_menu_flow/first/pid.txt,historical evidence,retain original run/source meaning,docs/current-build.md
tests/evidence/arcade_menu_flow/verified/pid.txt,historical evidence,retain original run/source meaning,docs/current-build.md
tests/evidence/buggy-manual-20261004-221118/pid.txt,historical evidence,retain original run/source meaning,docs/current-build.md
tests/evidence/buggy-manual-launch-2026-10-04/smoke-pid.txt,historical evidence,retain original run/source meaning,docs/current-build.md
tests/evidence/buggy-wheel-proof-2026-10-04-run1/pid.txt,historical evidence,retain original run/source meaning,docs/current-build.md
tests/evidence/buggy-wheel-proof-2026-10-04-run1/process-exit.txt,historical evidence,retain original run/source meaning,docs/current-build.md
tests/evidence/buggy-wheel-proof-2026-10-04-run2/pid.txt,historical evidence,retain original run/source meaning,docs/current-build.md
tests/evidence/buggy-wheel-proof-2026-10-04-run2/process-exit.txt,historical evidence,retain original run/source meaning,docs/current-build.md
tests/evidence/buggy-wheel-proof-2026-10-04-run3/pid.txt,historical evidence,retain original run/source meaning,docs/current-build.md
tests/evidence/buggy-wheel-proof-2026-10-04-run3/process-exit.txt,historical evidence,retain original run/source meaning,docs/current-build.md
tests/evidence/character-catalog-import-exit.txt,historical evidence,retain original run/source meaning,docs/current-build.md
tests/evidence/character-catalog-import-pid.txt,historical evidence,retain original run/source meaning,docs/current-build.md
tests/evidence/character-roster-colours-01/pid.txt,historical evidence,retain original run/source meaning,docs/current-build.md
tests/evidence/character-roster-colours-01/process-exit.txt,historical evidence,retain original run/source meaning,docs/current-build.md
tests/evidence/character-roster-colours-02/pid.txt,historical evidence,retain original run/source meaning,docs/current-build.md
tests/evidence/character-roster-colours-02/process-exit.txt,historical evidence,retain original run/source meaning,docs/current-build.md
tests/evidence/character-roster-colours-03/pid.txt,historical evidence,retain original run/source meaning,docs/current-build.md
tests/evidence/character-roster-colours-03/process-exit.txt,historical evidence,retain original run/source meaning,docs/current-build.md
tests/evidence/driver_livery_camera/after/pid.txt,historical evidence,retain original run/source meaning,docs/current-build.md
tests/evidence/driver_livery_camera/before/pid.txt,historical evidence,retain original run/source meaning,docs/current-build.md
tests/evidence/driver_livery_camera/camera_modes/pid.txt,historical evidence,retain original run/source meaning,docs/current-build.md
tests/evidence/driver_livery_camera/camera_modes_isolated/pid.txt,historical evidence,retain original run/source meaning,docs/current-build.md
tests/evidence/eight-car-cpu-after/pid.txt,historical evidence,retain original run/source meaning,docs/current-build.md
tests/evidence/eight-car-cpu-after/process-exit.txt,historical evidence,retain original run/source meaning,docs/current-build.md
tests/evidence/eight-car-cpu-after02/pid.txt,historical evidence,retain original run/source meaning,docs/current-build.md
tests/evidence/eight-car-cpu-after02/process-exit.txt,historical evidence,retain original run/source meaning,docs/current-build.md
tests/evidence/eight-car-cpu-after03/pid.txt,historical evidence,retain original run/source meaning,docs/current-build.md
tests/evidence/eight-car-cpu-after03/process-exit.txt,historical evidence,retain original run/source meaning,docs/current-build.md
tests/evidence/eight-car-cpu-after04/pid.txt,historical evidence,retain original run/source meaning,docs/current-build.md
tests/evidence/eight-car-cpu-after04/process-exit.txt,historical evidence,retain original run/source meaning,docs/current-build.md
tests/evidence/eight-car-cpu-before/pid.txt,historical evidence,retain original run/source meaning,docs/current-build.md
tests/evidence/eight-car-cpu-before/process-exit.txt,historical evidence,retain original run/source meaning,docs/current-build.md
tests/evidence/eight-car-cpu-before02/pid.txt,historical evidence,retain original run/source meaning,docs/current-build.md
tests/evidence/eight-car-cpu-before02/process-exit.txt,historical evidence,retain original run/source meaning,docs/current-build.md
tests/evidence/eight-car-interactive-launch-01/pid.txt,historical evidence,retain original run/source meaning,docs/current-build.md
tests/evidence/eight-car-interactive-launch-01/process-exit.txt,historical evidence,retain original run/source meaning,docs/current-build.md
tests/evidence/eight-car-moonlight-01/pid.txt,historical evidence,retain original run/source meaning,docs/current-build.md
tests/evidence/eight-car-moonlight-01/process-exit.txt,historical evidence,retain original run/source meaning,docs/current-build.md
tests/evidence/eight-car-moonlight-02/pid.txt,historical evidence,retain original run/source meaning,docs/current-build.md
tests/evidence/eight-car-moonlight-02/process-exit.txt,historical evidence,retain original run/source meaning,docs/current-build.md
tests/evidence/eight-car-moonlight-tuned-01/pid.txt,historical evidence,retain original run/source meaning,docs/current-build.md
tests/evidence/eight-car-moonlight-tuned-01/process-exit.txt,historical evidence,retain original run/source meaning,docs/current-build.md
tests/evidence/eight-car-projection-parity-01/pid.txt,historical evidence,retain original run/source meaning,docs/current-build.md
tests/evidence/eight-car-projection-parity-01/process-exit.txt,historical evidence,retain original run/source meaning,docs/current-build.md
tests/evidence/eight-car-projection-parity-02/pid.txt,historical evidence,retain original run/source meaning,docs/current-build.md
tests/evidence/eight-car-projection-parity-02/process-exit.txt,historical evidence,retain original run/source meaning,docs/current-build.md
tests/evidence/eight-car-setup-01/pid.txt,historical evidence,retain original run/source meaning,docs/current-build.md
tests/evidence/eight-car-setup-01/process-exit.txt,historical evidence,retain original run/source meaning,docs/current-build.md
tests/evidence/eight-car-setup-02/pid.txt,historical evidence,retain original run/source meaning,docs/current-build.md
tests/evidence/eight-car-setup-02/process-exit.txt,historical evidence,retain original run/source meaning,docs/current-build.md
tests/evidence/eight-car-survey-01/pid.txt,historical evidence,retain original run/source meaning,docs/current-build.md
tests/evidence/eight-car-survey-01/process-exit.txt,historical evidence,retain original run/source meaning,docs/current-build.md
tests/evidence/gamepad-driver-name-01/pid.txt,historical evidence,retain original run/source meaning,docs/current-build.md
tests/evidence/gamepad-driver-name-01/process-exit.txt,historical evidence,retain original run/source meaning,docs/current-build.md
tests/evidence/gamepad-driver-name-02/pid.txt,historical evidence,retain original run/source meaning,docs/current-build.md
tests/evidence/gamepad-driver-name-02/process-exit.txt,historical evidence,retain original run/source meaning,docs/current-build.md
tests/evidence/gamepad-driver-name-03/pid.txt,historical evidence,retain original run/source meaning,docs/current-build.md
tests/evidence/gamepad-driver-name-03/process-exit.txt,historical evidence,retain original run/source meaning,docs/current-build.md
tests/evidence/imported-vehicles-2026-10-04-run1/pid.txt,historical evidence,retain original run/source meaning,docs/current-build.md
tests/evidence/imported-vehicles-2026-10-04-run1/process-exit.txt,historical evidence,retain original run/source meaning,docs/current-build.md
tests/evidence/imported-vehicles-2026-10-04-run2/pid.txt,historical evidence,retain original run/source meaning,docs/current-build.md
tests/evidence/imported-vehicles-2026-10-04-run2/process-exit.txt,historical evidence,retain original run/source meaning,docs/current-build.md
tests/evidence/imported-vehicles-2026-10-04-run3/pid.txt,historical evidence,retain original run/source meaning,docs/current-build.md
tests/evidence/imported-vehicles-2026-10-04-run3/process-exit.txt,historical evidence,retain original run/source meaning,docs/current-build.md
tests/evidence/imported-vehicles-2026-10-04-run4/pid.txt,historical evidence,retain original run/source meaning,docs/current-build.md
tests/evidence/imported-vehicles-2026-10-04-run4/process-exit.txt,historical evidence,retain original run/source meaning,docs/current-build.md
tests/evidence/layered-baselines-20261006/final/pid.txt,historical evidence,retain original run/source meaning,docs/current-build.md
tests/evidence/layered-baselines-20261006/final/process-exit.txt,historical evidence,retain original run/source meaning,docs/current-build.md
tests/evidence/layered-baselines-20261006/final2/pid.txt,historical evidence,retain original run/source meaning,docs/current-build.md
tests/evidence/layered-baselines-20261006/final2/process-exit.txt,historical evidence,retain original run/source meaning,docs/current-build.md
tests/evidence/layered-baselines-20261006/run1/pid.txt,historical evidence,retain original run/source meaning,docs/current-build.md
tests/evidence/layered-baselines-20261006/run1/process-exit.txt,historical evidence,retain original run/source meaning,docs/current-build.md
tests/evidence/layered-baselines-20261006/run2/pid.txt,historical evidence,retain original run/source meaning,docs/current-build.md
tests/evidence/layered-baselines-20261006/run2/process-exit.txt,historical evidence,retain original run/source meaning,docs/current-build.md
tests/evidence/layered-baselines-20261006/run3/pid.txt,historical evidence,retain original run/source meaning,docs/current-build.md
tests/evidence/layered-baselines-20261006/run3/process-exit.txt,historical evidence,retain original run/source meaning,docs/current-build.md
tests/evidence/layered-baselines-20261006/run4/pid.txt,historical evidence,retain original run/source meaning,docs/current-build.md
tests/evidence/layered-baselines-20261006/run4/process-exit.txt,historical evidence,retain original run/source meaning,docs/current-build.md
tests/evidence/layered-baselines-20261006/run5/pid.txt,historical evidence,retain original run/source meaning,docs/current-build.md
tests/evidence/layered-baselines-20261006/run5/process-exit.txt,historical evidence,retain original run/source meaning,docs/current-build.md
tests/evidence/layered-baselines-20261006/run6/pid.txt,historical evidence,retain original run/source meaning,docs/current-build.md
tests/evidence/layered-baselines-20261006/run6/process-exit.txt,historical evidence,retain original run/source meaning,docs/current-build.md
tests/evidence/layered-baselines-20261006/run7/pid.txt,historical evidence,retain original run/source meaning,docs/current-build.md
tests/evidence/layered-baselines-20261006/run7/process-exit.txt,historical evidence,retain original run/source meaning,docs/current-build.md
tests/evidence/layered-baselines-20261006/run8/pid.txt,historical evidence,retain original run/source meaning,docs/current-build.md
tests/evidence/layered-baselines-20261006/run8/process-exit.txt,historical evidence,retain original run/source meaning,docs/current-build.md
tests/evidence/menu-flyover-2026-10-05/pid.txt,historical evidence,retain original run/source meaning,docs/current-build.md
tests/evidence/menu-flyover-2026-10-05/process-exit.txt,historical evidence,retain original run/source meaning,docs/current-build.md
tests/evidence/menu-music-2026-10-04-final/pid.txt,historical evidence,retain original run/source meaning,docs/current-build.md
tests/evidence/menu-music-2026-10-04/pid.txt,historical evidence,retain original run/source meaning,docs/current-build.md
tests/evidence/menu-navigation-2026-10-04-final/pid.txt,historical evidence,retain original run/source meaning,docs/current-build.md
tests/evidence/menu-navigation-2026-10-04-run1/pid.txt,historical evidence,retain original run/source meaning,docs/current-build.md
tests/evidence/menu-navigation-2026-10-04-run2/pid.txt,historical evidence,retain original run/source meaning,docs/current-build.md
tests/evidence/menu-race-music-loop-2026-10-04/pid.txt,historical evidence,retain original run/source meaning,docs/current-build.md
tests/evidence/menu_descriptions/run01/pid.txt,historical evidence,retain original run/source meaning,docs/current-build.md
tests/evidence/menu_descriptions/run01/process-exit.txt,historical evidence,retain original run/source meaning,docs/current-build.md
tests/evidence/menu_vehicle_rotation/README.md,historical evidence,retain original run/source meaning,docs/current-build.md
tests/evidence/menu_vehicle_rotation/run01/pid.txt,historical evidence,retain original run/source meaning,docs/current-build.md
tests/evidence/menu_vehicle_rotation/run01/process-exit.txt,historical evidence,retain original run/source meaning,docs/current-build.md
tests/evidence/menu_vehicle_rotation/run02/pid.txt,historical evidence,retain original run/source meaning,docs/current-build.md
tests/evidence/menu_vehicle_rotation/run02/process-exit.txt,historical evidence,retain original run/source meaning,docs/current-build.md
tests/evidence/menu_vehicle_rotation/run03/pid.txt,historical evidence,retain original run/source meaning,docs/current-build.md
tests/evidence/menu_vehicle_rotation/run03/process-exit.txt,historical evidence,retain original run/source meaning,docs/current-build.md
tests/evidence/real_thing_brand/complete/pid.txt,historical evidence,retain original run/source meaning,docs/current-build.md
tests/evidence/real_thing_brand/first/pid.txt,historical evidence,retain original run/source meaning,docs/current-build.md
tests/evidence/real_thing_brand/path_check/pid.txt,historical evidence,retain original run/source meaning,docs/current-build.md
tests/evidence/real_thing_brand/teardown/pid.txt,historical evidence,retain original run/source meaning,docs/current-build.md
tests/evidence/real_thing_brand/verified/pid.txt,historical evidence,retain original run/source meaning,docs/current-build.md
tests/evidence/vehicle-collision-hard-race/buggy/pid.txt,historical evidence,retain original run/source meaning,docs/current-build.md
tests/evidence/vehicle-collision-hard-race/buggy/process-exit.txt,historical evidence,retain original run/source meaning,docs/current-build.md
tests/evidence/vehicle-collision-profiles-01/pid.txt,historical evidence,retain original run/source meaning,docs/current-build.md
tests/evidence/vehicle-collision-profiles-01/process-exit.txt,historical evidence,retain original run/source meaning,docs/current-build.md
tests/evidence/vehicle-collision-profiles-02/pid.txt,historical evidence,retain original run/source meaning,docs/current-build.md
tests/evidence/vehicle-collision-profiles-02/process-exit.txt,historical evidence,retain original run/source meaning,docs/current-build.md
tests/evidence/vehicle-collision-profiles-03/pid.txt,historical evidence,retain original run/source meaning,docs/current-build.md
tests/evidence/vehicle-collision-profiles-03/process-exit.txt,historical evidence,retain original run/source meaning,docs/current-build.md
tests/evidence/vehicle-collision-profiles-04/pid.txt,historical evidence,retain original run/source meaning,docs/current-build.md
tests/evidence/vehicle-collision-profiles-04/process-exit.txt,historical evidence,retain original run/source meaning,docs/current-build.md
tools/tabletop_reference/README.md,current project documentation,reconciled with current-build authority,docs/current-build.md
tracks/AUTHORING.md,current project documentation,reconciled with current-build authority,docs/current-build.md
tracks/README.md,current project documentation,reconciled with current-build authority,docs/current-build.md
tracks/town_square/CREDITS.md,source attribution,retain original run/source meaning,scoped source notice
